timestamp,house_id,ausgrid_customer_id,pv_voltage,pv_current,pv_power,load_voltage,load_current,load_power,battery_voltage,battery_current,battery_power,battery_soc,local_bus_voltage,local_bus_current,community_bus_voltage,tie_current,tie_power,net_power,surplus_power,deficit_power,battery_charge_power,battery_discharge_power,energy_exchange,curtailed_power,unserved_power
2010-07-01 00:30:00,house_0,1,48.0,0.0,0.0,48.0,64.70833333333333,3.106,48.0,41.666666666666664,2.0,0.2894736842105263,47.447,65.46251607056294,47.7749,23.31021982422492,-1.1059999999999999,-3.106,0.0,3.106,0.0,2.0,-0.5529999999999999,0.0,0.0
2010-07-01 00:30:00,house_1,2,48.0,0.0,0.0,48.0,3.5416666666666665,0.17,48.0,3.5416666666666665,0.17,0.48210526315789476,48.0,3.5416666666666665,47.7749,0.0,0.0,-0.17,0.0,0.17,0.0,0.17,0.0,0.0,0.0
2010-07-01 00:30:00,house_2,3,48.0,0.0,0.0,48.0,112.41666666666667,5.396,48.0,41.666666666666664,2.0,0.2894736842105263,46.302,116.53924236534058,47.7749,73.34456394972139,-3.396,-5.396,0.0,5.396,0.0,2.0,-1.698,0.0,0.0
2010-07-01 01:00:00,house_0,1,48.0,0.0,0.0,48.0,71.45833333333333,3.4299999999999997,48.0,17.708333333333332,0.85,0.2,46.71,73.43181331620637,47.6451,55.2344251766217,-2.5799999999999996,-3.4299999999999997,0.0,3.4299999999999997,0.0,0.85,-1.2899999999999998,0.0,0.0
2010-07-01 01:00:00,house_1,2,48.0,0.0,0.0,48.0,5.916666666666667,0.284,48.0,5.916666666666667,0.284,0.45221052631578945,48.0,5.916666666666667,47.6451,0.0,0.0,-0.284,0.0,0.284,0.0,0.284,0.0,0.0,0.0
2010-07-01 01:00:00,house_2,3,48.0,0.0,0.0,48.0,111.83333333333333,5.368,48.0,17.708333333333332,0.85,0.2,45.741,117.35641984215474,47.6451,98.77352921886275,-4.518000000000001,-5.368,0.0,5.368,0.0,0.85,-2.2590000000000003,0.0,0.0
2010-07-01 01:30:00,house_0,1,48.0,0.0,0.0,48.0,55.791666666666664,2.678,48.0,0.0,0.0,0.2,46.661,57.392683397269664,47.6986,57.392683397269664,-2.678,-2.678,0.0,2.678,0.0,0.0,-1.339,0.0,0.0
2010-07-01 01:30:00,house_1,2,48.0,0.0,0.0,48.0,3.4166666666666665,0.164,48.0,3.4166666666666665,0.164,0.43494736842105264,48.0,3.4166666666666665,47.6986,0.0,0.0,-0.164,0.0,0.164,0.0,0.164,0.0,0.0,0.0
2010-07-01 01:30:00,house_2,3,48.0,0.0,0.0,48.0,69.79166666666667,3.35,48.0,0.0,0.0,0.2,46.325,72.31516459794926,47.6986,72.31516459794926,-3.35,-3.35,0.0,3.35,0.0,0.0,-1.675,0.0,0.0
2010-07-01 02:00:00,house_0,1,48.0,0.0,0.0,48.0,36.041666666666664,1.73,48.0,0.0,0.0,0.2,47.135,36.70308687811605,47.8452,36.70308687811605,-1.73,-1.73,0.0,1.73,0.0,0.0,-0.865,0.0,0.0
2010-07-01 02:00:00,house_1,2,48.0,0.0,0.0,48.0,4.958333333333333,0.238,48.0,4.958333333333333,0.238,0.4098947368421053,48.0,4.958333333333333,47.8452,0.0,0.0,-0.238,0.0,0.238,0.0,0.238,0.0,0.0,0.0
2010-07-01 02:00:00,house_2,3,48.0,0.0,0.0,48.0,28.458333333333332,1.366,48.0,0.0,0.0,0.2,47.317,28.86911680791259,47.8452,28.86911680791259,-1.366,-1.366,0.0,1.366,0.0,0.0,-0.683,0.0,0.0
2010-07-01 02:30:00,house_0,1,48.0,0.0,0.0,48.0,15.833333333333334,0.76,48.0,0.0,0.0,0.2,47.62,15.959680806383874,47.8926,15.959680806383874,-0.76,-0.76,0.0,0.76,0.0,0.0,-0.38,0.0,0.0
2010-07-01 02:30:00,house_1,2,48.0,0.0,0.0,48.0,4.375,0.21,48.0,4.375,0.21,0.3877894736842106,48.0,4.375,47.8926,0.0,0.0,-0.21,0.0,0.21,0.0,0.21,0.0,0.0,0.0
2010-07-01 02:30:00,house_2,3,48.0,0.0,0.0,48.0,28.916666666666668,1.388,48.0,0.0,0.0,0.2,47.306,29.34088699107936,47.8926,29.34088699107936,-1.388,-1.388,0.0,1.388,0.0,0.0,-0.694,0.0,0.0
2010-07-01 03:00:00,house_0,1,48.0,0.0,0.0,48.0,55.375,2.658,48.0,0.0,0.0,0.2,46.671,56.95185447065629,47.7966,56.95185447065629,-2.658,-2.658,0.0,2.658,0.0,0.0,-1.329,0.0,0.0
2010-07-01 03:00:00,house_1,2,48.0,0.0,0.0,48.0,3.6666666666666665,0.176,48.0,3.6666666666666665,0.176,0.36926315789473685,48.0,3.6666666666666665,47.7966,0.0,0.0,-0.176,0.0,0.176,0.0,0.176,0.0,0.0,0.0
2010-07-01 03:00:00,house_2,3,48.0,0.0,0.0,48.0,29.375,1.41,48.0,0.0,0.0,0.2,47.295,29.812876625436093,47.7966,29.812876625436093,-1.41,-1.41,0.0,1.41,0.0,0.0,-0.705,0.0,0.0
2010-07-01 03:30:00,house_0,1,48.0,0.0,0.0,48.0,7.958333333333333,0.382,48.0,0.0,0.0,0.2,47.809,7.990127381873706,47.9035,7.990127381873706,-0.382,-0.382,0.0,0.382,0.0,0.0,-0.191,0.0,0.0
2010-07-01 03:30:00,house_1,2,48.0,0.0,0.0,48.0,5.791666666666667,0.278,48.0,5.791666666666667,0.278,0.33999999999999997,48.0,5.791666666666667,47.9035,0.0,0.0,-0.278,0.0,0.278,0.0,0.278,0.0,0.0,0.0
2010-07-01 03:30:00,house_2,3,48.0,0.0,0.0,48.0,32.25,1.548,48.0,0.0,0.0,0.2,47.226,32.77855418625334,47.9035,32.77855418625334,-1.548,-1.548,0.0,1.548,0.0,0.0,-0.774,0.0,0.0
2010-07-01 04:00:00,house_0,1,48.0,0.0,0.0,48.0,4.083333333333333,0.196,48.0,0.0,0.0,0.2,47.902,4.091687194689157,47.8111,4.091687194689157,-0.196,-0.196,0.0,0.196,0.0,0.0,-0.098,0.0,0.0
2010-07-01 04:00:00,house_1,2,48.0,0.0,0.0,48.0,2.375,0.114,48.0,2.375,0.114,0.32799999999999996,48.0,2.375,47.8111,0.0,0.0,-0.114,0.0,0.114,0.0,0.114,0.0,0.0,0.0
2010-07-01 04:00:00,house_2,3,48.0,0.0,0.0,48.0,74.625,3.582,48.0,0.0,0.0,0.2,46.209,77.51736674673764,47.8111,77.51736674673764,-3.582,-3.582,0.0,3.582,0.0,0.0,-1.791,0.0,0.0
2010-07-01 04:30:00,house_0,1,48.0,0.0,0.0,48.0,4.333333333333333,0.208,48.0,0.0,0.0,0.2,47.896,4.3427426089861365,47.9202,4.3427426089861365,-0.208,-0.208,0.0,0.208,0.0,0.0,-0.104,0.0,0.0
2010-07-01 04:30:00,house_1,2,48.0,0.0,0.0,48.0,5.791666666666667,0.278,48.0,5.791666666666667,0.278,0.2987368421052631,48.0,5.791666666666667,47.9202,0.0,0.0,-0.278,0.0,0.278,0.0,0.278,0.0,0.0,0.0
2010-07-01 04:30:00,house_2,3,48.0,0.0,0.0,48.0,28.916666666666668,1.388,48.0,0.0,0.0,0.2,47.306,29.34088699107936,47.9202,29.34088699107936,-1.388,-1.388,0.0,1.388,0.0,0.0,-0.694,0.0,0.0
2010-07-01 05:00:00,house_0,1,48.0,0.0,0.0,48.0,51.583333333333336,2.476,48.0,0.0,0.0,0.2,46.762,52.948975664000685,47.8052,52.948975664000685,-2.476,-2.476,0.0,2.476,0.0,0.0,-1.238,0.0,0.0
2010-07-01 05:00:00,house_1,2,48.0,0.0,0.0,48.0,3.7083333333333335,0.178,48.0,3.7083333333333335,0.178,0.2799999999999999,48.0,3.7083333333333335,47.8052,0.0,0.0,-0.178,0.0,0.178,0.0,0.178,0.0,0.0,0.0
2010-07-01 05:00:00,house_2,3,48.0,0.0,0.0,48.0,29.583333333333332,1.42,48.0,0.0,0.0,0.2,47.29,30.02748995559315,47.8052,30.02748995559315,-1.42,-1.42,0.0,1.42,0.0,0.0,-0.71,0.0,0.0
2010-07-01 05:30:00,house_0,1,48.0,0.0,0.0,48.0,10.291666666666666,0.494,48.0,0.0,0.0,0.2,47.753,10.3448997968714,47.8935,10.3448997968714,-0.494,-0.494,0.0,0.494,0.0,0.0,-0.247,0.0,0.0
2010-07-01 05:30:00,house_1,2,48.0,0.0,0.0,48.0,4.083333333333333,0.196,48.0,4.083333333333333,0.196,0.25936842105263147,48.0,4.083333333333333,47.8935,0.0,0.0,-0.196,0.0,0.196,0.0,0.196,0.0,0.0,0.0
2010-07-01 05:30:00,house_2,3,48.0,0.0,0.0,48.0,34.083333333333336,1.636,48.0,0.0,0.0,0.2,47.182,34.67424017633843,47.8935,34.67424017633843,-1.636,-1.636,0.0,1.636,0.0,0.0,-0.818,0.0,0.0
2010-07-01 06:00:00,house_0,1,48.0,0.0,0.0,48.0,4.916666666666667,0.236,48.0,0.0,0.0,0.2,47.882,4.92878325884466,47.9043,4.92878325884466,-0.236,-0.236,0.0,0.236,0.0,0.0,-0.118,0.0,0.0
2010-07-01 06:00:00,house_1,2,48.0,0.0,0.0,48.0,4.833333333333333,0.232,48.0,4.833333333333333,0.232,0.23494736842105252,48.0,4.833333333333333,47.9043,0.0,0.0,-0.232,0.0,0.232,0.0,0.232,0.0,0.0,0.0
2010-07-01 06:00:00,house_2,3,48.0,0.0,0.0,48.0,34.958333333333336,1.678,48.0,0.0,0.0,0.2,47.161,35.58024639002566,47.9043,35.58024639002566,-1.678,-1.678,0.0,1.678,0.0,0.0,-0.839,0.0,0.0
2010-07-01 06:30:00,house_0,1,48.0,0.0,0.0,48.0,4.5,0.216,48.0,0.0,0.0,0.2,47.892,4.510147832623402,47.7813,4.510147832623402,-0.216,-0.216,0.0,0.216,0.0,0.0,-0.108,0.0,0.0
2010-07-01 06:30:00,house_1,2,48.0,0.0,0.0,48.0,58.5,2.808,48.0,6.916666666666642,0.3319999999999988,0.2,46.762,60.04875753817202,47.7813,52.948975664000706,-2.476000000000001,-2.808,0.0,2.808,0.0,0.3319999999999988,-1.2380000000000004,0.0,0.0
2010-07-01 06:30:00,house_2,3,48.0,0.0,0.0,48.0,35.041666666666664,1.682,48.0,0.0,0.0,0.2,47.159,35.666574778939335,47.7813,35.666574778939335,-1.682,-1.682,0.0,1.682,0.0,0.0,-0.841,0.0,0.0
2010-07-01 07:00:00,house_0,1,48.0,0.0,0.0,48.0,15.083333333333334,0.724,48.0,0.0,0.0,0.2,47.638,15.197951215416264,47.8655,15.197951215416264,-0.724,-0.724,0.0,0.724,0.0,0.0,-0.362,0.0,0.0
2010-07-01 07:00:00,house_1,2,48.0,0.0,0.0,48.0,9.333333333333334,0.448,48.0,0.0,0.0,0.2,47.776,9.377093101138646,47.8655,9.377093101138646,-0.448,-0.448,0.0,0.448,0.0,0.0,-0.224,0.0,0.0
2010-07-01 07:00:00,house_2,3,48.0,0.0,0.0,48.0,31.625,1.518,48.0,0.0,0.0,0.2,47.241,32.13310471835905,47.8655,32.13310471835905,-1.518,-1.518,0.0,1.518,0.0,0.0,-0.759,0.0,0.0
2010-07-01 07:30:00,house_0,1,48.0,0.19841269841269846,0.009523809523809525,48.0,33.208333333333336,1.594,48.0,0.0,0.0,0.2,47.2077619047619,33.76563377894878,47.67157619047619,33.56389132941214,-1.5844761904761906,-1.5844761904761906,0.0,1.5844761904761906,0.0,0.0,-0.7922380952380953,0.0,0.0
2010-07-01 07:30:00,house_1,2,48.0,0.0,0.0,48.0,69.0,3.312,48.0,0.0,0.0,0.2,46.344,71.46556188503367,47.67157619047619,71.46556188503367,-3.312,-3.312,0.0,3.312,0.0,0.0,-1.656,0.0,0.0
2010-07-01 07:30:00,house_2,3,48.0,0.0,0.0,48.0,34.833333333333336,1.672,48.0,0.0,0.0,0.2,47.164,35.450767534560256,47.67157619047619,35.450767534560256,-1.672,-1.672,0.0,1.672,0.0,0.0,-0.836,0.0,0.0
2010-07-01 08:00:00,house_0,1,48.0,0.6283068783068783,0.03015873015873016,48.0,34.666666666666664,1.664,48.0,0.0,0.0,0.2,47.183079365079365,35.26688004241499,47.80874867724868,34.627694754710966,-1.6338412698412699,-1.6338412698412699,0.0,1.6338412698412699,0.0,0.0,-0.8169206349206349,0.0,0.0
2010-07-01 08:00:00,house_1,2,48.0,2.391975308641975,0.1148148148148148,48.0,16.291666666666668,0.782,48.0,0.0,0.0,0.2,47.666407407407405,16.405683636196933,47.80874867724868,13.996968126477768,-0.6671851851851852,-0.6671851851851852,0.0,0.6671851851851852,0.0,0.0,-0.3335925925925926,0.0,0.0
2010-07-01 08:00:00,house_2,3,48.0,3.1250000000000004,0.15000000000000002,48.0,34.875,1.674,48.0,0.0,0.0,0.2,47.238,35.437571446716625,47.80874867724868,32.26216181887464,-1.524,-1.524,0.0,1.524,0.0,0.0,-0.762,0.0,0.0
2010-07-01 08:30:00,house_0,1,48.0,1.8518518518518519,0.08888888888888889,48.0,11.666666666666666,0.56,48.0,0.0,0.0,0.2,47.76444444444444,11.724202102912441,47.75631111111111,9.863217642132689,-0.47111111111111115,-0.47111111111111115,0.0,0.47111111111111115,0.0,0.0,-0.23555555555555557,0.0,0.0
2010-07-01 08:30:00,house_1,2,48.0,4.861111111111112,0.23333333333333334,48.0,68.25,3.276,48.0,0.0,0.0,0.2,46.47866666666667,70.4839496256347,47.75631111111111,65.46372529332453,-3.0426666666666664,-3.0426666666666664,0.0,3.0426666666666664,0.0,0.0,-1.5213333333333332,0.0,0.0
2010-07-01 08:30:00,house_2,3,48.0,2.3749999999999996,0.11399999999999999,48.0,30.708333333333332,1.474,48.0,0.0,0.0,0.2,47.32,31.14961961115807,47.75631111111111,28.740490278951814,-1.3599999999999999,-1.3599999999999999,0.0,1.3599999999999999,0.0,0.0,-0.6799999999999999,0.0,0.0
2010-07-01 09:00:00,house_0,1,48.0,1.8518518518518519,0.08888888888888889,48.0,13.666666666666666,0.656,48.0,0.0,0.0,0.2,47.71644444444444,13.747881000726515,47.78138148148148,11.88502449656303,-0.5671111111111111,-0.5671111111111111,0.0,0.5671111111111111,0.0,0.0,-0.28355555555555556,0.0,0.0
2010-07-01 09:00:00,house_1,2,48.0,9.182098765432096,0.44074074074074066,48.0,64.875,3.114,48.0,0.0,0.0,0.2,46.66337037037037,66.73328512887021,47.78138148148148,57.28817352971757,-2.6732592592592592,-2.6732592592592592,0.0,2.6732592592592592,0.0,0.0,-1.3366296296296296,0.0,0.0
2010-07-01 09:00:00,house_2,3,48.0,7.0,0.336,48.0,30.583333333333332,1.468,48.0,0.0,0.0,0.2,47.434,30.948264957625334,47.78138148148148,23.86473837331872,-1.132,-1.132,0.0,1.132,0.0,0.0,-0.566,0.0,0.0
2010-07-01 09:30:00,house_0,1,48.0,6.613756613756615,0.3174603174603175,48.0,14.916666666666666,0.716,48.0,0.0,0.0,0.2,47.80073015873016,14.978850691661082,47.95017171957672,8.337522904279204,-0.39853968253968247,-0.39853968253968247,0.0,0.39853968253968247,0.0,0.0,-0.19926984126984124,0.0,0.0
2010-07-01 09:30:00,house_1,2,48.0,32.79320987654321,1.574074074074074,48.0,24.125,1.158,48.0,-8.668750000000001,-0.4161,0.2395295,47.99998703703704,32.7937588563392,47.95017171957672,0.0005401236026580627,-2.592592592598475e-05,0.41607407407407404,0.41607407407407404,0.0,0.4161,0.0,-1.2962962962992375e-05,0.0,0.0
2010-07-01 09:30:00,house_2,3,48.0,13.25,0.636,48.0,25.708333333333332,1.234,48.0,0.0,0.0,0.2,47.701,25.869478627282447,47.95017171957672,12.536424812897003,-0.598,-0.598,0.0,0.598,0.0,0.0,-0.299,0.0,0.0
2010-07-01 10:00:00,house_0,1,48.0,15.07936507936508,0.7238095238095239,48.0,8.666666666666666,0.416,48.0,-6.4125000000000005,-0.3078,0.229241,48.00000476190476,15.079363583396471,47.984699920634924,0.0001984126787308616,9.523809523903637e-06,0.3078095238095239,0.3078095238095239,0.0,0.3078,0.0,4.7619047619518184e-06,0.0,0.0
2010-07-01 10:00:00,house_1,2,48.0,35.18518518518519,1.688888888888889,48.0,8.75,0.42,48.0,-26.435416666666665,-1.2689,0.36007500000000003,47.99999444444445,35.18542073905332,47.984699920634924,0.00023148150826558732,-1.1111111110739813e-05,1.2688888888888892,1.2688888888888892,0.0,1.2689,0.0,-5.5555555553699065e-06,0.0,0.0
2010-07-01 10:00:00,house_2,3,48.0,15.625,0.75,48.0,22.0,1.056,48.0,0.0,0.0,0.2,47.847,22.07034923819675,47.984699920634924,6.395385290613833,-0.30600000000000005,-0.30600000000000005,0.0,0.30600000000000005,0.0,0.0,-0.15300000000000002,0.0,0.0
2010-07-01 10:30:00,house_0,1,48.0,23.57804232804233,1.1317460317460317,48.0,25.583333333333332,1.228,48.0,2.00625,0.0963,0.21910415789473683,48.00002301587302,25.58428006044772,48.00000156084656,0.0009589942491593428,4.603174603173832e-05,-0.09625396825396826,0.0,0.09625396825396826,0.0,0.0963,2.301587301586916e-05,0.0,0.0
2010-07-01 10:30:00,house_1,2,48.0,43.44135802469136,2.085185185185185,48.0,18.0,0.864,48.0,-25.441666666666666,-1.2212,0.476089,47.99999259259259,43.44167337062861,48.00000156084656,0.00030864202294060577,-1.481481481491187e-05,1.2211851851851852,1.2211851851851852,0.0,1.2212,0.0,-7.407407407455935e-06,0.0,0.0
2010-07-01 10:30:00,house_2,3,48.0,39.125,1.8780000000000001,48.0,18.416666666666668,0.884,48.0,-20.708333333333332,-0.994,0.29442999999999997,48.0,39.125,48.00000156084656,2.3129646346357427e-15,1.1102230246251565e-16,0.9940000000000001,0.9940000000000001,0.0,0.994,0.0,5.551115123125783e-17,0.0,0.0
2010-07-01 11:00:00,house_0,1,48.0,21.097883597883598,1.0126984126984127,48.0,35.208333333333336,1.69,48.0,3.781031249999996,0.1814894999999998,0.2,47.752093956349206,35.39111816844829,47.97520976600529,10.383043888186675,-0.4958120873015875,-0.6773015873015873,0.0,0.6773015873015873,0.0,0.1814894999999998,-0.24790604365079374,0.0,0.0
2010-07-01 11:00:00,house_1,2,48.0,43.90432098765432,2.107407407407407,48.0,25.25,1.212,48.0,-18.654166666666665,-0.8954,0.561152,48.000003703703705,43.90431759997549,47.97520976600529,0.00015432097574322336,7.40740740723389e-06,0.8954074074074072,0.8954074074074072,0.0,0.8954,0.0,3.703703703616945e-06,0.0,0.0
2010-07-01 11:00:00,house_2,3,48.0,39.87500000000001,1.9140000000000001,48.0,17.458333333333332,0.838,48.0,-22.416666666666668,-1.076,0.39664999999999995,48.0,39.87500000000001,47.97520976600529,0.0,0.0,1.076,1.076,0.0,1.076,0.0,0.0,0.0,0.0
2010-07-01 11:30:00,house_0,1,48.0,22.123015873015873,1.061904761904762,48.0,56.166666666666664,2.696,48.0,0.0,0.0,0.2,47.18295238095238,57.139281540346495,47.91829634920635,34.63317057613626,-1.6340952380952383,-1.6340952380952383,0.0,1.6340952380952383,0.0,0.0,-0.8170476190476191,0.0,0.0
2010-07-01 11:30:00,house_1,2,48.0,46.2962962962963,2.2222222222222223,48.0,8.291666666666666,0.398,48.0,-38.00416666666667,-1.8242,0.734451,48.000011111111114,46.296285579563516,47.91829634920635,0.0004629628557940422,2.222222222214576e-05,1.8242222222222222,1.8242222222222222,0.0,1.8242,0.0,1.111111111107288e-05,0.0,0.0
2010-07-01 11:30:00,house_2,3,48.0,44.5,2.136,48.0,16.75,0.804,48.0,-27.75,-1.332,0.52319,48.0,44.5,47.91829634920635,0.0,0.0,1.332,1.332,0.0,1.332,0.0,0.0,0.0,0.0
2010-07-01 12:00:00,house_0,1,48.0,24.40476190476191,1.1714285714285715,48.0,66.66666666666667,3.2,48.0,0.0,0.0,0.2,46.98571428571429,68.10580723624201,47.89857142857143,43.17421708726056,-2.0285714285714285,-2.0285714285714285,0.0,2.0285714285714285,0.0,0.0,-1.0142857142857142,0.0,0.0
2010-07-01 12:00:00,house_1,2,48.0,45.83333333333332,2.1999999999999997,48.0,14.583333333333334,0.7,48.0,-31.25,-1.5,0.876951,48.0,45.833333333333336,47.89857142857143,4.625929269271485e-15,-2.220446049250313e-16,1.4999999999999998,1.4999999999999998,0.0,1.5,0.0,-1.1102230246251565e-16,0.0,0.0
2010-07-01 12:00:00,house_2,3,48.0,43.74999999999999,2.0999999999999996,48.0,17.041666666666668,0.818,48.0,-26.708333333333332,-1.282,0.6449800000000001,48.0,43.75,47.89857142857143,9.25185853854297e-15,-4.440892098500626e-16,1.2819999999999996,1.2819999999999996,0.0,1.282,0.0,-2.220446049250313e-16,0.0,0.0
2010-07-01 12:30:00,house_0,1,48.0,34.72222222222222,1.6666666666666667,48.0,78.70833333333333,3.778,48.0,0.0,0.0,0.2,46.94433333333333,80.47829699005206,47.963784814814815,44.97525437930031,-2.1113333333333335,-2.1113333333333335,0.0,2.1113333333333335,0.0,0.0,-1.0556666666666668,0.0,0.0
2010-07-01 12:30:00,house_1,2,48.0,44.36728395061727,2.1296296296296293,48.0,10.416666666666666,0.5,48.0,-5.054166666666667,-0.2426,0.8999980000000001,48.69351481481481,43.73538525055697,47.963784814814815,28.48489444445754,1.3870296296296294,1.6296296296296293,1.6296296296296293,0.0,0.2426,0.0,0.6935148148148147,0.0,0.0
2010-07-01 12:30:00,house_2,3,48.0,43.0,2.064,48.0,24.208333333333332,1.162,48.0,-18.791666666666668,-0.902,0.7306700000000002,48.0,43.0,47.963784814814815,2.3129646346357427e-15,1.1102230246251565e-16,0.9020000000000001,0.9020000000000001,0.0,0.902,0.0,5.551115123125783e-17,0.0,0.0
2010-07-01 13:00:00,house_0,1,48.0,37.20238095238095,1.7857142857142856,48.0,61.333333333333336,2.944,48.0,0.0,0.0,0.2,47.420857142857145,62.08238689425388,48.026048677248674,24.425659595235373,-1.1582857142857144,-1.1582857142857144,0.0,1.1582857142857144,0.0,0.0,-0.5791428571428572,0.0,0.0
2010-07-01 13:00:00,house_1,2,48.0,42.901234567901234,2.0592592592592593,48.0,7.916666666666667,0.38,48.0,0.0,0.0,0.8999980000000001,48.83962962962963,42.16369523838413,48.026048677248674,34.38312845518591,1.6792592592592595,1.6792592592592595,1.6792592592592595,0.0,0.0,0.0,0.8396296296296297,0.0,0.0
2010-07-01 13:00:00,house_2,3,48.0,41.37500000000001,1.9860000000000002,48.0,16.333333333333332,0.784,48.0,-25.041666666666668,-1.202,0.8448600000000002,48.0,41.37500000000001,48.026048677248674,4.625929269271485e-15,2.220446049250313e-16,1.2020000000000002,1.2020000000000002,0.0,1.202,0.0,1.1102230246251565e-16,0.0,0.0
2010-07-01 13:30:00,house_0,1,48.0,39.054232804232804,1.8746031746031746,48.0,50.291666666666664,2.414,48.0,0.0,0.0,0.2,47.73030158730159,50.57583798385705,48.07142126984127,11.30093059249241,-0.5393968253968255,-0.5393968253968255,0.0,0.5393968253968255,0.0,0.0,-0.26969841269841277,0.0,0.0
2010-07-01 13:30:00,house_1,2,48.0,40.04629629629629,1.922222222222222,48.0,7.166666666666667,0.344,48.0,0.0,0.0,0.8999980000000001,48.78911111111111,39.39859076023338,48.07142126984127,32.34783717678353,1.5782222222222222,1.5782222222222222,1.5782222222222222,0.0,0.0,0.0,0.7891111111111111,0.0,0.0
2010-07-01 13:30:00,house_2,3,48.0,37.49999999999999,1.7999999999999998,48.0,17.291666666666668,0.83,48.0,-12.091666666666667,-0.5804,0.8999980000000003,48.1948,37.34842763119672,48.07142126984127,8.08385966950791,0.38959999999999984,0.9699999999999999,0.9699999999999999,0.0,0.5804,0.0,0.19479999999999992,0.0,0.0
2010-07-01 14:00:00,house_0,1,48.0,38.02910052910053,1.8253968253968256,48.0,18.416666666666668,0.884,48.0,-19.6125,-0.9414,0.289433,47.99999841269841,38.02916792424497,48.079773915343914,6.613756832145367e-05,-3.1746031744495085e-06,0.9413968253968256,0.9413968253968256,0.0,0.9414,0.0,-1.5873015872247542e-06,0.0,0.0
2010-07-01 14:00:00,house_1,2,48.0,30.864197530864192,1.4814814814814814,48.0,7.916666666666667,0.38,48.0,0.0,0.0,0.8999980000000001,48.55074074074074,30.51408606497974,48.079773915343914,22.687222989312442,1.1014814814814815,1.1014814814814815,1.1014814814814815,0.0,0.0,0.0,0.5507407407407408,0.0,0.0
2010-07-01 14:00:00,house_2,3,48.0,28.125,1.35,48.0,17.833333333333332,0.856,48.0,0.0,0.0,0.8999980000000003,48.247,27.981014363587374,48.079773915343914,10.238978589342345,0.4940000000000001,0.4940000000000001,0.4940000000000001,0.0,0.0,0.0,0.24700000000000005,0.0,0.0
2010-07-01 14:30:00,house_0,1,48.0,34.09391534391534,1.6365079365079365,48.0,44.5,2.136,48.0,10.40625,0.4995,0.23685405263157894,48.00000396825397,44.50016166499986,48.026299470899474,0.00016534390167123378,7.936507936345816e-06,-0.49949206349206365,0.0,0.49949206349206365,0.0,0.4995,3.968253968172908e-06,0.0,0.0
2010-07-01 14:30:00,house_1,2,48.0,30.864197530864192,1.4814814814814814,48.0,34.16666666666667,1.6400000000000001,48.0,3.3020833333333335,0.1585,0.8833137894736842,47.99999074074074,34.166673257460126,48.026299470899474,0.0003858025435618516,-1.8518518518723104e-05,-0.15851851851851873,0.0,0.15851851851851873,0.0,0.1585,-9.259259259361552e-06,0.0,0.0
2010-07-01 14:30:00,house_2,3,48.0,28.125,1.35,48.0,17.166666666666668,0.824,48.0,0.0,0.0,0.8999980000000003,48.263,27.971738184530594,48.026299470899474,10.898617988935626,0.5260000000000001,0.5260000000000001,0.5260000000000001,0.0,0.0,0.0,0.26300000000000007,0.0,0.0
2010-07-01 15:00:00,house_0,1,48.0,21.924603174603178,1.0523809523809524,48.0,77.04166666666667,3.698,48.0,7.29375,0.3501,0.20000142105263158,46.852240476190474,78.92898957263873,47.79052034391535,48.994861809983064,-2.2955190476190475,-2.6456190476190473,0.0,2.6456190476190473,0.0,0.3501,-1.1477595238095237,0.0,0.0
2010-07-01 15:00:00,house_1,2,48.0,19.290123456790123,0.9259259259259258,48.0,102.41666666666667,4.916,48.0,41.666666666666664,2.0,0.6727874736842105,47.00496296296296,104.58470106387504,47.79052034391535,42.33753094629883,-1.9900740740740748,-3.9900740740740748,0.0,3.9900740740740748,0.0,2.0,-0.9950370370370374,0.0,0.0
2010-07-01 15:00:00,house_2,3,48.0,17.999999999999996,0.8639999999999999,48.0,16.0,0.768,48.0,0.0,0.0,0.8999980000000003,48.048,17.98201798201798,47.79052034391535,1.998001998001995,0.09599999999999986,0.09599999999999986,0.09599999999999986,0.0,0.0,0.0,0.04799999999999993,0.0,0.0
2010-07-01 15:30:00,house_0,1,48.0,4.96031746031746,0.23809523809523808,48.0,76.91666666666667,3.692,48.0,0.0,0.0,0.20000142105263158,46.27304761904762,79.78726688579385,47.82730402116402,74.64182584946086,-3.453904761904762,-3.453904761904762,0.0,3.453904761904762,0.0,0.0,-1.726952380952381,0.0,0.0
2010-07-01 15:30:00,house_1,2,48.0,10.108024691358024,0.48518518518518516,48.0,4.791666666666667,0.23,48.0,-5.316666666666666,-0.2552,0.6970314736842106,47.99999259259259,10.108334893261558,47.82730402116402,0.0003086420229382928,-1.4814814814800847e-05,0.2551851851851852,0.2551851851851852,0.0,0.2552,0.0,-7.407407407400424e-06,0.0,0.0
2010-07-01 15:30:00,house_2,3,48.0,8.625000000000002,0.41400000000000003,48.0,16.416666666666668,0.788,48.0,7.791666666666667,0.374,0.8606295789473688,48.0,16.416666666666668,47.82730402116402,0.0,0.0,-0.374,0.0,0.374,0.0,0.374,0.0,0.0,0.0
2010-07-01 16:00:00,house_0,1,48.0,2.9100529100529102,0.13968253968253969,48.0,75.83333333333333,3.64,48.0,0.0,0.0,0.20000142105263158,46.24984126984127,78.7029728115755,47.82498616402116,75.68279942616707,-3.5003174603174605,-3.5003174603174605,0.0,3.5003174603174605,0.0,0.0,-1.7501587301587302,0.0,0.0
2010-07-01 16:00:00,house_1,2,48.0,9.182098765432096,0.44074074074074066,48.0,8.75,0.42,48.0,-0.43124999999999997,-0.0207,0.6989979736842106,48.00002037037037,9.182094868709736,47.82498616402116,0.0008487650718960882,4.0740740740671105e-05,0.02074074074074067,0.02074074074074067,0.0,0.0207,0.0,2.0370370370335553e-05,0.0,0.0
2010-07-01 16:00:00,house_2,3,48.0,2.3749999999999996,0.11399999999999999,48.0,18.041666666666668,0.866,48.0,15.666666666666666,0.752,0.7814716842105267,48.0,18.041666666666668,47.82498616402116,0.0,0.0,-0.752,0.0,0.752,0.0,0.752,0.0,0.0,0.0
2010-07-01 16:30:00,house_0,1,48.0,1.0251322751322751,0.04920634920634921,48.0,81.70833333333333,3.922,48.0,0.0,0.0,0.20000142105263158,46.06360317460317,85.14314403790205,47.806362724867725,84.07491780688332,-3.872793650793651,-3.872793650793651,0.0,3.872793650793651,0.0,0.0,-1.9363968253968256,0.0,0.0
2010-07-01 16:30:00,house_1,2,48.0,1.0030864197530862,0.04814814814814814,48.0,4.166666666666667,0.2,48.0,3.1645833333333333,0.1519,0.6830085000000001,48.00002407407408,4.167667662821001,47.806362724867725,0.0010030859166617885,4.814814814813051e-05,-0.15185185185185188,0.0,0.15185185185185188,0.0,0.1519,2.4074074074065255e-05,0.0,0.0
2010-07-01 16:30:00,house_2,3,48.0,1.625,0.078,48.0,21.041666666666668,1.01,48.0,19.416666666666668,0.932,0.683366421052632,48.0,21.041666666666668,47.806362724867725,0.0,0.0,-0.932,0.0,0.932,0.0,0.932,0.0,0.0,0.0
2010-07-01 17:00:00,house_0,1,48.0,0.0,0.0,48.0,66.16666666666667,3.176,48.0,0.0,0.0,0.20000142105263158,46.412,68.43057829871584,47.8412,68.43057829871584,-3.176,-3.176,0.0,3.176,0.0,0.0,-1.588,0.0,0.0
2010-07-01 17:00:00,house_1,2,48.0,0.0,0.0,48.0,7.166666666666667,0.344,48.0,7.166666666666667,0.344,0.6467979736842107,48.0,7.166666666666667,47.8412,0.0,0.0,-0.344,0.0,0.344,0.0,0.344,0.0,0.0,0.0
2010-07-01 17:00:00,house_2,3,48.0,0.0,0.0,48.0,21.833333333333332,1.048,48.0,21.833333333333332,1.048,0.5730506315789478,48.0,21.833333333333332,47.8412,0.0,0.0,-1.048,0.0,1.048,0.0,1.048,0.0,0.0,0.0
2010-07-01 17:30:00,house_0,1,48.0,0.0,0.0,48.0,72.75,3.492,48.0,0.0,0.0,0.20000142105263158,46.254,75.49617330393048,47.8254,75.49617330393048,-3.492,-3.492,0.0,3.492,0.0,0.0,-1.746,0.0,0.0
2010-07-01 17:30:00,house_1,2,48.0,0.0,0.0,48.0,3.2916666666666665,0.158,48.0,3.2916666666666665,0.158,0.6301663947368421,48.0,3.2916666666666665,47.8254,0.0,0.0,-0.158,0.0,0.158,0.0,0.158,0.0,0.0,0.0
2010-07-01 17:30:00,house_2,3,48.0,0.0,0.0,48.0,20.25,0.972,48.0,20.25,0.972,0.4707348421052635,48.0,20.25,47.8254,0.0,0.0,-0.972,0.0,0.972,0.0,0.972,0.0,0.0,0.0
2010-07-01 18:00:00,house_0,1,48.0,0.0,0.0,48.0,37.916666666666664,1.82,48.0,0.0,0.0,0.20000142105263158,47.09,38.64939477596092,47.89520111111111,38.64939477596092,-1.82,-1.82,0.0,1.82,0.0,0.0,-0.91,0.0,0.0
2010-07-01 18:00:00,house_1,2,48.0,0.46296296296296285,0.02222222222222222,48.0,16.166666666666668,0.776,48.0,15.704166666666667,0.7538,0.5508190263157895,48.000011111111114,16.167125887239376,47.89520111111111,0.0004629628557963552,2.2222222222256782e-05,-0.7537777777777778,0.0,0.7537777777777778,0.0,0.7538,1.1111111111128391e-05,0.0,0.0
2010-07-01 18:00:00,house_2,3,48.0,0.0,0.0,48.0,47.416666666666664,2.276,48.0,41.666666666666664,2.0,0.26020852631578983,47.862,47.55338264176173,47.89520111111111,5.766578914378834,-0.2759999999999998,-2.276,0.0,2.276,0.0,2.0,-0.1379999999999999,0.0,0.0
2010-07-01 18:30:00,house_0,1,48.0,0.0,0.0,48.0,8.875,0.426,48.0,0.0,0.0,0.20000142105263158,47.787,8.914558352690062,47.833599050000004,8.914558352690062,-0.426,-0.426,0.0,0.426,0.0,0.0,-0.213,0.0,0.0
2010-07-01 18:30:00,house_1,2,48.0,0.0,0.0,48.0,90.16666666666667,4.328,48.0,41.666666666666664,2.0,0.3402927105263158,46.836,92.40754974805705,47.833599050000004,49.70535485523957,-2.3280000000000003,-4.328,0.0,4.328,0.0,2.0,-1.1640000000000001,0.0,0.0
2010-07-01 18:30:00,house_2,3,48.0,0.0,0.0,48.0,23.875,1.146,48.0,11.916270833333401,0.5719810000000033,0.2,47.712990500000004,24.018616062223135,47.833599050000004,12.030664898273281,-0.5740189999999966,-1.146,0.0,1.146,0.0,0.5719810000000033,-0.2870094999999983,0.0,0.0
2010-07-01 19:00:00,house_0,1,48.0,0.0,0.0,48.0,24.25,1.164,48.0,0.0,0.0,0.20000142105263158,47.418,24.547640136656966,47.7477390375,24.547640136656966,-1.164,-1.164,0.0,1.164,0.0,0.0,-0.582,0.0,0.0
2010-07-01 19:00:00,house_1,2,48.0,0.0,0.0,48.0,84.79166666666667,4.07,48.0,27.766265625000003,1.3327807500000002,0.2,46.631390375,87.28026265719083,47.7477390375,58.69907004676139,-2.73721925,-4.07,0.0,4.07,0.0,1.3327807500000002,-1.368609625,0.0,0.0
2010-07-01 19:00:00,house_2,3,48.0,0.0,0.0,48.0,23.833333333333332,1.144,48.0,0.0,0.0,0.2,47.428,24.120772539428188,47.7477390375,24.120772539428188,-1.144,-1.144,0.0,1.144,0.0,0.0,-0.572,0.0,0.0
2010-07-01 19:30:00,house_0,1,48.0,0.0,0.0,48.0,20.625,0.99,48.0,0.0,0.0,0.20000142105263158,47.505,20.839911588253866,47.8174,20.839911588253866,-0.99,-0.99,0.0,0.99,0.0,0.0,-0.495,0.0,0.0
2010-07-01 19:30:00,house_1,2,48.0,0.0,0.0,48.0,32.625,1.566,48.0,0.0,0.0,0.2,47.217,33.16602071287884,47.8174,33.16602071287884,-1.566,-1.566,0.0,1.566,0.0,0.0,-0.783,0.0,0.0
2010-07-01 19:30:00,house_2,3,48.0,0.0,0.0,48.0,22.833333333333332,1.096,48.0,0.0,0.0,0.2,47.452,23.09702436146,47.8174,23.09702436146,-1.096,-1.096,0.0,1.096,0.0,0.0,-0.548,0.0,0.0
2010-07-01 20:00:00,house_0,1,48.0,0.0,0.0,48.0,22.5,1.08,48.0,0.0,0.0,0.20000142105263158,47.46,22.75600505689001,47.8079,22.75600505689001,-1.08,-1.08,0.0,1.08,0.0,0.0,-0.54,0.0,0.0
2010-07-01 20:00:00,house_1,2,48.0,0.0,0.0,48.0,35.791666666666664,1.718,48.0,0.0,0.0,0.2,47.141,36.443859909632806,47.8079,36.443859909632806,-1.718,-1.718,0.0,1.718,0.0,0.0,-0.859,0.0,0.0
2010-07-01 20:00:00,house_2,3,48.0,0.0,0.0,48.0,21.75,1.044,48.0,0.0,0.0,0.2,47.478,21.98913180841653,47.8079,21.98913180841653,-1.044,-1.044,0.0,1.044,0.0,0.0,-0.522,0.0,0.0
2010-07-01 20:30:00,house_0,1,48.0,0.0,0.0,48.0,16.916666666666668,0.812,48.0,0.0,0.0,0.20000142105263158,47.594,17.06097407236206,47.6806,17.06097407236206,-0.812,-0.812,0.0,0.812,0.0,0.0,-0.406,0.0,0.0
2010-07-01 20:30:00,house_1,2,48.0,0.0,0.0,48.0,96.41666666666667,4.628,48.0,0.0,0.0,0.2,45.686,101.300179486057,47.6806,101.300179486057,-4.628,-4.628,0.0,4.628,0.0,0.0,-2.314,0.0,0.0
2010-07-01 20:30:00,house_2,3,48.0,0.0,0.0,48.0,19.75,0.948,48.0,0.0,0.0,0.2,47.526,19.94697639186971,47.6806,19.94697639186971,-0.948,-0.948,0.0,0.948,0.0,0.0,-0.474,0.0,0.0
2010-07-01 21:00:00,house_0,1,48.0,0.0,0.0,48.0,22.625,1.086,48.0,0.0,0.0,0.20000142105263158,47.457,22.88387382261837,47.87,22.88387382261837,-1.086,-1.086,0.0,1.086,0.0,0.0,-0.543,0.0,0.0
2010-07-01 21:00:00,house_1,2,48.0,0.0,0.0,48.0,11.791666666666666,0.566,48.0,0.0,0.0,0.2,47.717,11.861600687386048,47.87,11.861600687386048,-0.566,-0.566,0.0,0.566,0.0,0.0,-0.283,0.0,0.0
2010-07-01 21:00:00,house_2,3,48.0,0.0,0.0,48.0,19.75,0.948,48.0,0.0,0.0,0.2,47.526,19.94697639186971,47.87,19.94697639186971,-0.948,-0.948,0.0,0.948,0.0,0.0,-0.474,0.0,0.0
2010-07-01 21:30:00,house_0,1,48.0,0.0,0.0,48.0,20.625,0.99,48.0,0.0,0.0,0.20000142105263158,47.505,20.839911588253866,47.8829,20.839911588253866,-0.99,-0.99,0.0,0.99,0.0,0.0,-0.495,0.0,0.0
2010-07-01 21:30:00,house_1,2,48.0,0.0,0.0,48.0,8.125,0.39,48.0,0.0,0.0,0.2,47.805,8.15814245371823,47.8829,8.15814245371823,-0.39,-0.39,0.0,0.39,0.0,0.0,-0.195,0.0,0.0
2010-07-01 21:30:00,house_2,3,48.0,0.0,0.0,48.0,20.041666666666668,0.962,48.0,0.0,0.0,0.2,47.519,20.244533765441194,47.8829,20.244533765441194,-0.962,-0.962,0.0,0.962,0.0,0.0,-0.481,0.0,0.0
2010-07-01 22:00:00,house_0,1,48.0,0.0,0.0,48.0,9.0,0.432,48.0,0.0,0.0,0.20000142105263158,47.784,9.040683073832245,47.8984,9.040683073832245,-0.432,-0.432,0.0,0.432,0.0,0.0,-0.216,0.0,0.0
2010-07-01 22:00:00,house_1,2,48.0,0.0,0.0,48.0,12.375,0.594,48.0,0.0,0.0,0.2,47.703,12.4520470410666,47.8984,12.4520470410666,-0.594,-0.594,0.0,0.594,0.0,0.0,-0.297,0.0,0.0
2010-07-01 22:00:00,house_2,3,48.0,0.0,0.0,48.0,20.958333333333332,1.006,48.0,0.0,0.0,0.2,47.497,21.18028507063604,47.8984,21.18028507063604,-1.006,-1.006,0.0,1.006,0.0,0.0,-0.503,0.0,0.0
2010-07-01 22:30:00,house_0,1,48.0,0.0,0.0,48.0,15.75,0.756,48.0,0.0,0.0,0.20000142105263158,47.622,15.87501574902356,47.8794,15.87501574902356,-0.756,-0.756,0.0,0.756,0.0,0.0,-0.378,0.0,0.0
2010-07-01 22:30:00,house_1,2,48.0,0.0,0.0,48.0,8.458333333333334,0.406,48.0,0.0,0.0,0.2,47.797,8.494256961734001,47.8794,8.494256961734001,-0.406,-0.406,0.0,0.406,0.0,0.0,-0.203,0.0,0.0
2010-07-01 22:30:00,house_2,3,48.0,0.0,0.0,48.0,26.041666666666668,1.25,48.0,0.0,0.0,0.2,47.375,26.385224274406333,47.8794,26.385224274406333,-1.25,-1.25,0.0,1.25,0.0,0.0,-0.625,0.0,0.0
2010-07-01 23:00:00,house_0,1,48.0,0.0,0.0,48.0,5.333333333333333,0.256,48.0,0.0,0.0,0.20000142105263158,47.872,5.347593582887701,47.9156,5.347593582887701,-0.256,-0.256,0.0,0.256,0.0,0.0,-0.128,0.0,0.0
2010-07-01 23:00:00,house_1,2,48.0,0.0,0.0,48.0,12.625,0.606,48.0,0.0,0.0,0.2,47.697,12.705201585005346,47.9156,12.705201585005346,-0.606,-0.606,0.0,0.606,0.0,0.0,-0.303,0.0,0.0
2010-07-01 23:00:00,house_2,3,48.0,0.0,0.0,48.0,17.208333333333332,0.826,48.0,0.0,0.0,0.2,47.587,17.357681719797423,47.9156,17.357681719797423,-0.826,-0.826,0.0,0.826,0.0,0.0,-0.413,0.0,0.0
2010-07-01 23:30:00,house_0,1,48.0,0.0,0.0,48.0,3.25,0.156,48.0,0.0,0.0,0.20000142105263158,47.922,3.2552898459997497,47.9546,3.2552898459997497,-0.156,-0.156,0.0,0.156,0.0,0.0,-0.078,0.0,0.0
2010-07-01 23:30:00,house_1,2,48.0,0.0,0.0,48.0,12.791666666666666,0.614,48.0,0.0,0.0,0.2,47.693,12.874006667645148,47.9546,12.874006667645148,-0.614,-0.614,0.0,0.614,0.0,0.0,-0.307,0.0,0.0
2010-07-01 23:30:00,house_2,3,48.0,0.0,0.0,48.0,2.875,0.138,48.0,0.0,0.0,0.2,47.931,2.8791387619703324,47.9546,2.8791387619703324,-0.138,-0.138,0.0,0.138,0.0,0.0,-0.069,0.0,0.0
2010-07-02 00:00:00,house_0,1,48.0,0.0,0.0,48.0,50.0,2.4,48.0,0.0,0.0,0.20000142105263158,46.8,51.282051282051285,47.8556,51.282051282051285,-2.4,-2.4,0.0,2.4,0.0,0.0,-1.2,0.0,0.0
2010-07-02 00:00:00,house_1,2,48.0,0.0,0.0,48.0,7.458333333333333,0.358,48.0,0.0,0.0,0.2,47.821,7.486250810313461,47.8556,7.486250810313461,-0.358,-0.358,0.0,0.358,0.0,0.0,-0.179,0.0,0.0
2010-07-02 00:00:00,house_2,3,48.0,0.0,0.0,48.0,2.7083333333333335,0.13,48.0,0.0,0.0,0.2,47.935,2.71200584124335,47.8556,2.71200584124335,-0.13,-0.13,0.0,0.13,0.0,0.0,-0.065,0.0,0.0
2010-07-02 00:30:00,house_0,1,48.0,0.0,0.0,48.0,56.416666666666664,2.708,48.0,0.0,0.0,0.20000142105263158,46.646,58.05428118166616,47.6402,58.05428118166616,-2.708,-2.708,0.0,2.708,0.0,0.0,-1.354,0.0,0.0
2010-07-02 00:30:00,house_1,2,48.0,0.0,0.0,48.0,6.916666666666667,0.332,48.0,0.0,0.0,0.2,47.834,6.940669816448551,47.6402,6.940669816448551,-0.332,-0.332,0.0,0.332,0.0,0.0,-0.166,0.0,0.0
2010-07-02 00:30:00,house_2,3,48.0,0.0,0.0,48.0,86.58333333333336,4.156000000000001,48.0,0.0,0.0,0.2,45.922,90.50128478724797,47.6402,90.50128478724797,-4.156000000000001,-4.156000000000001,0.0,4.156000000000001,0.0,0.0,-2.0780000000000003,0.0,0.0
2010-07-02 01:00:00,house_0,1,48.0,0.0,0.0,48.0,66.0,3.168,48.0,0.0,0.0,0.20000142105263158,46.416,68.25232678386763,47.6161,68.25232678386763,-3.168,-3.168,0.0,3.168,0.0,0.0,-1.584,0.0,0.0
2010-07-02 01:00:00,house_1,2,48.0,0.0,0.0,48.0,7.083333333333333,0.34,48.0,0.0,0.0,0.2,47.83,7.108509303784236,47.6161,7.108509303784236,-0.34,-0.34,0.0,0.34,0.0,0.0,-0.17,0.0,0.0
2010-07-02 01:00:00,house_2,3,48.0,0.0,0.0,48.0,86.875,4.17,48.0,0.0,0.0,0.2,45.915,90.81999346618753,47.6161,90.81999346618753,-4.17,-4.17,0.0,4.17,0.0,0.0,-2.085,0.0,0.0
2010-07-02 01:30:00,house_0,1,48.0,0.0,0.0,48.0,57.416666666666664,2.7560000000000002,48.0,0.0,0.0,0.20000142105263158,46.622,59.11372313500064,47.6837,59.11372313500064,-2.7560000000000002,-2.7560000000000002,0.0,2.7560000000000002,0.0,0.0,-1.3780000000000001,0.0,0.0
2010-07-02 01:30:00,house_1,2,48.0,0.0,0.0,48.0,3.0,0.144,48.0,0.0,0.0,0.2,47.928,3.0045067601402105,47.6837,3.0045067601402105,-0.144,-0.144,0.0,0.144,0.0,0.0,-0.072,0.0,0.0
2010-07-02 01:30:00,house_2,3,48.0,0.0,0.0,48.0,71.375,3.426,48.0,0.0,0.0,0.2,46.287,74.01646250567114,47.6837,74.01646250567114,-3.426,-3.426,0.0,3.426,0.0,0.0,-1.713,0.0,0.0
2010-07-02 02:00:00,house_0,1,48.0,0.0,0.0,48.0,55.375,2.658,48.0,0.0,0.0,0.20000142105263158,46.671,56.95185447065629,47.8452,56.95185447065629,-2.658,-2.658,0.0,2.658,0.0,0.0,-1.329,0.0,0.0
2010-07-02 02:00:00,house_1,2,48.0,0.0,0.0,48.0,6.208333333333333,0.298,48.0,0.0,0.0,0.2,47.851,6.227665043572757,47.8452,6.227665043572757,-0.298,-0.298,0.0,0.298,0.0,0.0,-0.149,0.0,0.0
2010-07-02 02:00:00,house_2,3,48.0,0.0,0.0,48.0,2.9166666666666665,0.14,48.0,0.0,0.0,0.2,47.93,2.920926350928437,47.8452,2.920926350928437,-0.14,-0.14,0.0,0.14,0.0,0.0,-0.07,0.0,0.0
2010-07-02 02:30:00,house_0,1,48.0,0.0,0.0,48.0,12.04166666666667,0.5780000000000001,48.0,0.0,0.0,0.20000142105263158,47.711,12.114606694472975,47.9562,12.114606694472975,-0.5780000000000001,-0.5780000000000001,0.0,0.5780000000000001,0.0,0.0,-0.28900000000000003,0.0,0.0
2010-07-02 02:30:00,house_1,2,48.0,0.0,0.0,48.0,3.3333333333333335,0.16,48.0,0.0,0.0,0.2,47.92,3.33889816360601,47.9562,3.33889816360601,-0.16,-0.16,0.0,0.16,0.0,0.0,-0.08,0.0,0.0
2010-07-02 02:30:00,house_2,3,48.0,0.0,0.0,48.0,2.875,0.138,48.0,0.0,0.0,0.2,47.931,2.8791387619703324,47.9562,2.8791387619703324,-0.138,-0.138,0.0,0.138,0.0,0.0,-0.069,0.0,0.0
2010-07-02 03:00:00,house_0,1,48.0,0.0,0.0,48.0,29.208333333333332,1.402,48.0,0.0,0.0,0.20000142105263158,47.299,29.64121863041502,47.91,29.64121863041502,-1.402,-1.402,0.0,1.402,0.0,0.0,-0.701,0.0,0.0
2010-07-02 03:00:00,house_1,2,48.0,0.0,0.0,48.0,5.833333333333333,0.28,48.0,0.0,0.0,0.2,47.86,5.850396991224405,47.91,5.850396991224405,-0.28,-0.28,0.0,0.28,0.0,0.0,-0.14,0.0,0.0
2010-07-02 03:00:00,house_2,3,48.0,0.0,0.0,48.0,2.4583333333333335,0.118,48.0,0.0,0.0,0.2,47.941,2.461358753467804,47.91,2.461358753467804,-0.118,-0.118,0.0,0.118,0.0,0.0,-0.059,0.0,0.0
2010-07-02 03:30:00,house_0,1,48.0,0.0,0.0,48.0,42.958333333333336,2.062,48.0,0.0,0.0,0.20000142105263158,46.969,43.90129659988503,47.8842,43.90129659988503,-2.062,-2.062,0.0,2.062,0.0,0.0,-1.031,0.0,0.0
2010-07-02 03:30:00,house_1,2,48.0,0.0,0.0,48.0,2.9166666666666665,0.14,48.0,0.0,0.0,0.2,47.93,2.920926350928437,47.8842,2.920926350928437,-0.14,-0.14,0.0,0.14,0.0,0.0,-0.07,0.0,0.0
2010-07-02 03:30:00,house_2,3,48.0,0.0,0.0,48.0,2.375,0.114,48.0,0.0,0.0,0.2,47.943,2.3778236656029037,47.8842,2.3778236656029037,-0.114,-0.114,0.0,0.114,0.0,0.0,-0.057,0.0,0.0
2010-07-02 04:00:00,house_0,1,48.0,0.0,0.0,48.0,5.0,0.24,48.0,0.0,0.0,0.20000142105263158,47.88,5.012531328320802,47.9371,5.012531328320802,-0.24,-0.24,0.0,0.24,0.0,0.0,-0.12,0.0,0.0
2010-07-02 04:00:00,house_1,2,48.0,0.0,0.0,48.0,6.125,0.294,48.0,0.0,0.0,0.2,47.853,6.14381543476898,47.9371,6.14381543476898,-0.294,-0.294,0.0,0.294,0.0,0.0,-0.147,0.0,0.0
2010-07-02 04:00:00,house_2,3,48.0,0.7500000000000001,0.036000000000000004,48.0,15.833333333333334,0.76,48.0,0.0,0.0,0.2,47.638,15.953650447122046,47.9371,15.197951215416264,-0.724,-0.724,0.0,0.724,0.0,0.0,-0.362,0.0,0.0
2010-07-02 04:30:00,house_0,1,48.0,0.0,0.0,48.0,3.3333333333333335,0.16,48.0,0.0,0.0,0.20000142105263158,47.92,3.33889816360601,47.9028,3.33889816360601,-0.16,-0.16,0.0,0.16,0.0,0.0,-0.08,0.0,0.0
2010-07-02 04:30:00,house_1,2,48.0,0.0,0.0,48.0,3.0,0.144,48.0,0.0,0.0,0.2,47.928,3.0045067601402105,47.9028,3.0045067601402105,-0.144,-0.144,0.0,0.144,0.0,0.0,-0.072,0.0,0.0
2010-07-02 04:30:00,house_2,3,48.0,0.0,0.0,48.0,34.166666666666664,1.64,48.0,0.0,0.0,0.2,47.18,34.7604917337855,47.9028,34.7604917337855,-1.64,-1.64,0.0,1.64,0.0,0.0,-0.82,0.0,0.0
2010-07-02 05:00:00,house_0,1,48.0,0.0,0.0,48.0,24.08333333333334,1.1560000000000001,48.0,0.0,0.0,0.20000142105263158,47.422,24.376871494243186,47.9176,24.376871494243186,-1.1560000000000001,-1.1560000000000001,0.0,1.1560000000000001,0.0,0.0,-0.5780000000000001,0.0,0.0
2010-07-02 05:00:00,house_1,2,48.0,0.0,0.0,48.0,5.791666666666667,0.278,48.0,0.0,0.0,0.2,47.861,5.808487077160946,47.9176,5.808487077160946,-0.278,-0.278,0.0,0.278,0.0,0.0,-0.139,0.0,0.0
2010-07-02 05:00:00,house_2,3,48.0,0.0,0.0,48.0,4.458333333333333,0.214,48.0,0.0,0.0,0.2,47.893,4.468293905163594,47.9176,4.468293905163594,-0.214,-0.214,0.0,0.214,0.0,0.0,-0.107,0.0,0.0
2010-07-02 05:30:00,house_0,1,48.0,0.0,0.0,48.0,43.083333333333336,2.068,48.0,0.0,0.0,0.20000142105263158,46.966,44.031852829706594,47.8859,44.031852829706594,-2.068,-2.068,0.0,2.068,0.0,0.0,-1.034,0.0,0.0
2010-07-02 05:30:00,house_1,2,48.0,0.0,0.0,48.0,2.2083333333333335,0.106,48.0,0.0,0.0,0.2,47.947,2.210774396729722,47.8859,2.210774396729722,-0.106,-0.106,0.0,0.106,0.0,0.0,-0.053,0.0,0.0
2010-07-02 05:30:00,house_2,3,48.0,0.0,0.0,48.0,2.25,0.108,48.0,0.0,0.0,0.2,47.946,2.2525341008634716,47.8859,2.2525341008634716,-0.108,-0.108,0.0,0.108,0.0,0.0,-0.054,0.0,0.0
2010-07-02 06:00:00,house_0,1,48.0,0.0,0.0,48.0,3.5,0.168,48.0,0.0,0.0,0.20000142105263158,47.916,3.5061357375406965,47.9702,3.5061357375406965,-0.168,-0.168,0.0,0.168,0.0,0.0,-0.084,0.0,0.0
2010-07-02 06:00:00,house_1,2,48.0,0.0,0.0,48.0,6.333333333333333,0.304,48.0,0.0,0.0,0.2,47.848,6.353452599899683,47.9702,6.353452599899683,-0.304,-0.304,0.0,0.304,0.0,0.0,-0.152,0.0,0.0
2010-07-02 06:00:00,house_2,3,48.0,0.0,0.0,48.0,2.5833333333333335,0.124,48.0,0.0,0.0,0.2,47.938,2.5866744545037337,47.9702,2.5866744545037337,-0.124,-0.124,0.0,0.124,0.0,0.0,-0.062,0.0,0.0
2010-07-02 06:30:00,house_0,1,48.0,0.0,0.0,48.0,4.833333333333333,0.232,48.0,0.0,0.0,0.20000142105263158,47.884,4.845042185281096,47.943,4.845042185281096,-0.232,-0.232,0.0,0.232,0.0,0.0,-0.116,0.0,0.0
2010-07-02 06:30:00,house_1,2,48.0,0.0,0.0,48.0,15.708333333333334,0.754,48.0,0.0,0.0,0.2,47.623,15.832685887071374,47.943,15.832685887071374,-0.754,-0.754,0.0,0.754,0.0,0.0,-0.377,0.0,0.0
2010-07-02 06:30:00,house_2,3,48.0,0.0,0.0,48.0,3.2083333333333335,0.154,48.0,0.0,0.0,0.2,47.923,3.213488304154581,47.943,3.213488304154581,-0.154,-0.154,0.0,0.154,0.0,0.0,-0.077,0.0,0.0
2010-07-02 07:00:00,house_0,1,48.0,0.0,0.0,48.0,3.3333333333333335,0.16,48.0,0.0,0.0,0.20000142105263158,47.92,3.33889816360601,47.8644,3.33889816360601,-0.16,-0.16,0.0,0.16,0.0,0.0,-0.08,0.0,0.0
2010-07-02 07:00:00,house_1,2,48.0,0.0,0.0,48.0,51.00000000000001,2.4480000000000004,48.0,0.0,0.0,0.2,46.775999999999996,52.33453052847616,47.8644,52.33453052847616,-2.4480000000000004,-2.4480000000000004,0.0,2.4480000000000004,0.0,0.0,-1.2240000000000002,0.0,0.0
2010-07-02 07:00:00,house_2,3,48.0,0.0,0.0,48.0,2.1666666666666665,0.104,48.0,0.0,0.0,0.2,47.948,2.1690164344706764,47.8644,2.1690164344706764,-0.104,-0.104,0.0,0.104,0.0,0.0,-0.052,0.0,0.0
2010-07-02 07:30:00,house_0,1,48.0,0.19841269841269846,0.009523809523809525,48.0,33.208333333333336,1.594,48.0,0.0,0.0,0.20000142105263158,47.2077619047619,33.76563377894878,47.87827619047619,33.56389132941214,-1.5844761904761906,-1.5844761904761906,0.0,1.5844761904761906,0.0,0.0,-0.7922380952380953,0.0,0.0
2010-07-02 07:30:00,house_1,2,48.0,0.0,0.0,48.0,3.625,0.174,48.0,0.0,0.0,0.2,47.913,3.6315822428151026,47.87827619047619,3.6315822428151026,-0.174,-0.174,0.0,0.174,0.0,0.0,-0.087,0.0,0.0
2010-07-02 07:30:00,house_2,3,48.0,0.0,0.0,48.0,14.083333333333334,0.676,48.0,0.0,0.0,0.2,47.662,14.183206747513744,47.87827619047619,14.183206747513744,-0.676,-0.676,0.0,0.676,0.0,0.0,-0.338,0.0,0.0
2010-07-02 08:00:00,house_0,1,48.0,1.0251322751322751,0.04920634920634921,48.0,44.166666666666664,2.12,48.0,0.0,0.0,0.20000142105263158,46.96460317460318,45.14037927922752,47.87360105820106,44.092646606529065,-2.070793650793651,-2.070793650793651,0.0,2.070793650793651,0.0,0.0,-1.0353968253968255,0.0,0.0
2010-07-02 08:00:00,house_1,2,48.0,2.391975308641975,0.1148148148148148,48.0,3.5416666666666665,0.17,48.0,0.0,0.0,0.2,47.97240740740741,3.5437037494547403,47.87360105820106,1.150352633265265,-0.05518518518518521,-0.05518518518518521,0.0,0.05518518518518521,0.0,0.0,-0.027592592592592606,0.0,0.0
2010-07-02 08:00:00,house_2,3,48.0,1.625,0.078,48.0,10.0,0.48,48.0,0.0,0.0,0.2,47.799,10.042051088934915,47.87360105820106,8.41021778698299,-0.40199999999999997,-0.40199999999999997,0.0,0.40199999999999997,0.0,0.0,-0.20099999999999998,0.0,0.0
2010-07-02 08:30:00,house_0,1,48.0,2.9100529100529102,0.13968253968253969,48.0,11.208333333333334,0.538,48.0,0.0,0.0,0.20000142105263158,47.80084126984127,11.255032039351104,47.97095079365079,8.332854605401446,-0.39831746031746035,-0.39831746031746035,0.0,0.39831746031746035,0.0,0.0,-0.19915873015873017,0.0,0.0
2010-07-02 08:30:00,house_1,2,48.0,4.861111111111112,0.23333333333333334,48.0,8.25,0.396,48.0,0.0,0.0,0.2,47.91866666666667,8.26400289379226,47.97095079365079,3.3946409193355414,-0.16266666666666668,-0.16266666666666668,0.0,0.16266666666666668,0.0,0.0,-0.08133333333333334,0.0,0.0
2010-07-02 08:30:00,house_2,3,48.0,5.5,0.264,48.0,5.916666666666667,0.284,48.0,0.0,0.0,0.2,47.99,5.917899562408835,47.97095079365079,0.41675349031048053,-0.019999999999999962,-0.019999999999999962,0.0,0.019999999999999962,0.0,0.0,-0.009999999999999981,0.0,0.0
2010-07-02 09:00:00,house_0,1,48.0,7.440476190476191,0.35714285714285715,48.0,12.875,0.618,48.0,0.0,0.0,0.20000142105263158,47.869571428571426,12.910080068758264,47.85053492063492,5.449331069244703,-0.26085714285714284,-0.26085714285714284,0.0,0.26085714285714284,0.0,0.0,-0.13042857142857142,0.0,0.0
2010-07-02 09:00:00,house_1,2,48.0,5.3240740740740735,0.25555555555555554,48.0,62.166666666666664,2.984,48.0,0.0,0.0,0.2,46.635777777777776,63.98520925755619,47.85053492063492,58.505391664006176,-2.7284444444444444,-2.7284444444444444,0.0,2.7284444444444444,0.0,0.0,-1.3642222222222222,0.0,0.0
2010-07-02 09:00:00,house_2,3,48.0,4.749999999999999,0.22799999999999998,48.0,1.875,0.09,48.0,-2.875,-0.138,0.21311000000000002,48.0,4.75,47.85053492063492,5.782411586589357e-16,-2.7755575615628914e-17,0.13799999999999998,0.13799999999999998,0.0,0.138,0.0,-1.3877787807814457e-17,0.0,0.0
2010-07-02 09:30:00,house_0,1,48.0,6.216931216931218,0.2984126984126984,48.0,6.833333333333333,0.328,48.0,0.0,0.0,0.20000142105263158,47.98520634920635,6.835440023181747,47.74852063492064,0.616592150755458,-0.029587301587301607,-0.029587301587301607,0.0,0.029587301587301607,0.0,0.0,-0.014793650793650803,0.0,0.0
2010-07-02 09:30:00,house_1,2,48.0,5.3240740740740735,0.25555555555555554,48.0,125.91666666666669,6.0440000000000005,48.0,0.0,0.0,0.2,45.5,115.50671550671551,47.74852063492064,109.89010989010988,-5.0,-5.788444444444445,0.0,5.788444444444445,0.0,0.0,-2.5,0.0,0.788444444444445
2010-07-02 09:30:00,house_2,3,48.0,3.875,0.186,48.0,3.125,0.15,48.0,-0.75,-0.036,0.21653000000000003,48.0,3.875,47.74852063492064,1.4456028966473392e-16,6.938893903907228e-18,0.036000000000000004,0.036000000000000004,0.0,0.036,0.0,3.469446951953614e-18,0.0,0.0
2010-07-02 10:00:00,house_0,1,48.0,5.5886243386243395,0.2682539682539683,48.0,26.291666666666668,1.262,48.0,0.0,0.0,0.20000142105263158,47.503126984126986,26.56667213553527,47.81529047619048,20.91959192661335,-0.9937460317460317,-0.9937460317460317,0.0,0.9937460317460317,0.0,0.0,-0.49687301587301586,0.0,0.0
2010-07-02 10:00:00,house_1,2,48.0,11.574074074074074,0.5555555555555556,48.0,67.83333333333333,3.2560000000000002,48.0,0.0,0.0,0.2,46.64977777777778,69.79668832529867,47.81529047619048,57.88761647072275,-2.700444444444445,-2.700444444444445,0.0,2.700444444444445,0.0,0.0,-1.3502222222222224,0.0,0.0
2010-07-02 10:00:00,house_2,3,48.0,11.0,0.528,48.0,2.7083333333333335,0.13,48.0,-8.291666666666666,-0.398,0.25434,48.0,11.0,47.81529047619048,0.0,0.0,0.398,0.398,0.0,0.398,0.0,0.0,0.0,0.0
2010-07-02 10:30:00,house_0,1,48.0,6.8121693121693125,0.326984126984127,48.0,61.916666666666664,2.972,48.0,0.0,0.0,0.20000142105263158,46.67749206349206,63.67094435916567,47.72809735449736,56.66576664868898,-2.645015873015873,-2.645015873015873,0.0,2.645015873015873,0.0,0.0,-1.3225079365079364,0.0,0.0
2010-07-02 10:30:00,house_1,2,48.0,9.645061728395062,0.4629629629629629,48.0,67.83333333333333,3.256,48.0,0.0,0.0,0.2,46.60348148148148,69.8660249512435,47.72809735449736,59.93193959440322,-2.793037037037037,-2.793037037037037,0.0,2.793037037037037,0.0,0.0,-1.3965185185185185,0.0,0.0
2010-07-02 10:30:00,house_2,3,48.0,11.75,0.5640000000000001,48.0,1.8333333333333333,0.088,48.0,-9.916666666666666,-0.476,0.29956,48.0,11.75,47.72809735449736,2.3129646346357427e-15,1.1102230246251565e-16,0.4760000000000001,0.4760000000000001,0.0,0.476,0.0,5.551115123125783e-17,0.0,0.0
2010-07-02 11:00:00,house_0,1,48.0,7.043650793650794,0.3380952380952381,48.0,56.916666666666664,2.732,48.0,0.0,0.0,0.20000142105263158,46.80304761904762,58.372267170229044,47.75065291005291,51.148480359439354,-2.393904761904762,-2.393904761904762,0.0,2.393904761904762,0.0,0.0,-1.196952380952381,0.0,0.0
2010-07-02 11:00:00,house_1,2,48.0,9.645061728395062,0.4629629629629629,48.0,63.666666666666664,3.056,48.0,0.0,0.0,0.2,46.70348148148148,65.43409405595902,47.75065291005291,55.521279244786264,-2.5930370370370373,-2.5930370370370373,0.0,2.5930370370370373,0.0,0.0,-1.2965185185185186,0.0,0.0
2010-07-02 11:00:00,house_2,3,48.0,12.500000000000002,0.6000000000000001,48.0,2.625,0.126,48.0,-9.875,-0.474,0.34458999999999995,48.0,12.500000000000002,47.75065291005291,2.3129646346357427e-15,1.1102230246251565e-16,0.4740000000000001,0.4740000000000001,0.0,0.474,0.0,5.551115123125783e-17,0.0,0.0
2010-07-02 11:30:00,house_0,1,48.0,8.895502645502647,0.426984126984127,48.0,61.083333333333336,2.932,48.0,0.0,0.0,0.20000142105263158,46.74749206349206,62.719942195354186,47.62474920634921,53.58610189427021,-2.505015873015873,-2.505015873015873,0.0,2.505015873015873,0.0,0.0,-1.2525079365079366,0.0,0.0
2010-07-02 11:30:00,house_1,2,48.0,9.182098765432096,0.44074074074074066,48.0,148.45833333333334,7.126,48.0,0.0,0.0,0.2,45.5,119.57671957671958,47.62474920634921,109.89010989010988,-5.0,-6.68525925925926,0.0,6.68525925925926,0.0,0.0,-2.5,0.0,1.6852592592592597
2010-07-02 11:30:00,house_2,3,48.0,9.374999999999998,0.44999999999999996,48.0,3.0416666666666665,0.146,48.0,-6.333333333333333,-0.304,0.37346999999999997,48.0,9.375,47.62474920634921,1.1564823173178713e-15,-5.551115123125783e-17,0.30399999999999994,0.30399999999999994,0.0,0.304,0.0,-2.7755575615628914e-17,0.0,0.0
2010-07-02 12:00:00,house_0,1,48.0,10.11904761904762,0.48571428571428577,48.0,49.625,2.382,48.0,0.0,0.0,0.20000142105263158,47.051857142857145,50.62499430719297,47.770533862433865,40.3020375694902,-1.8962857142857144,-1.8962857142857144,0.0,1.8962857142857144,0.0,0.0,-0.9481428571428572,0.0,0.0
2010-07-02 12:00:00,house_1,2,48.0,9.645061728395062,0.4629629629629629,48.0,65.75,3.156,48.0,0.0,0.0,0.2,46.65348148148148,67.64768458389831,47.770533862433865,57.7242458980474,-2.6930370370370373,-2.6930370370370373,0.0,2.6930370370370373,0.0,0.0,-1.3465185185185187,0.0,0.0
2010-07-02 12:00:00,house_2,3,48.0,11.0,0.528,48.0,2.0833333333333335,0.1,48.0,-8.916666666666666,-0.428,0.41413,48.0,11.0,47.770533862433865,1.1564823173178713e-15,5.551115123125783e-17,0.42800000000000005,0.42800000000000005,0.0,0.428,0.0,2.7755575615628914e-17,0.0,0.0
2010-07-02 12:30:00,house_0,1,48.0,10.548941798941799,0.5063492063492063,48.0,51.083333333333336,2.452,48.0,0.0,0.0,0.20000142105263158,47.0271746031746,52.14006626361253,47.77051375661376,41.37290428499294,-1.9456507936507936,-1.9456507936507936,0.0,1.9456507936507936,0.0,0.0,-0.9728253968253968,0.0,0.0
2010-07-02 12:30:00,house_1,2,48.0,6.790123456790123,0.3259259259259259,48.0,61.875,2.97,48.0,0.0,0.0,0.2,46.677962962962965,63.62745525884607,47.77051375661376,56.645018467751854,-2.6440740740740742,-2.6440740740740742,0.0,2.6440740740740742,0.0,0.0,-1.3220370370370371,0.0,0.0
2010-07-02 12:30:00,house_2,3,48.0,8.625000000000002,0.41400000000000003,48.0,41.291666666666664,1.982,48.0,32.666666666666664,1.568,0.2490773684210526,48.0,41.29166666666667,47.77051375661376,0.0,0.0,-1.568,0.0,1.568,0.0,1.568,0.0,0.0,0.0
2010-07-02 13:00:00,house_0,1,48.0,11.177248677248679,0.5365079365079366,48.0,67.83333333333333,3.256,48.0,0.0,0.0,0.20000142105263158,46.640253968253965,69.81094061400738,47.61061317460317,58.30783137122507,-2.719492063492063,-2.719492063492063,0.0,2.719492063492063,0.0,0.0,-1.3597460317460315,0.0,0.0
2010-07-02 13:00:00,house_1,2,48.0,5.3240740740740735,0.25555555555555554,48.0,83.70833333333333,4.018,48.0,0.0,0.0,0.2,46.11877777777778,87.1228639093741,47.61061317460317,81.58161655050124,-3.7624444444444443,-3.7624444444444443,0.0,3.7624444444444443,0.0,0.0,-1.8812222222222221,0.0,0.0
2010-07-02 13:00:00,house_2,3,48.0,5.5,0.264,48.0,42.416666666666664,2.036,48.0,9.7125,0.4662,0.20000368421052628,47.3471,43.00157771014487,47.61061317460317,27.579302639443604,-1.3058,-1.772,0.0,1.772,0.0,0.4662,-0.6529,0.0,0.0
2010-07-02 13:30:00,house_0,1,48.0,10.11904761904762,0.48571428571428577,48.0,25.708333333333332,1.234,48.0,0.0,0.0,0.20000142105263158,47.62585714285714,25.910294827839618,47.8146746031746,15.71175321928964,-0.7482857142857142,-0.7482857142857142,0.0,0.7482857142857142,0.0,0.0,-0.3741428571428571,0.0,0.0
2010-07-02 13:30:00,house_1,2,48.0,5.787037037037037,0.2777777777777778,48.0,32.708333333333336,1.57,48.0,0.0,0.0,0.2,47.35388888888889,33.15461595316587,47.8146746031746,27.288618792308505,-1.2922222222222222,-1.2922222222222222,0.0,1.2922222222222222,0.0,0.0,-0.6461111111111111,0.0,0.0
2010-07-02 13:30:00,house_2,3,48.0,6.250000000000001,0.30000000000000004,48.0,40.958333333333336,1.966,48.0,0.0,0.0,0.20000368421052628,47.167,41.68168422838001,47.8146746031746,35.32130514978692,-1.666,-1.666,0.0,1.666,0.0,0.0,-0.833,0.0,0.0
2010-07-02 14:00:00,house_0,1,48.0,9.92063492063492,0.47619047619047616,48.0,48.541666666666664,2.33,48.0,0.0,0.0,0.20000142105263158,47.073095238095235,49.49748870803766,47.84367619047619,39.38150900069295,-1.8538095238095238,-1.8538095238095238,0.0,1.8538095238095238,0.0,0.0,-0.9269047619047619,0.0,0.0
2010-07-02 14:00:00,house_1,2,48.0,4.861111111111112,0.23333333333333334,48.0,7.458333333333333,0.358,48.0,0.0,0.0,0.2,47.937666666666665,7.468031401889955,47.84367619047619,2.6005993894849557,-0.12466666666666665,-0.12466666666666665,0.0,0.12466666666666665,0.0,0.0,-0.062333333333333324,0.0,0.0
2010-07-02 14:00:00,house_2,3,48.0,5.5,0.264,48.0,29.416666666666668,1.412,48.0,0.0,0.0,0.20000368421052628,47.426,29.772698519799263,47.84367619047619,24.206131657740478,-1.148,-1.148,0.0,1.148,0.0,0.0,-0.574,0.0,0.0
2010-07-02 14:30:00,house_0,1,48.0,7.638888888888889,0.3666666666666667,48.0,48.083333333333336,2.308,48.0,0.0,0.0,0.20000142105263158,47.029333333333334,49.0757541392606,47.81197037037037,41.279201633023355,-1.9413333333333331,-1.9413333333333331,0.0,1.9413333333333331,0.0,0.0,-0.9706666666666666,0.0,0.0
2010-07-02 14:30:00,house_1,2,48.0,2.9320987654320985,0.14074074074074072,48.0,7.125,0.342,48.0,0.0,0.0,0.2,47.89937037037037,7.139968591561167,47.81197037037037,4.201709911906367,-0.2012592592592593,-0.2012592592592593,0.0,0.2012592592592593,0.0,0.0,-0.10062962962962965,0.0,0.0
2010-07-02 14:30:00,house_2,3,48.0,2.3749999999999996,0.11399999999999999,48.0,36.083333333333336,1.732,48.0,0.0,0.0,0.20000368421052628,47.191,36.70191350045559,47.81197037037037,34.2861986395711,-1.6179999999999999,-1.6179999999999999,0.0,1.6179999999999999,0.0,0.0,-0.8089999999999999,0.0,0.0
2010-07-02 15:00:00,house_0,1,48.0,4.563492063492063,0.21904761904761905,48.0,46.0,2.208,48.0,0.0,0.0,0.20000142105263158,47.00552380952381,46.97320274415571,47.85561164021164,42.31316278937835,-1.988952380952381,-1.988952380952381,0.0,1.988952380952381,0.0,0.0,-0.9944761904761905,0.0,0.0
2010-07-02 15:00:00,house_1,2,48.0,3.858024691358024,0.18518518518518517,48.0,7.458333333333333,0.358,48.0,0.0,0.0,0.2,47.91359259259259,7.4717836970410465,47.85561164021164,3.6068014411745835,-0.1728148148148148,-0.1728148148148148,0.0,0.1728148148148148,0.0,0.0,-0.0864074074074074,0.0,0.0
2010-07-02 15:00:00,house_2,3,48.0,4.749999999999999,0.22799999999999998,48.0,19.875,0.954,48.0,0.0,0.0,0.20000368421052628,47.637,20.026450028339315,47.85561164021164,15.24025442408212,-0.726,-0.726,0.0,0.726,0.0,0.0,-0.363,0.0,0.0
2010-07-02 15:30:00,house_0,1,48.0,2.2817460317460316,0.10952380952380952,48.0,15.625,0.75,48.0,0.0,0.0,0.20000142105263158,47.679761904761904,15.729944320990738,47.818324338624336,13.43287308681431,-0.6404761904761904,-0.6404761904761904,0.0,0.6404761904761904,0.0,0.0,-0.3202380952380952,0.0,0.0
2010-07-02 15:30:00,house_1,2,48.0,3.3950617283950617,0.16296296296296295,48.0,64.20833333333333,3.082,48.0,0.0,0.0,0.2,46.54048148148148,66.22191910984702,47.818324338624336,62.7203875877074,-2.919037037037037,-2.919037037037037,0.0,2.919037037037037,0.0,0.0,-1.4595185185185184,0.0,0.0
2010-07-02 15:30:00,house_2,3,48.0,3.1250000000000004,0.15000000000000002,48.0,4.666666666666667,0.224,48.0,0.0,0.0,0.20000368421052628,47.963,4.670266663886746,47.818324338624336,1.5428559514625855,-0.07399999999999998,-0.07399999999999998,0.0,0.07399999999999998,0.0,0.0,-0.03699999999999999,0.0,0.0
2010-07-02 16:00:00,house_0,1,48.0,1.6534391534391537,0.07936507936507937,48.0,4.916666666666667,0.236,48.0,0.0,0.0,0.20000142105263158,47.92168253968254,4.92470187799803,47.68416825396825,3.268560541571466,-0.15663492063492063,-0.15663492063492063,0.0,0.15663492063492063,0.0,0.0,-0.07831746031746031,0.0,0.0
2010-07-02 16:00:00,house_1,2,48.0,2.391975308641975,0.1148148148148148,48.0,153.79166666666666,7.382,48.0,0.0,0.0,0.2,45.5,112.41351241351241,47.68416825396825,109.89010989010988,-5.0,-7.267185185185185,0.0,7.267185185185185,0.0,0.0,-2.5,0.0,2.267185185185185
2010-07-02 16:00:00,house_2,3,48.0,2.3749999999999996,0.11399999999999999,48.0,26.541666666666668,1.274,48.0,0.0,0.0,0.20000368421052628,47.42,26.866301138760015,47.68416825396825,24.462252214255592,-1.1600000000000001,-1.1600000000000001,0.0,1.1600000000000001,0.0,0.0,-0.5800000000000001,0.0,0.0
2010-07-02 16:30:00,house_0,1,48.0,1.2566137566137565,0.06031746031746032,48.0,9.791666666666666,0.47,48.0,0.0,0.0,0.20000142105263158,47.79515873015873,9.833631951167266,47.75272698412699,8.5716325788459,-0.40968253968253965,-0.40968253968253965,0.0,0.40968253968253965,0.0,0.0,-0.20484126984126982,0.0,0.0
2010-07-02 16:30:00,house_1,2,48.0,0.46296296296296285,0.02222222222222222,48.0,81.16666666666667,3.896,48.0,0.0,0.0,0.2,46.06311111111111,84.57961058258235,47.75272698412699,84.09718067964725,-3.8737777777777778,-3.8737777777777778,0.0,3.8737777777777778,0.0,0.0,-1.9368888888888889,0.0,0.0
2010-07-02 16:30:00,house_2,3,48.0,0.7500000000000001,0.036000000000000004,48.0,14.541666666666666,0.698,48.0,0.0,0.0,0.20000368421052628,47.669,14.642639870775557,47.75272698412699,13.887432083744152,-0.6619999999999999,-0.6619999999999999,0.0,0.6619999999999999,0.0,0.0,-0.33099999999999996,0.0,0.0
2010-07-02 17:00:00,house_0,1,48.0,0.19841269841269846,0.009523809523809525,48.0,18.541666666666668,0.89,48.0,0.0,0.0,0.20000142105263158,47.559761904761906,18.713298056079818,47.80347619047619,18.51304874568838,-0.8804761904761905,-0.8804761904761905,0.0,0.8804761904761905,0.0,0.0,-0.44023809523809526,0.0,0.0
2010-07-02 17:00:00,house_1,2,48.0,0.0,0.0,48.0,59.791666666666664,2.87,48.0,0.0,0.0,0.2,46.565,61.63427466981639,47.80347619047619,61.63427466981639,-2.87,-2.87,0.0,2.87,0.0,0.0,-1.435,0.0,0.0
2010-07-02 17:00:00,house_2,3,48.0,0.0,0.0,48.0,3.75,0.18,48.0,0.0,0.0,0.20000368421052628,47.91,3.7570444583594242,47.80347619047619,3.7570444583594242,-0.18,-0.18,0.0,0.18,0.0,0.0,-0.09,0.0,0.0
2010-07-02 17:30:00,house_0,1,48.0,0.0,0.0,48.0,49.291666666666664,2.366,48.0,0.0,0.0,0.20000142105263158,46.817,50.53719802635795,47.7065,50.53719802635795,-2.366,-2.366,0.0,2.366,0.0,0.0,-1.183,0.0,0.0
2010-07-02 17:30:00,house_1,2,48.0,0.0,0.0,48.0,68.58333333333333,3.292,48.0,0.0,0.0,0.2,46.354,71.01868231436337,47.7065,71.01868231436337,-3.292,-3.292,0.0,3.292,0.0,0.0,-1.646,0.0,0.0
2010-07-02 17:30:00,house_2,3,48.0,0.0,0.0,48.0,4.416666666666667,0.212,48.0,0.0,0.0,0.20000368421052628,47.894,4.426441725477096,47.7065,4.426441725477096,-0.212,-0.212,0.0,0.212,0.0,0.0,-0.106,0.0,0.0
2010-07-02 18:00:00,house_0,1,48.0,0.0,0.0,48.0,49.583333333333336,2.38,48.0,0.0,0.0,0.20000142105263158,46.81,50.84383678701132,47.6806,50.84383678701132,-2.38,-2.38,0.0,2.38,0.0,0.0,-1.19,0.0,0.0
2010-07-02 18:00:00,house_1,2,48.0,0.0,0.0,48.0,80.33333333333333,3.856,48.0,0.0,0.0,0.2,46.072,83.69508595242229,47.6806,83.69508595242229,-3.856,-3.856,0.0,3.856,0.0,0.0,-1.928,0.0,0.0
2010-07-02 18:00:00,house_2,3,48.0,0.0,0.0,48.0,3.1666666666666665,0.152,48.0,0.0,0.0,0.20000368421052628,47.924,3.1716885068024374,47.6806,3.1716885068024374,-0.152,-0.152,0.0,0.152,0.0,0.0,-0.076,0.0,0.0
2010-07-02 18:30:00,house_0,1,48.0,0.0,0.0,48.0,23.125,1.11,48.0,0.0,0.0,0.20000142105263158,47.445,23.395510591210876,47.7529,23.395510591210876,-1.11,-1.11,0.0,1.11,0.0,0.0,-0.555,0.0,0.0
2010-07-02 18:30:00,house_1,2,48.0,0.0,0.0,48.0,77.0,3.696,48.0,0.0,0.0,0.2,46.152,80.08320332813312,47.7529,80.08320332813312,-3.696,-3.696,0.0,3.696,0.0,0.0,-1.848,0.0,0.0
2010-07-02 18:30:00,house_2,3,48.0,0.0,0.0,48.0,2.8333333333333335,0.136,48.0,0.0,0.0,0.20000368421052628,47.932,2.837352916631895,47.7529,2.837352916631895,-0.136,-0.136,0.0,0.136,0.0,0.0,-0.068,0.0,0.0
2010-07-02 19:00:00,house_0,1,48.0,0.0,0.0,48.0,16.875,0.81,48.0,0.0,0.0,0.20000142105263158,47.595,17.018594390167035,47.7819,17.018594390167035,-0.81,-0.81,0.0,0.81,0.0,0.0,-0.405,0.0,0.0
2010-07-02 19:00:00,house_1,2,48.0,0.0,0.0,48.0,71.29166666666667,3.422,48.0,0.0,0.0,0.2,46.289,73.92685087169738,47.7819,73.92685087169738,-3.422,-3.422,0.0,3.422,0.0,0.0,-1.711,0.0,0.0
2010-07-02 19:00:00,house_2,3,48.0,0.0,0.0,48.0,2.7083333333333335,0.13,48.0,0.0,0.0,0.20000368421052628,47.935,2.71200584124335,47.7819,2.71200584124335,-0.13,-0.13,0.0,0.13,0.0,0.0,-0.065,0.0,0.0
2010-07-02 19:30:00,house_0,1,48.0,0.0,0.0,48.0,10.916666666666666,0.524,48.0,0.0,0.0,0.20000142105263158,47.738,10.976580501906238,47.7684,10.976580501906238,-0.524,-0.524,0.0,0.524,0.0,0.0,-0.262,0.0,0.0
2010-07-02 19:30:00,house_1,2,48.0,0.0,0.0,48.0,82.16666666666667,3.944,48.0,0.0,0.0,0.2,46.028,85.68697314678022,47.7684,85.68697314678022,-3.944,-3.944,0.0,3.944,0.0,0.0,-1.972,0.0,0.0
2010-07-02 19:30:00,house_2,3,48.0,0.0,0.0,48.0,3.4166666666666665,0.164,48.0,0.0,0.0,0.20000368421052628,47.918,3.4225134604950123,47.7684,3.4225134604950123,-0.164,-0.164,0.0,0.164,0.0,0.0,-0.082,0.0,0.0
2010-07-02 20:00:00,house_0,1,48.0,0.0,0.0,48.0,45.833333333333336,2.2,48.0,0.0,0.0,0.20000142105263158,46.9,46.908315565031984,47.6961,46.908315565031984,-2.2,-2.2,0.0,2.2,0.0,0.0,-1.1,0.0,0.0
2010-07-02 20:00:00,house_1,2,48.0,0.0,0.0,48.0,77.45833333333333,3.718,48.0,0.0,0.0,0.2,46.141,80.5790945146399,47.6961,80.5790945146399,-3.718,-3.718,0.0,3.718,0.0,0.0,-1.859,0.0,0.0
2010-07-02 20:00:00,house_2,3,48.0,0.0,0.0,48.0,3.3333333333333335,0.16,48.0,0.0,0.0,0.20000368421052628,47.92,3.33889816360601,47.6961,3.33889816360601,-0.16,-0.16,0.0,0.16,0.0,0.0,-0.08,0.0,0.0
2010-07-02 20:30:00,house_0,1,48.0,0.0,0.0,48.0,42.166666666666664,2.024,48.0,0.0,0.0,0.20000142105263158,46.988,43.07482761556142,47.641,43.07482761556142,-2.024,-2.024,0.0,2.024,0.0,0.0,-1.012,0.0,0.0
2010-07-02 20:30:00,house_1,2,48.0,0.0,0.0,48.0,138.00000000000003,6.6240000000000006,48.0,0.0,0.0,0.2,45.5,109.89010989010988,47.641,109.89010989010988,-5.0,-6.6240000000000006,0.0,6.6240000000000006,0.0,0.0,-2.5,0.0,1.6240000000000006
2010-07-02 20:30:00,house_2,3,48.0,0.0,0.0,48.0,3.25,0.156,48.0,0.0,0.0,0.20000368421052628,47.922,3.2552898459997497,47.641,3.2552898459997497,-0.156,-0.156,0.0,0.156,0.0,0.0,-0.078,0.0,0.0
2010-07-02 21:00:00,house_0,1,48.0,0.0,0.0,48.0,34.041666666666664,1.634,48.0,0.0,0.0,0.20000142105263158,47.183,34.631117139647756,47.76,34.631117139647756,-1.634,-1.634,0.0,1.634,0.0,0.0,-0.817,0.0,0.0
2010-07-02 21:00:00,house_1,2,48.0,0.0,0.0,48.0,62.416666666666664,2.996,48.0,0.0,0.0,0.2,46.502,64.42733645864693,47.76,64.42733645864693,-2.996,-2.996,0.0,2.996,0.0,0.0,-1.498,0.0,0.0
2010-07-02 21:00:00,house_2,3,48.0,0.0,0.0,48.0,3.5416666666666665,0.17,48.0,0.0,0.0,0.20000368421052628,47.915,3.54794949389544,47.76,3.54794949389544,-0.17,-0.17,0.0,0.17,0.0,0.0,-0.085,0.0,0.0
2010-07-02 21:30:00,house_0,1,48.0,0.0,0.0,48.0,21.916666666666668,1.052,48.0,0.0,0.0,0.20000142105263158,47.474,22.159497830391373,47.7871,22.159497830391373,-1.052,-1.052,0.0,1.052,0.0,0.0,-0.526,0.0,0.0
2010-07-02 21:30:00,house_1,2,48.0,0.0,0.0,48.0,64.25,3.084,48.0,0.0,0.0,0.2,46.458,66.38253906754488,47.7871,66.38253906754488,-3.084,-3.084,0.0,3.084,0.0,0.0,-1.542,0.0,0.0
2010-07-02 21:30:00,house_2,3,48.0,0.0,0.0,48.0,2.5416666666666665,0.122,48.0,0.0,0.0,0.20000368421052628,47.939,2.5449008114478815,47.7871,2.5449008114478815,-0.122,-0.122,0.0,0.122,0.0,0.0,-0.061,0.0,0.0
2010-07-02 22:00:00,house_0,1,48.0,0.0,0.0,48.0,13.958333333333334,0.67,48.0,0.0,0.0,0.20000142105263158,47.665,14.056435539704186,47.8164,14.056435539704186,-0.67,-0.67,0.0,0.67,0.0,0.0,-0.335,0.0,0.0
2010-07-02 22:00:00,house_1,2,48.0,0.0,0.0,48.0,59.916666666666664,2.876,48.0,0.0,0.0,0.2,46.562,61.76710622395945,47.8164,61.76710622395945,-2.876,-2.876,0.0,2.876,0.0,0.0,-1.438,0.0,0.0
2010-07-02 22:00:00,house_2,3,48.0,0.0,0.0,48.0,2.625,0.126,48.0,0.0,0.0,0.20000368421052628,47.937,2.6284498404155454,47.8164,2.6284498404155454,-0.126,-0.126,0.0,0.126,0.0,0.0,-0.063,0.0,0.0
2010-07-02 22:30:00,house_0,1,48.0,0.0,0.0,48.0,16.75,0.804,48.0,0.0,0.0,0.20000142105263158,47.598,16.891466027984368,47.7993,16.891466027984368,-0.804,-0.804,0.0,0.804,0.0,0.0,-0.402,0.0,0.0
2010-07-02 22:30:00,house_1,2,48.0,0.0,0.0,48.0,63.541666666666664,3.05,48.0,0.0,0.0,0.2,46.475,65.6266810112964,47.7993,65.6266810112964,-3.05,-3.05,0.0,3.05,0.0,0.0,-1.525,0.0,0.0
2010-07-02 22:30:00,house_2,3,48.0,0.0,0.0,48.0,3.3333333333333335,0.16,48.0,0.0,0.0,0.20000368421052628,47.92,3.33889816360601,47.7993,3.33889816360601,-0.16,-0.16,0.0,0.16,0.0,0.0,-0.08,0.0,0.0
2010-07-02 23:00:00,house_0,1,48.0,0.0,0.0,48.0,5.916666666666667,0.284,48.0,0.0,0.0,0.20000142105263158,47.858,5.934222073634502,47.8245,5.934222073634502,-0.284,-0.284,0.0,0.284,0.0,0.0,-0.142,0.0,0.0
2010-07-02 23:00:00,house_1,2,48.0,0.0,0.0,48.0,63.958333333333336,3.07,48.0,0.0,0.0,0.2,46.465,66.07123641450553,47.8245,66.07123641450553,-3.07,-3.07,0.0,3.07,0.0,0.0,-1.535,0.0,0.0
2010-07-02 23:00:00,house_2,3,48.0,0.0,0.0,48.0,3.25,0.156,48.0,0.0,0.0,0.20000368421052628,47.922,3.2552898459997497,47.8245,3.2552898459997497,-0.156,-0.156,0.0,0.156,0.0,0.0,-0.078,0.0,0.0
2010-07-02 23:30:00,house_0,1,48.0,0.0,0.0,48.0,5.0,0.24,48.0,0.0,0.0,0.20000142105263158,47.88,5.012531328320802,47.8271,5.012531328320802,-0.24,-0.24,0.0,0.24,0.0,0.0,-0.12,0.0,0.0
2010-07-02 23:30:00,house_1,2,48.0,0.0,0.0,48.0,64.33333333333333,3.088,48.0,0.0,0.0,0.2,46.456,66.47149991389702,47.8271,66.47149991389702,-3.088,-3.088,0.0,3.088,0.0,0.0,-1.544,0.0,0.0
2010-07-02 23:30:00,house_2,3,48.0,0.0,0.0,48.0,2.7083333333333335,0.13,48.0,0.0,0.0,0.20000368421052628,47.935,2.71200584124335,47.8271,2.71200584124335,-0.13,-0.13,0.0,0.13,0.0,0.0,-0.065,0.0,0.0
2010-07-03 00:00:00,house_0,1,48.0,0.0,0.0,48.0,49.958333333333336,2.398,48.0,0.0,0.0,0.20000142105263158,46.801,51.23822140552552,47.7185,51.23822140552552,-2.398,-2.398,0.0,2.398,0.0,0.0,-1.199,0.0,0.0
2010-07-03 00:00:00,house_1,2,48.0,0.0,0.0,48.0,65.04166666666667,3.122,48.0,0.0,0.0,0.2,46.439,67.22797648528177,47.7185,67.22797648528177,-3.122,-3.122,0.0,3.122,0.0,0.0,-1.561,0.0,0.0
2010-07-03 00:00:00,house_2,3,48.0,0.0,0.0,48.0,2.2916666666666665,0.11,48.0,0.0,0.0,0.20000368421052628,47.945,2.2942955469809156,47.7185,2.2942955469809156,-0.11,-0.11,0.0,0.11,0.0,0.0,-0.055,0.0,0.0
2010-07-03 00:30:00,house_0,1,48.0,0.0,0.0,48.0,82.5,3.96,48.0,0.0,0.0,0.20000142105263158,46.02,86.04954367666231,47.4901,86.04954367666231,-3.96,-3.96,0.0,3.96,0.0,0.0,-1.98,0.0,0.0
2010-07-03 00:30:00,house_1,2,48.0,0.0,0.0,48.0,41.333333333333336,1.984,48.0,0.0,0.0,0.2,47.008,42.205582028590875,47.4901,42.205582028590875,-1.984,-1.984,0.0,1.984,0.0,0.0,-0.992,0.0,0.0
2010-07-03 00:30:00,house_2,3,48.0,0.0,0.0,48.0,88.625,4.2540000000000004,48.0,0.0,0.0,0.20000368421052628,45.873,92.7342881433523,47.4901,92.7342881433523,-4.2540000000000004,-4.2540000000000004,0.0,4.2540000000000004,0.0,0.0,-2.1270000000000002,0.0,0.0
2010-07-03 01:00:00,house_0,1,48.0,0.0,0.0,48.0,109.70833333333333,5.266,48.0,0.0,0.0,0.20000142105263158,45.5,109.89010989010988,47.6151,109.89010989010988,-5.0,-5.266,0.0,5.266,0.0,0.0,-2.5,0.0,0.266
2010-07-03 01:00:00,house_1,2,48.0,0.0,0.0,48.0,2.5,0.12,48.0,0.0,0.0,0.2,47.94,2.5031289111389237,47.6151,2.5031289111389237,-0.12,-0.12,0.0,0.12,0.0,0.0,-0.06,0.0,0.0
2010-07-03 01:00:00,house_2,3,48.0,0.0,0.0,48.0,53.70833333333334,2.5780000000000003,48.0,0.0,0.0,0.20000368421052628,46.711,55.19042623793112,47.6151,55.19042623793112,-2.5780000000000003,-2.5780000000000003,0.0,2.5780000000000003,0.0,0.0,-1.2890000000000001,0.0,0.0
2010-07-03 01:30:00,house_0,1,48.0,0.0,0.0,48.0,85.08333333333333,4.084,48.0,0.0,0.0,0.20000142105263158,45.958,88.86374515862309,47.7745,88.86374515862309,-4.084,-4.084,0.0,4.084,0.0,0.0,-2.042,0.0,0.0
2010-07-03 01:30:00,house_1,2,48.0,0.0,0.0,48.0,6.333333333333333,0.304,48.0,0.0,0.0,0.2,47.848,6.353452599899683,47.7745,6.353452599899683,-0.304,-0.304,0.0,0.304,0.0,0.0,-0.152,0.0,0.0
2010-07-03 01:30:00,house_2,3,48.0,0.0,0.0,48.0,2.5416666666666665,0.122,48.0,0.0,0.0,0.20000368421052628,47.939,2.5449008114478815,47.7745,2.5449008114478815,-0.122,-0.122,0.0,0.122,0.0,0.0,-0.061,0.0,0.0
2010-07-03 02:00:00,house_0,1,48.0,0.0,0.0,48.0,78.625,3.774,48.0,0.0,0.0,0.20000142105263158,46.113,81.84243055103767,47.8002,81.84243055103767,-3.774,-3.774,0.0,3.774,0.0,0.0,-1.887,0.0,0.0
2010-07-03 02:00:00,house_1,2,48.0,0.0,0.0,48.0,2.25,0.108,48.0,0.0,0.0,0.2,47.946,2.2525341008634716,47.8002,2.2525341008634716,-0.108,-0.108,0.0,0.108,0.0,0.0,-0.054,0.0,0.0
2010-07-03 02:00:00,house_2,3,48.0,0.0,0.0,48.0,2.375,0.114,48.0,0.0,0.0,0.20000368421052628,47.943,2.3778236656029037,47.8002,2.3778236656029037,-0.114,-0.114,0.0,0.114,0.0,0.0,-0.057,0.0,0.0
2010-07-03 02:30:00,house_0,1,48.0,0.0,0.0,48.0,30.375,1.458,48.0,0.0,0.0,0.20000142105263158,47.271,30.843434663958874,47.9049,30.843434663958874,-1.458,-1.458,0.0,1.458,0.0,0.0,-0.729,0.0,0.0
2010-07-03 02:30:00,house_1,2,48.0,0.0,0.0,48.0,6.083333333333333,0.292,48.0,0.0,0.0,0.2,47.854,6.101893258661763,47.9049,6.101893258661763,-0.292,-0.292,0.0,0.292,0.0,0.0,-0.146,0.0,0.0
2010-07-03 02:30:00,house_2,3,48.0,0.0,0.0,48.0,3.1666666666666665,0.152,48.0,0.0,0.0,0.20000368421052628,47.924,3.1716885068024374,47.9049,3.1716885068024374,-0.152,-0.152,0.0,0.152,0.0,0.0,-0.076,0.0,0.0
2010-07-03 03:00:00,house_0,1,48.0,0.0,0.0,48.0,69.75,3.348,48.0,0.0,0.0,0.20000142105263158,46.326,72.27043129128351,47.8188,72.27043129128351,-3.348,-3.348,0.0,3.348,0.0,0.0,-1.674,0.0,0.0
2010-07-03 03:00:00,house_1,2,48.0,0.0,0.0,48.0,2.2916666666666665,0.11,48.0,0.0,0.0,0.2,47.945,2.2942955469809156,47.8188,2.2942955469809156,-0.11,-0.11,0.0,0.11,0.0,0.0,-0.055,0.0,0.0
2010-07-03 03:00:00,house_2,3,48.0,0.0,0.0,48.0,3.4583333333333335,0.166,48.0,0.0,0.0,0.20000368421052628,47.917,3.464323726443642,47.8188,3.464323726443642,-0.166,-0.166,0.0,0.166,0.0,0.0,-0.083,0.0,0.0
2010-07-03 03:30:00,house_0,1,48.0,0.0,0.0,48.0,53.458333333333336,2.566,48.0,0.0,0.0,0.20000142105263158,46.717,54.92647216216795,47.85521111111111,54.92647216216795,-2.566,-2.566,0.0,2.566,0.0,0.0,-1.283,0.0,0.0
2010-07-03 03:30:00,house_1,2,48.0,0.46296296296296285,0.02222222222222222,48.0,5.083333333333333,0.244,48.0,0.0,0.0,0.2,47.88911111111111,5.095103967034955,47.85521111111111,4.631068997359641,-0.22177777777777777,-0.22177777777777777,0.0,0.22177777777777777,0.0,0.0,-0.11088888888888888,0.0,0.0
2010-07-03 03:30:00,house_2,3,48.0,0.0,0.0,48.0,2.25,0.108,48.0,0.0,0.0,0.20000368421052628,47.946,2.2525341008634716,47.85521111111111,2.2525341008634716,-0.108,-0.108,0.0,0.108,0.0,0.0,-0.054,0.0,0.0
2010-07-03 04:00:00,house_0,1,48.0,0.0,0.0,48.0,5.458333333333333,0.262,48.0,0.0,0.0,0.20000142105263158,47.869,5.473270801562598,47.9663,5.473270801562598,-0.262,-0.262,0.0,0.262,0.0,0.0,-0.131,0.0,0.0
2010-07-03 04:00:00,house_1,2,48.0,0.0,0.0,48.0,3.4583333333333335,0.166,48.0,0.0,0.0,0.2,47.917,3.464323726443642,47.9663,3.464323726443642,-0.166,-0.166,0.0,0.166,0.0,0.0,-0.083,0.0,0.0
2010-07-03 04:00:00,house_2,3,48.0,0.0,0.0,48.0,5.125,0.246,48.0,0.0,0.0,0.20000368421052628,47.877,5.1381665517889585,47.9663,5.1381665517889585,-0.246,-0.246,0.0,0.246,0.0,0.0,-0.123,0.0,0.0
2010-07-03 04:30:00,house_0,1,48.0,0.0,0.0,48.0,12.291666666666666,0.59,48.0,0.0,0.0,0.20000142105263158,47.705,12.367676344198722,47.8472,12.367676344198722,-0.59,-0.59,0.0,0.59,0.0,0.0,-0.295,0.0,0.0
2010-07-03 04:30:00,house_1,2,48.0,0.0,0.0,48.0,3.5416666666666665,0.17,48.0,0.0,0.0,0.2,47.915,3.54794949389544,47.8472,3.54794949389544,-0.17,-0.17,0.0,0.17,0.0,0.0,-0.085,0.0,0.0
2010-07-03 04:30:00,house_2,3,48.0,0.0,0.0,48.0,47.83333333333334,2.2960000000000003,48.0,0.0,0.0,0.20000368421052628,46.852,49.00537863911894,47.8472,49.00537863911894,-2.2960000000000003,-2.2960000000000003,0.0,2.2960000000000003,0.0,0.0,-1.1480000000000001,0.0,0.0
2010-07-03 05:00:00,house_0,1,48.0,0.0,0.0,48.0,43.75,2.1,48.0,0.0,0.0,0.20000142105263158,46.95,44.72843450479233,47.8781,44.72843450479233,-2.1,-2.1,0.0,2.1,0.0,0.0,-1.05,0.0,0.0
2010-07-03 05:00:00,house_1,2,48.0,0.0,0.0,48.0,5.0,0.24,48.0,0.0,0.0,0.2,47.88,5.012531328320802,47.8781,5.012531328320802,-0.24,-0.24,0.0,0.24,0.0,0.0,-0.12,0.0,0.0
2010-07-03 05:00:00,house_2,3,48.0,0.0,0.0,48.0,2.0416666666666665,0.098,48.0,0.0,0.0,0.20000368421052628,47.951,2.043752997851974,47.8781,2.043752997851974,-0.098,-0.098,0.0,0.098,0.0,0.0,-0.049,0.0,0.0
2010-07-03 05:30:00,house_0,1,48.0,0.0,0.0,48.0,4.416666666666667,0.212,48.0,0.0,0.0,0.20000142105263158,47.894,4.426441725477096,47.9771,4.426441725477096,-0.212,-0.212,0.0,0.212,0.0,0.0,-0.106,0.0,0.0
2010-07-03 05:30:00,house_1,2,48.0,0.0,0.0,48.0,1.7916666666666667,0.086,48.0,0.0,0.0,0.2,47.957,1.7932731405217173,47.9771,1.7932731405217173,-0.086,-0.086,0.0,0.086,0.0,0.0,-0.043,0.0,0.0
2010-07-03 05:30:00,house_2,3,48.0,0.7500000000000001,0.036000000000000004,48.0,4.083333333333333,0.196,48.0,0.0,0.0,0.20000368421052628,47.92,4.090150250417362,47.9771,3.33889816360601,-0.16,-0.16,0.0,0.16,0.0,0.0,-0.08,0.0,0.0
2010-07-03 06:00:00,house_0,1,48.0,0.0,0.0,48.0,14.583333333333334,0.7,48.0,0.0,0.0,0.20000142105263158,47.65,14.690451206715636,47.8882,14.690451206715636,-0.7,-0.7,0.0,0.7,0.0,0.0,-0.35,0.0,0.0
2010-07-03 06:00:00,house_1,2,48.0,0.0,0.0,48.0,29.625,1.422,48.0,0.0,0.0,0.2,47.289,30.07041806762672,47.8882,30.07041806762672,-1.422,-1.422,0.0,1.422,0.0,0.0,-0.711,0.0,0.0
2010-07-03 06:00:00,house_2,3,48.0,0.0,0.0,48.0,2.375,0.114,48.0,0.0,0.0,0.20000368421052628,47.943,2.3778236656029037,47.8882,2.3778236656029037,-0.114,-0.114,0.0,0.114,0.0,0.0,-0.057,0.0,0.0
2010-07-03 06:30:00,house_0,1,48.0,0.0,0.0,48.0,5.083333333333333,0.244,48.0,0.0,0.0,0.20000142105263158,47.878,5.09628639458624,47.8902,5.09628639458624,-0.244,-0.244,0.0,0.244,0.0,0.0,-0.122,0.0,0.0
2010-07-03 06:30:00,house_1,2,48.0,0.0,0.0,48.0,37.24999999999999,1.7879999999999998,48.0,0.0,0.0,0.2,47.106,37.95694815947012,47.8902,37.95694815947012,-1.7879999999999998,-1.7879999999999998,0.0,1.7879999999999998,0.0,0.0,-0.8939999999999999,0.0,0.0
2010-07-03 06:30:00,house_2,3,48.0,0.0,0.0,48.0,3.4166666666666665,0.164,48.0,0.0,0.0,0.20000368421052628,47.918,3.4225134604950123,47.8902,3.4225134604950123,-0.164,-0.164,0.0,0.164,0.0,0.0,-0.082,0.0,0.0
2010-07-03 07:00:00,house_0,1,48.0,0.0,0.0,48.0,4.083333333333333,0.196,48.0,0.0,0.0,0.20000142105263158,47.902,4.091687194689157,47.9722,4.091687194689157,-0.196,-0.196,0.0,0.196,0.0,0.0,-0.098,0.0,0.0
2010-07-03 07:00:00,house_1,2,48.0,0.0,0.0,48.0,3.7916666666666665,0.182,48.0,0.0,0.0,0.2,47.909,3.798868688555386,47.9722,3.798868688555386,-0.182,-0.182,0.0,0.182,0.0,0.0,-0.091,0.0,0.0
2010-07-03 07:00:00,house_2,3,48.0,0.0,0.0,48.0,3.7083333333333335,0.178,48.0,0.0,0.0,0.20000368421052628,47.911,3.7152219740769343,47.9722,3.7152219740769343,-0.178,-0.178,0.0,0.178,0.0,0.0,-0.089,0.0,0.0
2010-07-03 07:30:00,house_0,1,48.0,0.42989417989417994,0.020634920634920634,48.0,33.291666666666664,1.598,48.0,0.0,0.0,0.20000142105263158,47.21131746031746,33.847816285643106,47.822631746031746,33.41074056429166,-1.5773650793650795,-1.5773650793650795,0.0,1.5773650793650795,0.0,0.0,-0.7886825396825398,0.0,0.0
2010-07-03 07:30:00,house_1,2,48.0,0.0,0.0,48.0,39.958333333333336,1.918,48.0,0.0,0.0,0.2,47.041,40.77294275206735,47.822631746031746,40.77294275206735,-1.918,-1.918,0.0,1.918,0.0,0.0,-0.959,0.0,0.0
2010-07-03 07:30:00,house_2,3,48.0,0.7500000000000001,0.036000000000000004,48.0,1.8333333333333333,0.088,48.0,0.0,0.0,0.20000368421052628,47.974,1.8343269270855047,47.822631746031746,1.0839204569141618,-0.05199999999999999,-0.05199999999999999,0.0,0.05199999999999999,0.0,0.0,-0.025999999999999995,0.0,0.0
2010-07-03 08:00:00,house_0,1,48.0,1.8518518518518519,0.08888888888888889,48.0,41.625,1.998,48.0,0.0,0.0,0.20000142105263158,47.04544444444444,42.469574335925785,47.762262962962964,40.58014827271032,-1.9091111111111112,-1.9091111111111112,0.0,1.9091111111111112,0.0,0.0,-0.9545555555555556,0.0,0.0
2010-07-03 08:00:00,house_1,2,48.0,1.4660493827160492,0.07037037037037036,48.0,60.75,2.916,48.0,0.0,0.0,0.2,46.577185185185186,62.60575834298146,47.762262962962964,61.0949248718177,-2.8456296296296295,-2.8456296296296295,0.0,2.8456296296296295,0.0,0.0,-1.4228148148148148,0.0,0.0
2010-07-03 08:00:00,house_2,3,48.0,8.625000000000002,0.41400000000000003,48.0,3.4166666666666665,0.164,48.0,-5.208333333333333,-0.25,0.22375368421052627,48.0,8.625000000000002,47.762262962962964,0.0,0.0,0.25,0.25,0.0,0.25,0.0,0.0,0.0,0.0
2010-07-03 08:30:00,house_0,1,48.0,3.7367724867724874,0.1793650793650794,48.0,18.291666666666668,0.878,48.0,0.0,0.0,0.20000142105263158,47.65068253968254,18.425759154002023,47.79325714285714,14.661593148285155,-0.6986349206349206,-0.6986349206349206,0.0,0.6986349206349206,0.0,0.0,-0.3493174603174603,0.0,0.0
2010-07-03 08:30:00,house_1,2,48.0,5.787037037037037,0.2777777777777778,48.0,77.375,3.714,48.0,0.0,0.0,0.2,46.281888888888886,80.24737298247214,47.79325714285714,74.24550520121862,-3.4362222222222223,-3.4362222222222223,0.0,3.4362222222222223,0.0,0.0,-1.7181111111111111,0.0,0.0
2010-07-03 08:30:00,house_2,3,48.0,7.0,0.336,48.0,2.8333333333333335,0.136,48.0,-4.166666666666667,-0.2,0.2427536842105263,48.0,7.0,47.79325714285714,0.0,0.0,0.2,0.2,0.0,0.2,0.0,0.0,0.0,0.0
2010-07-03 09:00:00,house_0,1,48.0,4.761904761904761,0.22857142857142854,48.0,8.708333333333334,0.418,48.0,0.0,0.0,0.20000142105263158,47.90528571428572,8.725550714654213,47.88921005291005,3.954231116757173,-0.18942857142857145,-0.18942857142857145,0.0,0.18942857142857145,0.0,0.0,-0.09471428571428572,0.0,0.0
2010-07-03 09:00:00,house_1,2,48.0,31.86728395061728,1.5296296296296297,48.0,74.08333333333333,3.556,48.0,0.0,0.0,0.2,46.986814814814814,75.68080564760484,47.88921005291005,43.12636169011953,-2.0263703703703704,-2.0263703703703704,0.0,2.0263703703703704,0.0,0.0,-1.0131851851851852,0.0,0.0
2010-07-03 09:00:00,house_2,3,48.0,2.3749999999999996,0.11399999999999999,48.0,2.2083333333333335,0.106,48.0,-0.16666666666666666,-0.008,0.24351368421052627,48.0,2.3749999999999996,47.88921005291005,1.4456028966473392e-16,-6.938893903907228e-18,0.007999999999999993,0.007999999999999993,0.0,0.008,0.0,-3.469446951953614e-18,0.0,0.0
2010-07-03 09:30:00,house_0,1,48.0,11.177248677248679,0.5365079365079366,48.0,4.375,0.21,48.0,-6.802083333333333,-0.3265,0.23101892105263158,48.00000396825397,11.177247753203726,47.89813235978836,0.00016534390167701618,7.936507936623372e-06,0.32650793650793664,0.32650793650793664,0.0,0.3265,0.0,3.968253968311686e-06,0.0,0.0
2010-07-03 09:30:00,house_1,2,48.0,36.651234567901234,1.759259259259259,48.0,65.79166666666667,3.158,48.0,0.0,0.0,0.2,47.30062962962963,66.76443896682919,47.89813235978836,29.57129221520033,-1.3987407407407408,-1.3987407407407408,0.0,1.3987407407407408,0.0,0.0,-0.6993703703703704,0.0,0.0
2010-07-03 09:30:00,house_2,3,48.0,2.3749999999999996,0.11399999999999999,48.0,24.291666666666668,1.166,48.0,8.612083333333322,0.41337999999999947,0.2,47.68069,24.45434409611103,47.89813235978836,13.393682012571562,-0.6386200000000006,-1.052,0.0,1.052,0.0,0.41337999999999947,-0.3193100000000003,0.0,0.0
2010-07-03 10:00:00,house_0,1,48.0,16.964285714285715,0.8142857142857144,48.0,6.333333333333333,0.304,48.0,-10.63125,-0.5103,0.2794974210526316,47.99999285714286,16.964585857825277,47.82183261904762,0.0002976190919036051,-1.4285714285522388e-05,0.5102857142857145,0.5102857142857145,0.0,0.5103,0.0,-7.142857142761194e-06,0.0,0.0
2010-07-03 10:00:00,house_1,2,48.0,40.97222222222222,1.9666666666666668,48.0,68.54166666666667,3.29,48.0,0.0,0.0,0.2,47.33833333333333,69.49970073583776,47.82183261904762,27.954793507728056,-1.3233333333333333,-1.3233333333333333,0.0,1.3233333333333333,0.0,0.0,-0.6616666666666666,0.0,0.0
2010-07-03 10:00:00,house_2,3,48.0,3.875,0.186,48.0,50.541666666666664,2.426,48.0,0.0,0.0,0.2,46.88,51.74914675767918,47.82183261904762,47.781569965870304,-2.24,-2.24,0.0,2.24,0.0,0.0,-1.12,0.0,0.0
2010-07-03 10:30:00,house_0,1,48.0,23.34656084656085,1.1206349206349207,48.0,18.541666666666668,0.89,48.0,-4.804166666666666,-0.2306,0.30140442105263154,48.00001746031746,23.346552354098023,47.909361005291004,0.0007275129628756332,3.492063492063768e-05,0.23063492063492064,0.23063492063492064,0.0,0.2306,0.0,1.746031746031884e-05,0.0,0.0
2010-07-03 10:30:00,house_1,2,48.0,43.44135802469136,2.085185185185185,48.0,66.45833333333333,3.19,48.0,0.0,0.0,0.2,47.44759259259259,67.23207281327937,47.909361005291004,23.28494986671455,-1.104814814814815,-1.104814814814815,0.0,1.104814814814815,0.0,0.0,-0.5524074074074075,0.0,0.0
2010-07-03 10:30:00,house_2,3,48.0,39.87500000000001,1.9140000000000001,48.0,54.625,2.622,48.0,0.0,0.0,0.2,47.646,55.030852537463794,47.909361005291004,14.85958947235864,-0.7079999999999997,-0.7079999999999997,0.0,0.7079999999999997,0.0,0.0,-0.35399999999999987,0.0,0.0
2010-07-03 11:00:00,house_0,1,48.0,26.653439153439155,1.2793650793650795,48.0,8.541666666666666,0.41,48.0,-18.1125,-0.8694,0.38399742105263157,47.99998253968254,26.654176362299598,48.00089714285714,0.0007275134921459252,-3.492063492038788e-05,0.8693650793650796,0.8693650793650796,0.0,0.8694,0.0,-1.746031746019394e-05,0.0,0.0
2010-07-03 11:00:00,house_1,2,48.0,45.37037037037036,2.1777777777777776,48.0,7.625,0.366,48.0,-37.74583333333334,-1.8118,0.37212100000000004,47.999988888888886,45.37084383584349,48.00089714285714,0.00046296307013799924,-2.222222222258985e-05,1.8117777777777775,1.8117777777777775,0.0,1.8118,0.0,-1.1111111111294925e-05,0.0,0.0
2010-07-03 11:00:00,house_2,3,48.0,44.5,2.136,48.0,2.4583333333333335,0.118,48.0,-41.666666666666664,-2.0,0.39,48.009,44.491657814159844,48.00089714285714,0.37492970068112724,0.018000000000000238,2.0180000000000002,2.0180000000000002,0.0,2.0,0.0,0.009000000000000119,0.0,0.0
2010-07-03 11:30:00,house_0,1,48.0,29.761904761904763,1.4285714285714286,48.0,9.666666666666666,0.464,48.0,-20.095833333333335,-0.9646,0.4756344210526316,47.999985714285714,29.76250885788954,48.00110079365079,0.0005952382723912862,-2.8571428571377844e-05,0.9645714285714286,0.9645714285714286,0.0,0.9646,0.0,-1.4285714285688922e-05,0.0,0.0
2010-07-03 11:30:00,house_1,2,48.0,46.75925925925926,2.2444444444444445,48.0,6.291666666666667,0.302,48.0,-40.46666666666666,-1.9424,0.556649,48.00002222222222,46.759237611464066,48.00110079365079,0.0009259254972581542,4.4444444444513564e-05,1.9424444444444444,1.9424444444444444,0.0,1.9424,0.0,2.2222222222256782e-05,0.0,0.0
2010-07-03 11:30:00,house_2,3,48.0,44.5,2.136,48.0,2.375,0.114,48.0,-41.666666666666664,-2.0,0.5800000000000001,48.011,44.48980441982046,48.00110079365079,0.4582283226760584,0.02200000000000024,2.0220000000000002,2.0220000000000002,0.0,2.0,0.0,0.01100000000000012,0.0,0.0
2010-07-03 12:00:00,house_0,1,48.0,33.49867724867725,1.607936507936508,48.0,3.75,0.18,48.0,-29.747916666666665,-1.4279,0.6112849210526315,48.00001825396826,33.498664509436445,48.00270404761905,0.0007605817213432841,3.650793650811224e-05,1.427936507936508,1.427936507936508,0.0,1.4279,0.0,1.825396825405612e-05,0.0,0.0
2010-07-03 12:00:00,house_1,2,48.0,46.75925925925926,2.2444444444444445,48.0,7.125,0.342,48.0,-39.63333333333333,-1.9024,0.737377,48.00002222222222,46.759237611464066,48.00270404761905,0.0009259254972535284,4.444444444429152e-05,1.9024444444444444,1.9024444444444444,0.0,1.9024,0.0,2.222222222214576e-05,0.0,0.0
2010-07-03 12:00:00,house_2,3,48.0,45.375,2.178,48.0,2.5833333333333335,0.124,48.0,-41.666666666666664,-2.0,0.77,48.027,45.34949091136236,48.00270404761905,1.1243675432569145,0.053999999999999826,2.054,2.054,0.0,2.0,0.0,0.026999999999999913,0.0,0.0
2010-07-03 12:30:00,house_0,1,48.0,36.574074074074076,1.7555555555555558,48.0,16.041666666666668,0.77,48.0,-20.533333333333335,-0.9856,0.7049169210526316,47.99997777777778,36.57501693287821,48.02797777777778,0.0009259263545923485,-4.444444444429152e-05,0.9855555555555557,0.9855555555555557,0.0,0.9856,0.0,-2.222222222214576e-05,0.0,0.0
2010-07-03 12:30:00,house_1,2,48.0,45.83333333333332,2.1999999999999997,48.0,16.208333333333332,0.778,48.0,-29.625,-1.422,0.8724669999999999,48.0,45.833333333333336,48.02797777777778,4.625929269271485e-15,-2.220446049250313e-16,1.4219999999999997,1.4219999999999997,0.0,1.422,0.0,-1.1102230246251565e-16,0.0,0.0
2010-07-03 12:30:00,house_2,3,48.0,43.0,2.064,48.0,2.8333333333333335,0.136,48.0,-28.508333333333336,-1.3684,0.8999980000000001,48.2798,42.7507984705819,48.02797777777778,11.5907688101442,0.5595999999999999,1.928,1.928,0.0,1.3684,0.0,0.27979999999999994,0.0,0.0
2010-07-03 13:00:00,house_0,1,48.0,37.40079365079365,1.795238095238095,48.0,22.625,1.086,48.0,-14.775,-0.7092,0.7722909210526316,48.00001904761905,37.400778809214756,47.978672275132276,0.0007936504787040924,3.8095238094948414e-05,0.709238095238095,0.709238095238095,0.0,0.7092,0.0,1.9047619047474207e-05,0.0,0.0
2010-07-03 13:00:00,house_1,2,48.0,43.90432098765432,2.107407407407407,48.0,133.08333333333334,6.388,48.0,41.666666666666664,2.0,0.6619406842105264,46.8597037037037,136.32181800362312,47.978672275132276,48.668523535976576,-2.2805925925925923,-4.280592592592592,0.0,4.280592592592592,0.0,2.0,-1.1402962962962961,0.0,0.0
2010-07-03 13:00:00,house_2,3,48.0,41.37500000000001,1.9860000000000002,48.0,2.75,0.132,48.0,0.0,0.0,0.8999980000000001,48.927,40.59108467717212,47.978672275132276,37.893187810411426,1.854,1.854,1.854,0.0,0.0,0.0,0.927,0.0,0.0
2010-07-03 13:30:00,house_0,1,48.0,39.88095238095239,1.9142857142857146,48.0,15.375,0.738,48.0,-24.506249999999998,-1.1763,0.8840394210526317,47.99999285714286,39.8812559347107,48.08519761904762,0.00029761909189897915,-1.4285714285300344e-05,1.1762857142857146,1.1762857142857146,0.0,1.1763,0.0,-7.142857142650172e-06,0.0,0.0
2010-07-03 13:30:00,house_1,2,48.0,40.97222222222222,1.9666666666666668,48.0,70.04166666666667,3.362,48.0,29.068749999999998,1.3953,0.5150670000000002,47.99998333333333,70.04169098669826,48.08519761904762,0.000694444685570995,-3.333333333332966e-05,-1.3953333333333333,0.0,1.3953333333333333,0.0,1.3953,-1.666666666666483e-05,0.0,0.0
2010-07-03 13:30:00,house_2,3,48.0,38.24999999999999,1.8359999999999999,48.0,2.75,0.132,48.0,0.0,0.0,0.8999980000000001,48.852,37.58290346352248,48.08519761904762,34.880864652419554,1.7039999999999997,1.7039999999999997,1.7039999999999997,0.0,0.0,0.0,0.8519999999999999,0.0,0.0
2010-07-03 14:00:00,house_0,1,48.0,36.574074074074076,1.7555555555555558,48.0,25.666666666666668,1.232,48.0,-3.5,-0.168,0.8999994210526316,48.17777777777778,36.43911439114392,48.09227685185185,7.3800738007380104,0.35555555555555574,0.5235555555555558,0.5235555555555558,0.0,0.168,0.0,0.17777777777777787,0.0,0.0
2010-07-03 14:00:00,house_1,2,48.0,37.114197530864196,1.7814814814814812,48.0,6.041666666666667,0.29,48.0,-31.072916666666668,-1.4915,0.6567595000000002,47.99999074074074,37.114590492783655,48.09227685185185,0.00038580254356474283,-1.8518518518861882e-05,1.4914814814814812,1.4914814814814812,0.0,1.4915,0.0,-9.259259259430941e-06,0.0,0.0
2010-07-03 14:00:00,house_2,3,48.0,33.625,1.614,48.0,2.5833333333333335,0.124,48.0,0.0,0.0,0.8999980000000001,48.745,33.11108831675044,48.09227685185185,30.567237665401585,1.4900000000000002,1.4900000000000002,1.4900000000000002,0.0,0.0,0.0,0.7450000000000001,0.0,0.0
2010-07-03 14:30:00,house_0,1,48.0,36.177248677248684,1.7365079365079368,48.0,32.75,1.572,48.0,0.0,0.0,0.8999994210526316,48.082253968253966,36.11536051646947,48.07032687830688,3.4213857074286103,0.16450793650793671,0.16450793650793671,0.16450793650793671,0.0,0.0,0.0,0.08225396825396836,0.0,0.0
2010-07-03 14:30:00,house_1,2,48.0,31.86728395061728,1.5296296296296297,48.0,9.666666666666666,0.464,48.0,-22.200000000000003,-1.0656,0.7579915000000002,48.00001481481481,31.867274115038853,48.07032687830688,0.000617283760097023,2.9629629629601695e-05,1.0656296296296297,1.0656296296296297,0.0,1.0656,0.0,1.4814814814800847e-05,0.0,0.0
2010-07-03 14:30:00,house_2,3,48.0,28.125,1.35,48.0,2.25,0.108,48.0,0.0,0.0,0.8999980000000001,48.621,27.765780218424137,48.07032687830688,25.544517800950207,1.242,1.242,1.242,0.0,0.0,0.0,0.621,0.0,0.0
2010-07-03 15:00:00,house_0,1,48.0,28.538359788359788,1.3698412698412699,48.0,34.708333333333336,1.666,48.0,6.170833333333334,0.2962,0.8688204736842107,48.00002063492064,34.70917820041942,48.04910076719577,0.0008597879901728352,4.1269841269953034e-05,-0.29615873015873007,0.0,0.29615873015873007,0.0,0.2962,2.0634920634976517e-05,0.0,0.0
2010-07-03 15:00:00,house_1,2,48.0,26.543209876543205,1.274074074074074,48.0,6.416666666666667,0.308,48.0,-20.12708333333333,-0.9661,0.849771,47.99998703703704,26.543757168452938,48.04910076719577,0.0005401236026603756,-2.5925925926095772e-05,0.9660740740740739,0.9660740740740739,0.0,0.9661,0.0,-1.2962962963047886e-05,0.0,0.0
2010-07-03 15:00:00,house_2,3,48.0,22.624999999999996,1.0859999999999999,48.0,2.1666666666666665,0.104,48.0,0.0,0.0,0.8999980000000001,48.491,22.395908519106634,48.04910076719577,20.25118063145738,0.9819999999999999,0.9819999999999999,0.9819999999999999,0.0,0.0,0.0,0.49099999999999994,0.0,0.0
2010-07-03 15:30:00,house_0,1,48.0,11.574074074074074,0.5555555555555556,48.0,33.458333333333336,1.606,48.0,21.883333333333336,1.0504,0.7582520526315792,47.99997777777778,33.45834882330964,48.03515907407407,0.0009259263545969745,-4.4444444444513564e-05,-1.0504444444444445,0.0,1.0504444444444445,0.0,1.0504,-2.2222222222256782e-05,0.0,0.0
2010-07-03 15:30:00,house_1,2,48.0,19.290123456790123,0.9259259259259258,48.0,5.958333333333333,0.286,48.0,-11.014583333333333,-0.5287,0.8999975,48.05561296296296,19.26779971862076,48.03515907407407,2.3145251733995984,0.11122592592592584,0.6399259259259258,0.6399259259259258,0.0,0.5287,0.0,0.05561296296296292,0.0,0.0
2010-07-03 15:30:00,house_2,3,48.0,14.875,0.714,48.0,2.5416666666666665,0.122,48.0,0.0,0.0,0.8999980000000001,48.296,14.78383302965049,48.03515907407407,12.257743912539341,0.592,0.592,0.592,0.0,0.0,0.0,0.296,0.0,0.0
2010-07-03 16:00:00,house_0,1,48.0,5.158730158730159,0.24761904761904763,48.0,45.208333333333336,2.17,48.0,40.050000000000004,1.9224,0.5558941578947372,48.000009523809524,45.2087211887458,47.92618984126984,0.00039682531809413606,1.9047619047807274e-05,-1.9223809523809523,0.0,1.9223809523809523,0.0,1.9224,9.523809523903637e-06,0.0,0.0
2010-07-03 16:00:00,house_1,2,48.0,12.037037037037036,0.5777777777777777,48.0,89.41666666666667,4.292,48.0,41.666666666666664,2.0,0.6894711842105266,47.14288888888889,91.04236293443573,47.92618984126984,36.36226507591578,-1.7142222222222223,-3.7142222222222223,0.0,3.7142222222222223,0.0,2.0,-0.8571111111111112,0.0,0.0
2010-07-03 16:00:00,house_2,3,48.0,7.875,0.378,48.0,2.9166666666666665,0.14,48.0,0.0,0.0,0.8999980000000001,48.119,7.855524844655958,47.92618984126984,4.946071198487084,0.238,0.238,0.238,0.0,0.0,0.0,0.119,0.0,0.0
2010-07-03 16:30:00,house_0,1,48.0,1.2566137566137565,0.06031746031746032,48.0,33.375,1.602,48.0,32.11875,1.5417,0.39360994736842136,48.00000873015873,33.3753576863602,47.8356305026455,0.0003637565475969284,1.7460317460304964e-05,-1.5416825396825398,0.0,1.5416825396825398,0.0,1.5417,8.730158730152482e-06,0.0,0.0
2010-07-03 16:30:00,house_1,2,48.0,1.929012345679012,0.09259259259259259,48.0,112.08333333333333,5.38,48.0,41.666666666666664,2.0,0.4789448684210529,46.35629629629629,116.05758936418403,47.8356305026455,70.91609274380403,-3.2874074074074073,-5.287407407407407,0.0,5.287407407407407,0.0,2.0,-1.6437037037037037,0.0,0.0
2010-07-03 16:30:00,house_2,3,48.0,1.625,0.078,48.0,4.958333333333333,0.238,48.0,3.3333333333333335,0.16,0.8831558947368423,48.0,4.958333333333333,47.8356305026455,5.782411586589357e-16,2.7755575615628914e-17,-0.15999999999999998,0.0,0.15999999999999998,0.0,0.16,1.3877787807814457e-17,0.0,0.0
2010-07-03 17:00:00,house_0,1,48.0,0.19841269841269846,0.009523809523809525,48.0,34.875,1.674,48.0,34.677083333333336,1.6645,0.21839942105263188,48.000011904761905,34.87548738207158,48.00000119047619,0.0004960316230106188,2.380952380964807e-05,-1.6644761904761904,0.0,1.6644761904761904,0.0,1.6645,1.1904761904824035e-05,0.0,0.0
2010-07-03 17:00:00,house_1,2,48.0,0.0,0.0,48.0,8.791666666666666,0.422,48.0,8.791666666666666,0.422,0.43452381578947397,48.0,8.791666666666666,48.00000119047619,0.0,0.0,-0.422,0.0,0.422,0.0,0.422,0.0,0.0,0.0
2010-07-03 17:00:00,house_2,3,48.0,0.0,0.0,48.0,3.5416666666666665,0.17,48.0,3.5416666666666665,0.17,0.8652611578947371,48.0,3.5416666666666665,48.00000119047619,0.0,0.0,-0.17,0.0,0.17,0.0,0.17,0.0,0.0,0.0
2010-07-03 17:30:00,house_0,1,48.0,0.0,0.0,48.0,48.25,2.316,48.0,3.6415520833333908,0.17479450000000277,0.2,46.92939725,49.35072972836871,47.892939725,45.626102730309356,-2.141205499999997,-2.316,0.0,2.316,0.0,0.17479450000000277,-1.0706027499999986,0.0,0.0
2010-07-03 17:30:00,house_1,2,48.0,0.0,0.0,48.0,7.833333333333333,0.376,48.0,7.833333333333333,0.376,0.3949448684210529,48.0,7.833333333333333,47.892939725,0.0,0.0,-0.376,0.0,0.376,0.0,0.376,0.0,0.0,0.0
2010-07-03 17:30:00,house_2,3,48.0,0.0,0.0,48.0,4.333333333333333,0.208,48.0,4.333333333333333,0.208,0.8433664210526319,48.0,4.333333333333333,47.892939725,0.0,0.0,-0.208,0.0,0.208,0.0,0.208,0.0,0.0,0.0
2010-07-03 18:00:00,house_0,1,48.0,0.0,0.0,48.0,41.291666666666664,1.982,48.0,0.0,0.0,0.2,47.009,42.162139164840774,47.9009,42.162139164840774,-1.982,-1.982,0.0,1.982,0.0,0.0,-0.991,0.0,0.0
2010-07-03 18:00:00,house_1,2,48.0,0.0,0.0,48.0,4.833333333333333,0.232,48.0,4.833333333333333,0.232,0.37052381578947396,48.0,4.833333333333333,47.9009,0.0,0.0,-0.232,0.0,0.232,0.0,0.232,0.0,0.0,0.0
2010-07-03 18:00:00,house_2,3,48.0,0.0,0.0,48.0,1.7083333333333333,0.082,48.0,1.7083333333333333,0.082,0.8347348421052636,48.0,1.7083333333333333,47.9009,0.0,0.0,-0.082,0.0,0.082,0.0,0.082,0.0,0.0,0.0
2010-07-03 18:30:00,house_0,1,48.0,0.0,0.0,48.0,46.166666666666664,2.216,48.0,0.0,0.0,0.2,46.892,47.25752793653501,47.8892,47.25752793653501,-2.216,-2.216,0.0,2.216,0.0,0.0,-1.108,0.0,0.0
2010-07-03 18:30:00,house_1,2,48.0,0.0,0.0,48.0,7.208333333333333,0.346,48.0,7.208333333333333,0.346,0.334102763157895,48.0,7.208333333333333,47.8892,0.0,0.0,-0.346,0.0,0.346,0.0,0.346,0.0,0.0,0.0
2010-07-03 18:30:00,house_2,3,48.0,0.0,0.0,48.0,3.2083333333333335,0.154,48.0,3.2083333333333335,0.154,0.8185243157894742,48.0,3.2083333333333335,47.8892,0.0,0.0,-0.154,0.0,0.154,0.0,0.154,0.0,0.0,0.0
2010-07-03 19:00:00,house_0,1,48.0,0.0,0.0,48.0,46.0,2.208,48.0,0.0,0.0,0.2,46.896,47.082906857727735,47.8896,47.082906857727735,-2.208,-2.208,0.0,2.208,0.0,0.0,-1.104,0.0,0.0
2010-07-03 19:00:00,house_1,2,48.0,0.0,0.0,48.0,3.9583333333333335,0.19,48.0,3.9583333333333335,0.19,0.314102763157895,48.0,3.9583333333333335,47.8896,0.0,0.0,-0.19,0.0,0.19,0.0,0.19,0.0,0.0,0.0
2010-07-03 19:00:00,house_2,3,48.0,0.0,0.0,48.0,2.6666666666666665,0.128,48.0,2.6666666666666665,0.128,0.8050506315789479,48.0,2.6666666666666665,47.8896,0.0,0.0,-0.128,0.0,0.128,0.0,0.128,0.0,0.0,0.0
2010-07-03 19:30:00,house_0,1,48.0,0.0,0.0,48.0,18.375,0.882,48.0,0.0,0.0,0.2,47.559,18.545385731407304,47.9559,18.545385731407304,-0.882,-0.882,0.0,0.882,0.0,0.0,-0.441,0.0,0.0
2010-07-03 19:30:00,house_1,2,48.0,0.0,0.0,48.0,7.208333333333333,0.346,48.0,7.208333333333333,0.346,0.2776817105263161,48.0,7.208333333333333,47.9559,0.0,0.0,-0.346,0.0,0.346,0.0,0.346,0.0,0.0,0.0
2010-07-03 19:30:00,house_2,3,48.0,0.0,0.0,48.0,1.875,0.09,48.0,1.875,0.09,0.7955769473684215,48.0,1.875,47.9559,0.0,0.0,-0.09,0.0,0.09,0.0,0.09,0.0,0.0,0.0
2010-07-03 20:00:00,house_0,1,48.0,0.0,0.0,48.0,16.125,0.774,48.0,0.0,0.0,0.2,47.613,16.256064520194066,47.9613,16.256064520194066,-0.774,-0.774,0.0,0.774,0.0,0.0,-0.387,0.0,0.0
2010-07-03 20:00:00,house_1,2,48.0,0.0,0.0,48.0,3.7916666666666665,0.182,48.0,3.7916666666666665,0.182,0.258523815789474,48.0,3.7916666666666665,47.9613,0.0,0.0,-0.182,0.0,0.182,0.0,0.182,0.0,0.0,0.0
2010-07-03 20:00:00,house_2,3,48.0,0.0,0.0,48.0,20.625,0.99,48.0,20.625,0.99,0.691366421052632,48.0,20.625,47.9613,0.0,0.0,-0.99,0.0,0.99,0.0,0.99,0.0,0.0,0.0
2010-07-03 20:30:00,house_0,1,48.0,0.0,0.0,48.0,11.416666666666666,0.548,48.0,0.0,0.0,0.2,47.726,11.482210954196875,47.9501,11.482210954196875,-0.548,-0.548,0.0,0.548,0.0,0.0,-0.274,0.0,0.0
2010-07-03 20:30:00,house_1,2,48.0,0.0,0.0,48.0,6.25,0.3,48.0,6.25,0.3,0.22694486842105294,48.0,6.25,47.9501,0.0,0.0,-0.3,0.0,0.3,0.0,0.3,0.0,0.0,0.0
2010-07-03 20:30:00,house_2,3,48.0,0.0,0.0,48.0,51.041666666666664,2.45,48.0,41.666666666666664,2.0,0.4808401052631583,47.775,51.282051282051285,47.9501,9.419152276295137,-0.4500000000000002,-2.45,0.0,2.45,0.0,2.0,-0.2250000000000001,0.0,0.0
2010-07-03 21:00:00,house_0,1,48.0,0.0,0.0,48.0,32.583333333333336,1.564,48.0,0.0,0.0,0.2,47.218,33.12296158244737,47.9218,33.12296158244737,-1.564,-1.564,0.0,1.564,0.0,0.0,-0.782,0.0,0.0
2010-07-03 21:00:00,house_1,2,48.0,0.0,0.0,48.0,4.208333333333333,0.202,48.0,4.208333333333333,0.202,0.2056817105263161,48.0,4.208333333333333,47.9218,0.0,0.0,-0.202,0.0,0.202,0.0,0.202,0.0,0.0,0.0
2010-07-03 21:00:00,house_2,3,48.0,0.0,0.0,48.0,38.416666666666664,1.844,48.0,38.416666666666664,1.844,0.2867348421052635,48.0,38.416666666666664,47.9218,0.0,0.0,-1.844,0.0,1.844,0.0,1.844,0.0,0.0,0.0
2010-07-03 21:30:00,house_0,1,48.0,0.0,0.0,48.0,21.625,1.038,48.0,0.0,0.0,0.2,47.481,21.861376129399126,47.8611988125,21.861376129399126,-1.038,-1.038,0.0,1.038,0.0,0.0,-0.519,0.0,0.0
2010-07-03 21:30:00,house_1,2,48.0,0.0,0.0,48.0,37.333333333333336,1.792,48.0,1.1245052083333908,0.053976250000002765,0.2,47.130988125,38.02169382163786,47.8611988125,36.87645473059976,-1.7380237499999973,-1.792,0.0,1.792,0.0,0.053976250000002765,-0.8690118749999987,0.0,0.0
2010-07-03 21:30:00,house_2,3,48.0,0.0,0.0,48.0,2.625,0.126,48.0,2.625,0.126,0.2734716842105267,48.0,2.625,47.8611988125,0.0,0.0,-0.126,0.0,0.126,0.0,0.126,0.0,0.0,0.0
2010-07-03 22:00:00,house_0,1,48.0,0.0,0.0,48.0,9.375,0.45,48.0,0.0,0.0,0.2,47.775,9.419152276295133,47.8144,9.419152276295133,-0.45,-0.45,0.0,0.45,0.0,0.0,-0.225,0.0,0.0
2010-07-03 22:00:00,house_1,2,48.0,0.0,0.0,48.0,67.95833333333333,3.262,48.0,0.0,0.0,0.2,46.369,70.34872436325993,47.8144,70.34872436325993,-3.262,-3.262,0.0,3.262,0.0,0.0,-1.631,0.0,0.0
2010-07-03 22:00:00,house_2,3,48.0,0.0,0.0,48.0,2.2083333333333335,0.106,48.0,2.2083333333333335,0.106,0.2623137894736846,48.0,2.2083333333333335,47.8144,0.0,0.0,-0.106,0.0,0.106,0.0,0.106,0.0,0.0,0.0
2010-07-03 22:30:00,house_0,1,48.0,0.0,0.0,48.0,5.125,0.246,48.0,0.0,0.0,0.2,47.877,5.1381665517889585,47.837,5.1381665517889585,-0.246,-0.246,0.0,0.246,0.0,0.0,-0.123,0.0,0.0
2010-07-03 22:30:00,house_1,2,48.0,0.0,0.0,48.0,62.791666666666664,3.014,48.0,0.0,0.0,0.2,46.493,64.8269631987611,47.837,64.8269631987611,-3.014,-3.014,0.0,3.014,0.0,0.0,-1.507,0.0,0.0
2010-07-03 22:30:00,house_2,3,48.0,0.0,0.0,48.0,3.0416666666666665,0.146,48.0,3.0416666666666665,0.146,0.24694536842105302,48.0,3.0416666666666665,47.837,0.0,0.0,-0.146,0.0,0.146,0.0,0.146,0.0,0.0,0.0
2010-07-03 23:00:00,house_0,1,48.0,0.0,0.0,48.0,6.541666666666667,0.314,48.0,0.0,0.0,0.2,47.843,6.563133582760278,47.8317,6.563133582760278,-0.314,-0.314,0.0,0.314,0.0,0.0,-0.157,0.0,0.0
2010-07-03 23:00:00,house_1,2,48.0,0.0,0.0,48.0,63.583333333333336,3.052,48.0,0.0,0.0,0.2,46.474,65.67112794250549,47.8317,65.67112794250549,-3.052,-3.052,0.0,3.052,0.0,0.0,-1.526,0.0,0.0
2010-07-03 23:00:00,house_2,3,48.0,0.0,0.0,48.0,2.9166666666666665,0.14,48.0,2.9166666666666665,0.14,0.23220852631578986,48.0,2.9166666666666665,47.8317,0.0,0.0,-0.14,0.0,0.14,0.0,0.14,0.0,0.0,0.0
2010-07-03 23:30:00,house_0,1,48.0,0.0,0.0,48.0,16.25,0.78,48.0,0.0,0.0,0.2,47.61,16.38311279143037,47.817,16.38311279143037,-0.78,-0.78,0.0,0.78,0.0,0.0,-0.39,0.0,0.0
2010-07-03 23:30:00,house_1,2,48.0,0.0,0.0,48.0,60.0,2.88,48.0,0.0,0.0,0.2,46.56,61.855670103092784,47.817,61.855670103092784,-2.88,-2.88,0.0,2.88,0.0,0.0,-1.44,0.0,0.0
2010-07-03 23:30:00,house_2,3,48.0,0.0,0.0,48.0,1.7083333333333333,0.082,48.0,1.7083333333333333,0.082,0.22357694736842143,48.0,1.7083333333333333,47.817,0.0,0.0,-0.082,0.0,0.082,0.0,0.082,0.0,0.0,0.0
2010-07-04 00:00:00,house_0,1,48.0,0.0,0.0,48.0,50.208333333333336,2.41,48.0,0.0,0.0,0.2,46.795,51.50122876375681,47.776,51.50122876375681,-2.41,-2.41,0.0,2.41,0.0,0.0,-1.205,0.0,0.0
2010-07-04 00:00:00,house_1,2,48.0,0.0,0.0,48.0,43.125,2.07,48.0,0.0,0.0,0.2,46.965,44.07537527946343,47.776,44.07537527946343,-2.07,-2.07,0.0,2.07,0.0,0.0,-1.035,0.0,0.0
2010-07-04 00:00:00,house_2,3,48.0,0.0,0.0,48.0,2.75,0.132,48.0,2.75,0.132,0.20968221052631617,48.0,2.75,47.776,0.0,0.0,-0.132,0.0,0.132,0.0,0.132,0.0,0.0,0.0
2010-07-04 00:30:00,house_0,1,48.0,0.0,0.0,48.0,58.291666666666664,2.798,48.0,0.0,0.0,0.2,46.601,60.041630007939744,47.61349905,60.041630007939744,-2.798,-2.798,0.0,2.798,0.0,0.0,-1.399,0.0,0.0
2010-07-04 00:30:00,house_1,2,48.0,0.0,0.0,48.0,17.916666666666668,0.86,48.0,0.0,0.0,0.2,47.57,18.078620979608996,47.61349905,18.078620979608996,-0.86,-0.86,0.0,0.86,0.0,0.0,-0.43,0.0,0.0
2010-07-04 00:30:00,house_2,3,48.0,0.0,0.0,48.0,86.75,4.164,48.0,1.9162708333334055,0.09198100000000346,0.2,45.9639905,90.5926564404803,47.61349905,88.59150295055423,-4.0720189999999965,-4.164,0.0,4.164,0.0,0.09198100000000346,-2.0360094999999983,0.0,0.0
2010-07-04 01:00:00,house_0,1,48.0,0.0,0.0,48.0,55.541666666666664,2.666,48.0,0.0,0.0,0.2,46.667,57.12816337026164,47.6152,57.12816337026164,-2.666,-2.666,0.0,2.666,0.0,0.0,-1.333,0.0,0.0
2010-07-04 01:00:00,house_1,2,48.0,0.0,0.0,48.0,73.49999999999999,3.5279999999999996,48.0,0.0,0.0,0.2,46.236,76.30417856215935,47.6152,76.30417856215935,-3.5279999999999996,-3.5279999999999996,0.0,3.5279999999999996,0.0,0.0,-1.7639999999999998,0.0,0.0
2010-07-04 01:00:00,house_2,3,48.0,0.0,0.0,48.0,31.291666666666668,1.502,48.0,0.0,0.0,0.2,47.249,31.789032572117925,47.6152,31.789032572117925,-1.502,-1.502,0.0,1.502,0.0,0.0,-0.751,0.0,0.0
2010-07-04 01:30:00,house_0,1,48.0,0.0,0.0,48.0,58.041666666666664,2.786,48.0,0.0,0.0,0.2,46.607,59.77642843349712,47.8418,59.77642843349712,-2.786,-2.786,0.0,2.786,0.0,0.0,-1.393,0.0,0.0
2010-07-04 01:30:00,house_1,2,48.0,0.0,0.0,48.0,5.416666666666667,0.26,48.0,0.0,0.0,0.2,47.87,5.431376645080427,47.8418,5.431376645080427,-0.26,-0.26,0.0,0.26,0.0,0.0,-0.13,0.0,0.0
2010-07-04 01:30:00,house_2,3,48.0,0.0,0.0,48.0,2.4583333333333335,0.118,48.0,0.0,0.0,0.2,47.941,2.461358753467804,47.8418,2.461358753467804,-0.118,-0.118,0.0,0.118,0.0,0.0,-0.059,0.0,0.0
2010-07-04 02:00:00,house_0,1,48.0,0.0,0.0,48.0,55.041666666666664,2.642,48.0,0.0,0.0,0.2,46.679,56.59932732063669,47.8403,56.59932732063669,-2.642,-2.642,0.0,2.642,0.0,0.0,-1.321,0.0,0.0
2010-07-04 02:00:00,house_1,2,48.0,0.0,0.0,48.0,8.333333333333334,0.4,48.0,0.0,0.0,0.2,47.8,8.368200836820083,47.8403,8.368200836820083,-0.4,-0.4,0.0,0.4,0.0,0.0,-0.2,0.0,0.0
2010-07-04 02:00:00,house_2,3,48.0,0.0,0.0,48.0,3.1666666666666665,0.152,48.0,0.0,0.0,0.2,47.924,3.1716885068024374,47.8403,3.1716885068024374,-0.152,-0.152,0.0,0.152,0.0,0.0,-0.076,0.0,0.0
2010-07-04 02:30:00,house_0,1,48.0,0.0,0.0,48.0,5.125,0.246,48.0,0.0,0.0,0.2,47.877,5.1381665517889585,47.964,5.1381665517889585,-0.246,-0.246,0.0,0.246,0.0,0.0,-0.123,0.0,0.0
2010-07-04 02:30:00,house_1,2,48.0,0.0,0.0,48.0,8.416666666666666,0.404,48.0,0.0,0.0,0.2,47.798,8.452236495250848,47.964,8.452236495250848,-0.404,-0.404,0.0,0.404,0.0,0.0,-0.202,0.0,0.0
2010-07-04 02:30:00,house_2,3,48.0,0.0,0.0,48.0,1.4583333333333333,0.07,48.0,0.0,0.0,0.2,47.965,1.4593974773272176,47.964,1.4593974773272176,-0.07,-0.07,0.0,0.07,0.0,0.0,-0.035,0.0,0.0
2010-07-04 03:00:00,house_0,1,48.0,0.0,0.0,48.0,54.16666666666666,2.5999999999999996,48.0,0.0,0.0,0.2,46.7,55.67451820128478,47.85,55.67451820128478,-2.5999999999999996,-2.5999999999999996,0.0,2.5999999999999996,0.0,0.0,-1.2999999999999998,0.0,0.0
2010-07-04 03:00:00,house_1,2,48.0,0.0,0.0,48.0,5.583333333333333,0.268,48.0,0.0,0.0,0.2,47.866,5.598963773868717,47.85,5.598963773868717,-0.268,-0.268,0.0,0.268,0.0,0.0,-0.134,0.0,0.0
2010-07-04 03:00:00,house_2,3,48.0,0.0,0.0,48.0,2.75,0.132,48.0,0.0,0.0,0.2,47.934,2.753786456377519,47.85,2.753786456377519,-0.132,-0.132,0.0,0.132,0.0,0.0,-0.066,0.0,0.0
2010-07-04 03:30:00,house_0,1,48.0,0.0,0.0,48.0,8.416666666666666,0.404,48.0,0.0,0.0,0.2,47.798,8.452236495250848,47.956,8.452236495250848,-0.404,-0.404,0.0,0.404,0.0,0.0,-0.202,0.0,0.0
2010-07-04 03:30:00,house_1,2,48.0,0.0,0.0,48.0,7.125,0.342,48.0,0.0,0.0,0.2,47.829,7.150473562064856,47.956,7.150473562064856,-0.342,-0.342,0.0,0.342,0.0,0.0,-0.171,0.0,0.0
2010-07-04 03:30:00,house_2,3,48.0,0.0,0.0,48.0,2.7916666666666665,0.134,48.0,0.0,0.0,0.2,47.933,2.7955688148039974,47.956,2.7955688148039974,-0.134,-0.134,0.0,0.134,0.0,0.0,-0.067,0.0,0.0
2010-07-04 04:00:00,house_0,1,48.0,0.0,0.0,48.0,6.166666666666667,0.296,48.0,0.0,0.0,0.2,47.852,6.185739363036028,47.8879,6.185739363036028,-0.296,-0.296,0.0,0.296,0.0,0.0,-0.148,0.0,0.0
2010-07-04 04:00:00,house_1,2,48.0,0.0,0.0,48.0,6.333333333333333,0.304,48.0,0.0,0.0,0.2,47.848,6.353452599899683,47.8879,6.353452599899683,-0.304,-0.304,0.0,0.304,0.0,0.0,-0.152,0.0,0.0
2010-07-04 04:00:00,house_2,3,48.0,0.0,0.0,48.0,34.208333333333336,1.6420000000000001,48.0,0.0,0.0,0.2,47.179,34.80362025477437,47.8879,34.80362025477437,-1.6420000000000001,-1.6420000000000001,0.0,1.6420000000000001,0.0,0.0,-0.8210000000000001,0.0,0.0
2010-07-04 04:30:00,house_0,1,48.0,0.0,0.0,48.0,15.458333333333334,0.742,48.0,0.0,0.0,0.2,47.629,15.578744042495119,47.9093,15.578744042495119,-0.742,-0.742,0.0,0.742,0.0,0.0,-0.371,0.0,0.0
2010-07-04 04:30:00,house_1,2,48.0,0.0,0.0,48.0,6.208333333333333,0.298,48.0,0.0,0.0,0.2,47.851,6.227665043572757,47.9093,6.227665043572757,-0.298,-0.298,0.0,0.298,0.0,0.0,-0.149,0.0,0.0
2010-07-04 04:30:00,house_2,3,48.0,0.0,0.0,48.0,16.125,0.774,48.0,0.0,0.0,0.2,47.613,16.256064520194066,47.9093,16.256064520194066,-0.774,-0.774,0.0,0.774,0.0,0.0,-0.387,0.0,0.0
2010-07-04 05:00:00,house_0,1,48.0,0.0,0.0,48.0,48.125,2.31,48.0,0.0,0.0,0.2,46.845,49.31155939801473,47.8641,49.31155939801473,-2.31,-2.31,0.0,2.31,0.0,0.0,-1.155,0.0,0.0
2010-07-04 05:00:00,house_1,2,48.0,0.0,0.0,48.0,5.708333333333333,0.274,48.0,0.0,0.0,0.2,47.863,5.724672502768318,47.8641,5.724672502768318,-0.274,-0.274,0.0,0.274,0.0,0.0,-0.137,0.0,0.0
2010-07-04 05:00:00,house_2,3,48.0,0.0,0.0,48.0,2.7916666666666665,0.134,48.0,0.0,0.0,0.2,47.933,2.7955688148039974,47.8641,2.7955688148039974,-0.134,-0.134,0.0,0.134,0.0,0.0,-0.067,0.0,0.0
2010-07-04 05:30:00,house_0,1,48.0,0.0,0.0,48.0,5.958333333333333,0.286,48.0,0.0,0.0,0.2,47.857,5.976137242200723,47.9603,5.976137242200723,-0.286,-0.286,0.0,0.286,0.0,0.0,-0.143,0.0,0.0
2010-07-04 05:30:00,house_1,2,48.0,0.0,0.0,48.0,6.916666666666667,0.332,48.0,0.0,0.0,0.2,47.834,6.940669816448551,47.9603,6.940669816448551,-0.332,-0.332,0.0,0.332,0.0,0.0,-0.166,0.0,0.0
2010-07-04 05:30:00,house_2,3,48.0,0.0,0.0,48.0,3.6666666666666665,0.176,48.0,0.0,0.0,0.2,47.912,3.6734012355985977,47.9603,3.6734012355985977,-0.176,-0.176,0.0,0.176,0.0,0.0,-0.088,0.0,0.0
2010-07-04 06:00:00,house_0,1,48.0,0.0,0.0,48.0,3.9583333333333335,0.19,48.0,0.0,0.0,0.2,47.905,3.9661830706606827,47.9746,3.9661830706606827,-0.19,-0.19,0.0,0.19,0.0,0.0,-0.095,0.0,0.0
2010-07-04 06:00:00,house_1,2,48.0,0.0,0.0,48.0,4.625,0.222,48.0,0.0,0.0,0.2,47.889,4.63572010273758,47.9746,4.63572010273758,-0.222,-0.222,0.0,0.222,0.0,0.0,-0.111,0.0,0.0
2010-07-04 06:00:00,house_2,3,48.0,0.0,0.0,48.0,2.0,0.096,48.0,0.0,0.0,0.2,47.952,2.002002002002002,47.9746,2.002002002002002,-0.096,-0.096,0.0,0.096,0.0,0.0,-0.048,0.0,0.0
2010-07-04 06:30:00,house_0,1,48.0,0.0,0.0,48.0,16.291666666666668,0.782,48.0,0.0,0.0,0.2,47.609,16.425465773278162,47.9354,16.425465773278162,-0.782,-0.782,0.0,0.782,0.0,0.0,-0.391,0.0,0.0
2010-07-04 06:30:00,house_1,2,48.0,0.0,0.0,48.0,7.416666666666667,0.356,48.0,0.0,0.0,0.2,47.822,7.444272510559993,47.9354,7.444272510559993,-0.356,-0.356,0.0,0.356,0.0,0.0,-0.178,0.0,0.0
2010-07-04 06:30:00,house_2,3,48.0,0.0,0.0,48.0,3.2083333333333335,0.154,48.0,0.0,0.0,0.2,47.923,3.213488304154581,47.9354,3.213488304154581,-0.154,-0.154,0.0,0.154,0.0,0.0,-0.077,0.0,0.0
2010-07-04 07:00:00,house_0,1,48.0,0.0,0.0,48.0,5.541666666666667,0.266,48.0,0.0,0.0,0.2,47.867,5.557064365847035,47.9722,5.557064365847035,-0.266,-0.266,0.0,0.266,0.0,0.0,-0.133,0.0,0.0
2010-07-04 07:00:00,house_1,2,48.0,0.0,0.0,48.0,4.208333333333333,0.202,48.0,0.0,0.0,0.2,47.899,4.21720703981294,47.9722,4.21720703981294,-0.202,-0.202,0.0,0.202,0.0,0.0,-0.101,0.0,0.0
2010-07-04 07:00:00,house_2,3,48.0,0.0,0.0,48.0,1.8333333333333333,0.088,48.0,0.0,0.0,0.2,47.956,1.8350154308115771,47.9722,1.8350154308115771,-0.088,-0.088,0.0,0.088,0.0,0.0,-0.044,0.0,0.0
2010-07-04 07:30:00,house_0,1,48.0,0.0,0.0,48.0,32.208333333333336,1.546,48.0,0.0,0.0,0.2,47.227,32.735511465898746,47.9028,32.735511465898746,-1.546,-1.546,0.0,1.546,0.0,0.0,-0.773,0.0,0.0
2010-07-04 07:30:00,house_1,2,48.0,0.0,0.0,48.0,6.166666666666667,0.296,48.0,0.0,0.0,0.2,47.852,6.185739363036028,47.9028,6.185739363036028,-0.296,-0.296,0.0,0.296,0.0,0.0,-0.148,0.0,0.0
2010-07-04 07:30:00,house_2,3,48.0,0.7500000000000001,0.036000000000000004,48.0,2.875,0.138,48.0,0.0,0.0,0.2,47.949,2.8780579365575925,47.9028,2.127260213977351,-0.10200000000000001,-0.10200000000000001,0.0,0.10200000000000001,0.0,0.0,-0.051000000000000004,0.0,0.0
2010-07-04 08:00:00,house_0,1,48.0,0.8267195767195769,0.03968253968253969,48.0,67.29166666666667,3.23,48.0,0.0,0.0,0.2,46.40484126984127,69.60480655924994,47.784691534391534,68.74966863405399,-3.1903174603174604,-3.1903174603174604,0.0,3.1903174603174604,0.0,0.0,-1.5951587301587302,0.0,0.0
2010-07-04 08:00:00,house_1,2,48.0,1.0030864197530862,0.04814814814814814,48.0,5.75,0.276,48.0,0.0,0.0,0.2,47.886074074074074,5.763679845064366,47.784691534391534,4.75820697890982,-0.2278518518518519,-0.2278518518518519,0.0,0.2278518518518519,0.0,0.0,-0.11392592592592594,0.0,0.0
2010-07-04 08:00:00,house_2,3,48.0,1.625,0.078,48.0,20.125,0.966,48.0,0.0,0.0,0.2,47.556,20.312894272016152,47.784691534391534,18.67272268483472,-0.888,-0.888,0.0,0.888,0.0,0.0,-0.444,0.0,0.0
2010-07-04 08:30:00,house_0,1,48.0,1.2566137566137565,0.06031746031746032,48.0,58.791666666666664,2.822,48.0,0.0,0.0,0.2,46.61915873015873,60.533052866404475,47.7495417989418,59.239218701215215,-2.76168253968254,-2.76168253968254,0.0,2.76168253968254,0.0,0.0,-1.38084126984127,0.0,0.0
2010-07-04 08:30:00,house_1,2,48.0,8.719135802469136,0.4185185185185185,48.0,55.375,2.658,48.0,0.0,0.0,0.2,46.88025925925926,56.69763866493596,47.7495417989418,47.77024523470749,-2.2394814814814814,-2.2394814814814814,0.0,2.2394814814814814,0.0,0.0,-1.1197407407407407,0.0,0.0
2010-07-04 08:30:00,house_2,3,48.0,4.749999999999999,0.22799999999999998,48.0,4.916666666666667,0.236,48.0,0.0,0.0,0.2,47.996,4.917076423035253,47.7495417989418,0.16668055671305956,-0.008000000000000007,-0.008000000000000007,0.0,0.008000000000000007,0.0,0.0,-0.0040000000000000036,0.0,0.0
2010-07-04 09:00:00,house_0,1,48.0,2.2817460317460316,0.10952380952380952,48.0,39.291666666666664,1.886,48.0,0.0,0.0,0.2,47.111761904761906,40.03246585879373,47.66117619047619,37.70770012947934,-1.7764761904761903,-1.7764761904761903,0.0,1.7764761904761903,0.0,0.0,-0.8882380952380952,0.0,0.0
2010-07-04 09:00:00,house_1,2,48.0,4.861111111111112,0.23333333333333334,48.0,116.87499999999999,5.609999999999999,48.0,0.0,0.0,0.2,45.5,115.01831501831501,47.66117619047619,109.89010989010988,-5.0,-5.376666666666666,0.0,5.376666666666666,0.0,0.0,-2.5,0.0,0.37666666666666604
2010-07-04 09:00:00,house_2,3,48.0,7.0,0.336,48.0,3.2916666666666665,0.158,48.0,-3.7083333333333335,-0.178,0.21691000000000002,48.0,7.0,47.66117619047619,5.782411586589357e-16,2.7755575615628914e-17,0.17800000000000002,0.17800000000000002,0.0,0.178,0.0,1.3877787807814457e-17,0.0,0.0
2010-07-04 09:30:00,house_0,1,48.0,9.292328042328043,0.44603174603174606,48.0,8.458333333333334,0.406,48.0,-0.8333333333333334,-0.04,0.2038,48.000015873015876,9.292324969469256,47.87246084656085,0.000661375442666785,3.174603174602858e-05,0.04003174603174603,0.04003174603174603,0.0,0.04,0.0,1.587301587301429e-05,0.0,0.0
2010-07-04 09:30:00,house_1,2,48.0,10.108024691358024,0.48518518518518516,48.0,63.25,3.036,48.0,0.0,0.0,0.2,46.72459259259259,64.9764895003345,47.87246084656085,54.59255337026104,-2.5508148148148146,-2.5508148148148146,0.0,2.5508148148148146,0.0,0.0,-1.2754074074074073,0.0,0.0
2010-07-04 09:30:00,house_2,3,48.0,7.875,0.378,48.0,1.25,0.06,48.0,-6.625,-0.318,0.24712,48.0,7.875,47.87246084656085,0.0,0.0,0.318,0.318,0.0,0.318,0.0,0.0,0.0,0.0
2010-07-04 10:00:00,house_0,1,48.0,16.964285714285715,0.8142857142857144,48.0,4.916666666666667,0.236,48.0,-12.047916666666667,-0.5783,0.25873850000000004,47.99999285714286,16.964585857825277,47.8611141005291,0.0002976190919059181,-1.428571428563341e-05,0.5782857142857144,0.5782857142857144,0.0,0.5783,0.0,-7.142857142816705e-06,0.0,0.0
2010-07-04 10:00:00,house_1,2,48.0,14.506172839506172,0.6962962962962963,48.0,72.375,3.474,48.0,0.0,0.0,0.2,46.611148148148146,74.53152599799286,47.8611141005291,59.59311911551919,-2.777703703703704,-2.777703703703704,0.0,2.777703703703704,0.0,0.0,-1.388851851851852,0.0,0.0
2010-07-04 10:00:00,house_2,3,48.0,4.749999999999999,0.22799999999999998,48.0,3.2083333333333335,0.154,48.0,-1.5416666666666667,-0.074,0.25415,48.0,4.749999999999999,47.8611141005291,2.8912057932946783e-16,-1.3877787807814457e-17,0.07399999999999998,0.07399999999999998,0.0,0.074,0.0,-6.938893903907228e-18,0.0,0.0
2010-07-04 10:30:00,house_0,1,48.0,22.751322751322757,1.0920634920634922,48.0,15.125,0.726,48.0,-7.627083333333332,-0.3661,0.29351800000000006,47.99998174603174,22.752091985749267,47.89640558201058,0.0007605822998213402,-3.650793650777917e-05,0.3660634920634922,0.3660634920634922,0.0,0.3661,0.0,-1.8253968253889585e-05,0.0,0.0
2010-07-04 10:30:00,house_1,2,48.0,19.753086419753085,0.9481481481481482,48.0,62.916666666666664,3.02,48.0,0.0,0.0,0.2,46.96407407407408,64.30447229166502,47.89640558201058,44.11567549663651,-2.071851851851852,-2.071851851851852,0.0,2.071851851851852,0.0,0.0,-1.035925925925926,0.0,0.0
2010-07-04 10:30:00,house_2,3,48.0,20.375,0.978,48.0,2.2916666666666665,0.11,48.0,-18.083333333333332,-0.868,0.33660999999999996,48.0,20.375,47.89640558201058,0.0,0.0,0.868,0.868,0.0,0.868,0.0,0.0,0.0,0.0
2010-07-04 11:00:00,house_0,1,48.0,26.058201058201064,1.250793650793651,48.0,40.25,1.932,48.0,14.191666666666668,0.6812,0.2218127368421053,47.99999682539683,40.25000266203721,47.910814497354494,0.0001322751410170854,-6.349206348899017e-06,-0.6812063492063489,0.0,0.6812063492063489,0.0,0.6812,-3.1746031744495085e-06,0.0,0.0
2010-07-04 11:00:00,house_1,2,48.0,27.006172839506167,1.296296296296296,48.0,64.16666666666667,3.08,48.0,0.0,0.0,0.2,47.108148148148146,65.38147053273791,47.910814497354494,37.86401660481792,-1.783703703703704,-1.783703703703704,0.0,1.783703703703704,0.0,0.0,-0.891851851851852,0.0,0.0
2010-07-04 11:00:00,house_2,3,48.0,25.000000000000004,1.2000000000000002,48.0,2.2916666666666665,0.11,48.0,-22.708333333333332,-1.09,0.44015999999999994,48.0,25.000000000000004,47.910814497354494,0.0,0.0,1.09,1.09,0.0,1.09,0.0,0.0,0.0,0.0
2010-07-04 11:30:00,house_0,1,48.0,28.935185185185187,1.3888888888888888,48.0,76.16666666666667,3.656,48.0,4.316666666666666,0.2072,0.20000221052631584,46.97004444444445,77.83684352958765,47.79421925925926,43.85584760405214,-2.0599111111111115,-2.2671111111111113,0.0,2.2671111111111113,0.0,0.2072,-1.0299555555555557,0.0,0.0
2010-07-04 11:30:00,house_1,2,48.0,20.75617283950617,0.9962962962962962,48.0,63.583333333333336,3.052,48.0,0.0,0.0,0.2,46.97214814814815,64.97467372312039,47.79421925925926,43.76431108111347,-2.0557037037037036,-2.0557037037037036,0.0,2.0557037037037036,0.0,0.0,-1.0278518518518518,0.0,0.0
2010-07-04 11:30:00,house_2,3,48.0,15.625,0.75,48.0,3.0,0.144,48.0,-12.625,-0.606,0.49772999999999995,48.0,15.625,47.79421925925926,0.0,0.0,0.606,0.606,0.0,0.606,0.0,0.0,0.0,0.0
2010-07-04 12:00:00,house_0,1,48.0,32.4404761904762,1.5571428571428574,48.0,34.958333333333336,1.678,48.0,0.0,0.0,0.20000221052631584,47.939571428571426,35.00239885331832,47.88275343915344,2.521030940737887,-0.12085714285714255,-0.12085714285714255,0.0,0.12085714285714255,0.0,0.0,-0.060428571428571276,0.0,0.0
2010-07-04 12:00:00,house_1,2,48.0,19.290123456790123,0.9259259259259258,48.0,65.625,3.15,48.0,0.0,0.0,0.2,46.887962962962966,67.18142143407253,47.88275343915344,47.43379608602065,-2.224074074074074,-2.224074074074074,0.0,2.224074074074074,0.0,0.0,-1.112037037037037,0.0,0.0
2010-07-04 12:00:00,house_2,3,48.0,39.87500000000001,1.9140000000000001,48.0,2.0,0.096,48.0,-37.875,-1.818,0.6704399999999999,48.0,39.87500000000001,47.88275343915344,0.0,0.0,1.818,1.818,0.0,1.818,0.0,0.0,0.0,0.0
2010-07-04 12:30:00,house_0,1,48.0,35.1521164021164,1.687301587301587,48.0,49.25,2.364,48.0,0.0,0.0,0.20000221052631584,47.66165079365079,49.59962486895058,47.9454873015873,14.197964221343307,-0.6766984126984128,-0.6766984126984128,0.0,0.6766984126984128,0.0,0.0,-0.3383492063492064,0.0,0.0
2010-07-04 12:30:00,house_1,2,48.0,40.50925925925926,1.9444444444444444,48.0,49.125,2.358,48.0,0.0,0.0,0.2,47.79322222222222,49.33753972553059,47.9454873015873,8.653016815494528,-0.4135555555555557,-0.4135555555555557,0.0,0.4135555555555557,0.0,0.0,-0.20677777777777784,0.0,0.0
2010-07-04 12:30:00,house_2,3,48.0,28.875000000000004,1.3860000000000001,48.0,1.4166666666666667,0.068,48.0,-27.458333333333332,-1.318,0.7956499999999997,48.0,28.875000000000004,47.9454873015873,0.0,0.0,1.318,1.318,0.0,1.318,0.0,0.0,0.0,0.0
2010-07-04 13:00:00,house_0,1,48.0,35.7473544973545,1.715873015873016,48.0,35.333333333333336,1.696,48.0,-0.41458333333333336,-0.0199,0.20189271052631583,47.999986507936505,35.747926714860355,48.00000087301587,0.0005621694701830206,-2.69841269839588e-05,0.019873015873016042,0.019873015873016042,0.0,0.0199,0.0,-1.34920634919794e-05,0.0,0.0
2010-07-04 13:00:00,house_1,2,48.0,34.25925925925926,1.6444444444444444,48.0,13.041666666666666,0.626,48.0,-21.216666666666665,-1.0184,0.296748,48.00002222222222,34.25924339849843,48.00000087301587,0.0009259254972581542,4.4444444444513564e-05,1.0184444444444445,1.0184444444444445,0.0,1.0184,0.0,2.2222222222256782e-05,0.0,0.0
2010-07-04 13:00:00,house_2,3,48.0,15.625,0.75,48.0,2.625,0.126,48.0,-13.0,-0.624,0.85493,48.0,15.625,48.00000087301587,0.0,0.0,0.624,0.624,0.0,0.624,0.0,0.0,0.0,0.0
2010-07-04 13:30:00,house_0,1,48.0,39.68253968253968,1.9047619047619047,48.0,26.166666666666668,1.256,48.0,-13.516666666666667,-0.6488,0.2635287105263158,47.99998095238095,39.68334908069408,48.00797791005291,0.0007936511085949266,-3.80952380953925e-05,0.6487619047619047,0.6487619047619047,0.0,0.6488,0.0,-1.904761904769625e-05,0.0,0.0
2010-07-04 13:30:00,house_1,2,48.0,14.506172839506172,0.6962962962962963,48.0,13.791666666666666,0.662,48.0,-0.7145833333333332,-0.0343,0.3000065,47.99999814814815,14.50625055965473,48.00797791005291,7.7160496804537e-05,-3.7037037037279674e-06,0.03429629629629627,0.03429629629629627,0.0,0.0343,0.0,-1.8518518518639837e-06,0.0,0.0
2010-07-04 13:30:00,house_2,3,48.0,14.875,0.714,48.0,1.6666666666666667,0.08,48.0,-9.883333333333333,-0.4744,0.8999980000000001,48.0798,14.850311357368376,48.00797791005291,3.3194813622352846,0.15960000000000002,0.634,0.634,0.0,0.4744,0.0,0.07980000000000001,0.0,0.0
2010-07-04 14:00:00,house_0,1,48.0,31.216931216931215,1.4984126984126984,48.0,18.833333333333332,0.904,48.0,-12.383333333333335,-0.5944,0.31999671052631584,48.00000634920635,31.216927087708054,48.04140119047619,0.0002645502295556072,1.2698412698353145e-05,0.5944126984126984,0.5944126984126984,0.0,0.5944,0.0,6.349206349176573e-06,0.0,0.0
2010-07-04 14:00:00,house_1,2,48.0,16.89814814814815,0.8111111111111111,48.0,11.375,0.546,48.0,-5.522916666666667,-0.2651,0.325191,48.00000555555555,16.898146192344193,48.04140119047619,0.00023148145468884998,1.111111111107288e-05,0.2651111111111111,0.2651111111111111,0.0,0.2651,0.0,5.55555555553644e-06,0.0,0.0
2010-07-04 14:00:00,house_2,3,48.0,18.749999999999996,0.8999999999999999,48.0,1.5,0.072,48.0,0.0,0.0,0.8999980000000001,48.414,18.589664146734414,48.04140119047619,17.10249101499566,0.828,0.828,0.828,0.0,0.0,0.0,0.414,0.0,0.0
2010-07-04 14:30:00,house_0,1,48.0,27.910052910052908,1.3396825396825396,48.0,22.416666666666668,1.076,48.0,-5.4937499999999995,-0.2637,0.34504821052631585,47.99999126984127,27.91042174296692,48.06129968253968,0.00036375667991927194,-1.7460317460471497e-05,0.2636825396825395,0.2636825396825395,0.0,0.2637,0.0,-8.730158730235749e-06,0.0,0.0
2010-07-04 14:30:00,house_1,2,48.0,29.39814814814815,1.411111111111111,48.0,14.208333333333334,0.682,48.0,-15.189583333333333,-0.7291,0.3944555,48.00000555555555,29.3981447455851,48.06129968253968,0.000231481454686537,1.1111111110961858e-05,0.7291111111111109,0.7291111111111109,0.0,0.7291,0.0,5.555555555480929e-06,0.0,0.0
2010-07-04 14:30:00,house_2,3,48.0,28.125,1.35,48.0,2.5833333333333335,0.124,48.0,0.0,0.0,0.8999980000000001,48.613,27.770349494991052,48.06129968253968,25.219591467302983,1.226,1.226,1.226,0.0,0.0,0.0,0.613,0.0,0.0
2010-07-04 15:00:00,house_0,1,48.0,27.910052910052908,1.3396825396825396,48.0,78.0,3.744,48.0,28.70745833333334,1.3779580000000002,0.2,47.48682026984127,78.8429290216722,47.980284434391535,21.613564658261566,-1.0263594603174602,-2.4043174603174604,0.0,2.4043174603174604,0.0,1.3779580000000002,-0.5131797301587301,0.0,0.0
2010-07-04 15:00:00,house_1,2,48.0,19.753086419753085,0.9481481481481482,48.0,49.916666666666664,2.396,48.0,30.16458333333333,1.4479,0.24204497368421052,48.00002407407408,49.91764471723066,47.980284434391535,0.0010030859166641015,4.814814814824153e-05,-1.4478518518518517,0.0,1.4478518518518517,0.0,1.4479,2.4074074074120766e-05,0.0,0.0
2010-07-04 15:00:00,house_2,3,48.0,14.875,0.714,48.0,1.7083333333333333,0.082,48.0,0.0,0.0,0.8999980000000001,48.316,14.777713386869774,47.980284434391535,13.08055302591274,0.632,0.632,0.632,0.0,0.0,0.0,0.316,0.0,0.0
2010-07-04 15:30:00,house_0,1,48.0,20.866402116402117,1.0015873015873016,48.0,78.375,3.762,48.0,0.0,0.0,0.2,46.61979365079365,80.69533786827381,47.695727142857145,59.21117367205904,-2.7604126984126984,-2.7604126984126984,0.0,2.7604126984126984,0.0,0.0,-1.3802063492063492,0.0,0.0
2010-07-04 15:30:00,house_1,2,48.0,17.824074074074073,0.8555555555555554,48.0,106.58333333333333,5.116,48.0,8.320833333333333,0.3994,0.20000286842105264,46.06947777777778,111.04966339487726,47.695727142857145,83.80916456376396,-3.8610444444444445,-4.2604444444444445,0.0,4.2604444444444445,0.0,0.3994,-1.9305222222222223,0.0,0.0
2010-07-04 15:30:00,house_2,3,48.0,12.500000000000002,0.6000000000000001,48.0,1.3333333333333333,0.064,48.0,0.0,0.0,0.8999980000000001,48.268,12.430595839893927,47.695727142857145,11.104665616971907,0.536,0.536,0.536,0.0,0.0,0.0,0.268,0.0,0.0
2010-07-04 16:00:00,house_0,1,48.0,7.440476190476191,0.35714285714285715,48.0,76.45833333333333,3.67,48.0,0.0,0.0,0.2,46.34357142857143,79.19113453861685,47.70352380952381,71.48471817635362,-3.3128571428571427,-3.3128571428571427,0.0,3.3128571428571427,0.0,0.0,-1.6564285714285714,0.0,0.0
2010-07-04 16:00:00,house_1,2,48.0,11.111111111111109,0.5333333333333332,48.0,71.125,3.414,48.0,0.0,0.0,0.20000286842105264,46.559666666666665,73.32526721983977,47.70352380952381,61.87043148934343,-2.880666666666667,-2.880666666666667,0.0,2.880666666666667,0.0,0.0,-1.4403333333333335,0.0,0.0
2010-07-04 16:00:00,house_2,3,48.0,7.875,0.378,48.0,2.375,0.114,48.0,0.0,0.0,0.8999980000000001,48.132,7.853403141361257,47.70352380952381,5.484916479680878,0.264,0.264,0.264,0.0,0.0,0.0,0.132,0.0,0.0
2010-07-04 16:30:00,house_0,1,48.0,1.2566137566137565,0.06031746031746032,48.0,78.54166666666667,3.77,48.0,0.0,0.0,0.2,46.14515873015873,81.6987112785912,47.78683439153439,80.39158693494821,-3.70968253968254,-3.70968253968254,0.0,3.70968253968254,0.0,0.0,-1.85484126984127,0.0,0.0
2010-07-04 16:30:00,house_1,2,48.0,1.4660493827160492,0.07037037037037036,48.0,13.0,0.624,48.0,0.0,0.0,0.20000286842105264,47.72318518518519,13.07540554090488,47.78683439153439,11.600852446904447,-0.5536296296296297,-0.5536296296296297,0.0,0.5536296296296297,0.0,0.0,-0.27681481481481485,0.0,0.0
2010-07-04 16:30:00,house_2,3,48.0,2.3749999999999996,0.11399999999999999,48.0,20.416666666666668,0.98,48.0,18.041666666666668,0.866,0.808840105263158,48.0,20.416666666666668,47.78683439153439,0.0,0.0,-0.866,0.0,0.866,0.0,0.866,0.0,0.0,0.0
2010-07-04 17:00:00,house_0,1,48.0,0.19841269841269846,0.009523809523809525,48.0,62.166666666666664,2.984,48.0,0.0,0.0,0.2,46.5127619047619,64.15443585375442,47.81377619047619,63.949678941161054,-2.9744761904761905,-2.9744761904761905,0.0,2.9744761904761905,0.0,0.0,-1.4872380952380952,0.0,0.0
2010-07-04 17:00:00,house_1,2,48.0,0.0,0.0,48.0,11.041666666666666,0.53,48.0,0.0,0.0,0.20000286842105264,47.735,11.102964281973396,47.81377619047619,11.102964281973396,-0.53,-0.53,0.0,0.53,0.0,0.0,-0.265,0.0,0.0
2010-07-04 17:00:00,house_2,3,48.0,0.0,0.0,48.0,46.25,2.22,48.0,41.666666666666664,2.0,0.5983137894736843,47.89,46.356233034036336,47.81377619047619,4.593860931300902,-0.2200000000000002,-2.22,0.0,2.22,0.0,2.0,-0.1100000000000001,0.0,0.0
2010-07-04 17:30:00,house_0,1,48.0,0.0,0.0,48.0,78.625,3.774,48.0,0.0,0.0,0.2,46.113,81.84243055103767,47.6727,81.84243055103767,-3.774,-3.774,0.0,3.774,0.0,0.0,-1.887,0.0,0.0
2010-07-04 17:30:00,house_1,2,48.0,0.0,0.0,48.0,57.75,2.772,48.0,0.0,0.0,0.20000286842105264,46.614,59.46711288454113,47.6727,59.46711288454113,-2.772,-2.772,0.0,2.772,0.0,0.0,-1.386,0.0,0.0
2010-07-04 17:30:00,house_2,3,48.0,0.0,0.0,48.0,38.333333333333336,1.84,48.0,38.333333333333336,1.84,0.4046295789473685,48.0,38.333333333333336,47.6727,0.0,0.0,-1.84,0.0,1.84,0.0,1.84,0.0,0.0,0.0
2010-07-04 18:00:00,house_0,1,48.0,0.0,0.0,48.0,81.0,3.888,48.0,0.0,0.0,0.2,46.056,84.41896821261074,47.60559905,84.41896821261074,-3.888,-3.888,0.0,3.888,0.0,0.0,-1.944,0.0,0.0
2010-07-04 18:00:00,house_1,2,48.0,0.0,0.0,48.0,72.29166666666667,3.47,48.0,0.0,0.0,0.20000286842105264,46.265,75.00270182643467,47.60559905,75.00270182643467,-3.47,-3.47,0.0,3.47,0.0,0.0,-1.735,0.0,0.0
2010-07-04 18:00:00,house_2,3,48.0,0.0,0.0,48.0,51.541666666666664,2.474,48.0,40.49960416666668,1.9439810000000004,0.2,47.7349905,51.82780962321549,47.60559905,11.103364522508908,-0.5300189999999998,-2.474,0.0,2.474,0.0,1.9439810000000004,-0.2650094999999999,0.0,0.0
2010-07-04 18:30:00,house_0,1,48.0,0.0,0.0,48.0,59.25,2.844,48.0,0.0,0.0,0.2,46.578,61.05886899394564,47.5832,61.05886899394564,-2.844,-2.844,0.0,2.844,0.0,0.0,-1.422,0.0,0.0
2010-07-04 18:30:00,house_1,2,48.0,0.0,0.0,48.0,74.16666666666667,3.56,48.0,0.0,0.0,0.20000286842105264,46.22,77.02293379489399,47.5832,77.02293379489399,-3.56,-3.56,0.0,3.56,0.0,0.0,-1.78,0.0,0.0
2010-07-04 18:30:00,house_2,3,48.0,0.0,0.0,48.0,40.25,1.932,48.0,0.0,0.0,0.2,47.034,41.07666794233958,47.5832,41.07666794233958,-1.932,-1.932,0.0,1.932,0.0,0.0,-0.966,0.0,0.0
2010-07-04 19:00:00,house_0,1,48.0,0.0,0.0,48.0,56.083333333333336,2.692,48.0,0.0,0.0,0.2,46.653999999999996,57.70137608779526,47.7067,57.70137608779526,-2.692,-2.692,0.0,2.692,0.0,0.0,-1.346,0.0,0.0
2010-07-04 19:00:00,house_1,2,48.0,0.0,0.0,48.0,27.25,1.308,48.0,0.0,0.0,0.20000286842105264,47.346,27.626409833988088,47.7067,27.626409833988088,-1.308,-1.308,0.0,1.308,0.0,0.0,-0.654,0.0,0.0
2010-07-04 19:00:00,house_2,3,48.0,0.0,0.0,48.0,38.875,1.866,48.0,0.0,0.0,0.2,47.067,39.64561157498885,47.7067,39.64561157498885,-1.866,-1.866,0.0,1.866,0.0,0.0,-0.933,0.0,0.0
2010-07-04 19:30:00,house_0,1,48.0,0.0,0.0,48.0,45.291666666666664,2.174,48.0,0.0,0.0,0.2,46.913,46.341099482019914,47.7578,46.341099482019914,-2.174,-2.174,0.0,2.174,0.0,0.0,-1.087,0.0,0.0
2010-07-04 19:30:00,house_1,2,48.0,0.0,0.0,48.0,17.583333333333332,0.844,48.0,0.0,0.0,0.20000286842105264,47.578,17.73929126907394,47.7578,17.73929126907394,-0.844,-0.844,0.0,0.844,0.0,0.0,-0.422,0.0,0.0
2010-07-04 19:30:00,house_2,3,48.0,0.0,0.0,48.0,38.041666666666664,1.826,48.0,0.0,0.0,0.2,47.087,38.7792809055578,47.7578,38.7792809055578,-1.826,-1.826,0.0,1.826,0.0,0.0,-0.913,0.0,0.0
2010-07-04 20:00:00,house_0,1,48.0,0.0,0.0,48.0,41.333333333333336,1.984,48.0,0.0,0.0,0.2,47.008,42.205582028590875,47.7727,42.205582028590875,-1.984,-1.984,0.0,1.984,0.0,0.0,-0.992,0.0,0.0
2010-07-04 20:00:00,house_1,2,48.0,0.0,0.0,48.0,15.041666666666666,0.722,48.0,0.0,0.0,0.20000286842105264,47.639,15.155649782741031,47.7727,15.155649782741031,-0.722,-0.722,0.0,0.722,0.0,0.0,-0.361,0.0,0.0
2010-07-04 20:00:00,house_2,3,48.0,0.0,0.0,48.0,38.333333333333336,1.84,48.0,0.0,0.0,0.2,47.08,39.082412914188616,47.7727,39.082412914188616,-1.84,-1.84,0.0,1.84,0.0,0.0,-0.92,0.0,0.0
2010-07-04 20:30:00,house_0,1,48.0,0.0,0.0,48.0,19.25,0.924,48.0,0.0,0.0,0.2,47.538,19.437081913416637,47.6115,19.437081913416637,-0.924,-0.924,0.0,0.924,0.0,0.0,-0.462,0.0,0.0
2010-07-04 20:30:00,house_1,2,48.0,0.0,0.0,48.0,110.125,5.286,48.0,0.0,0.0,0.20000286842105264,45.5,109.89010989010988,47.6115,109.89010989010988,-5.0,-5.286,0.0,5.286,0.0,0.0,-2.5,0.0,0.2859999999999996
2010-07-04 20:30:00,house_2,3,48.0,0.0,0.0,48.0,38.458333333333336,1.846,48.0,0.0,0.0,0.2,47.077,39.212354228179365,47.6115,39.212354228179365,-1.846,-1.846,0.0,1.846,0.0,0.0,-0.923,0.0,0.0
2010-07-04 21:00:00,house_0,1,48.0,0.0,0.0,48.0,15.791666666666666,0.758,48.0,0.0,0.0,0.2,47.621,15.91734738875706,47.6748,15.91734738875706,-0.758,-0.758,0.0,0.758,0.0,0.0,-0.379,0.0,0.0
2010-07-04 21:00:00,house_1,2,48.0,0.0,0.0,48.0,67.95833333333333,3.262,48.0,0.0,0.0,0.20000286842105264,46.369,70.34872436325993,47.6748,70.34872436325993,-3.262,-3.262,0.0,3.262,0.0,0.0,-1.631,0.0,0.0
2010-07-04 21:00:00,house_2,3,48.0,0.0,0.0,48.0,51.75,2.484,48.0,0.0,0.0,0.2,46.758,53.12459899910176,47.6748,53.12459899910176,-2.484,-2.484,0.0,2.484,0.0,0.0,-1.242,0.0,0.0
2010-07-04 21:30:00,house_0,1,48.0,0.0,0.0,48.0,21.041666666666668,1.01,48.0,0.0,0.0,0.2,47.495,21.265396357511317,47.7868,21.265396357511317,-1.01,-1.01,0.0,1.01,0.0,0.0,-0.505,0.0,0.0
2010-07-04 21:30:00,house_1,2,48.0,0.0,0.0,48.0,64.875,3.114,48.0,0.0,0.0,0.20000286842105264,46.443,67.04993217492411,47.7868,67.04993217492411,-3.114,-3.114,0.0,3.114,0.0,0.0,-1.557,0.0,0.0
2010-07-04 21:30:00,house_2,3,48.0,0.0,0.0,48.0,2.9166666666666665,0.14,48.0,0.0,0.0,0.2,47.93,2.920926350928437,47.7868,2.920926350928437,-0.14,-0.14,0.0,0.14,0.0,0.0,-0.07,0.0,0.0
2010-07-04 22:00:00,house_0,1,48.0,0.0,0.0,48.0,24.416666666666668,1.172,48.0,0.0,0.0,0.2,47.414,24.718437592272323,47.8046,24.718437592272323,-1.172,-1.172,0.0,1.172,0.0,0.0,-0.586,0.0,0.0
2010-07-04 22:00:00,house_1,2,48.0,0.0,0.0,48.0,54.208333333333336,2.602,48.0,0.0,0.0,0.20000286842105264,46.699,55.71853787018994,47.8046,55.71853787018994,-2.602,-2.602,0.0,2.602,0.0,0.0,-1.301,0.0,0.0
2010-07-04 22:00:00,house_2,3,48.0,0.0,0.0,48.0,2.7916666666666665,0.134,48.0,0.0,0.0,0.2,47.933,2.7955688148039974,47.8046,2.7955688148039974,-0.134,-0.134,0.0,0.134,0.0,0.0,-0.067,0.0,0.0
2010-07-04 22:30:00,house_0,1,48.0,0.0,0.0,48.0,11.208333333333334,0.538,48.0,0.0,0.0,0.2,47.731,11.27150070184995,47.837,11.27150070184995,-0.538,-0.538,0.0,0.538,0.0,0.0,-0.269,0.0,0.0
2010-07-04 22:30:00,house_1,2,48.0,0.0,0.0,48.0,54.541666666666664,2.618,48.0,0.0,0.0,0.20000286842105264,46.691,56.07076310209676,47.837,56.07076310209676,-2.618,-2.618,0.0,2.618,0.0,0.0,-1.309,0.0,0.0
2010-07-04 22:30:00,house_2,3,48.0,0.7500000000000001,0.036000000000000004,48.0,2.9166666666666665,0.14,48.0,0.0,0.0,0.2,47.948,2.919829815633603,47.837,2.169016434470677,-0.10400000000000001,-0.10400000000000001,0.0,0.10400000000000001,0.0,0.0,-0.052000000000000005,0.0,0.0
2010-07-04 23:00:00,house_0,1,48.0,0.0,0.0,48.0,10.5,0.504,48.0,0.0,0.0,0.2,47.748,10.555415933651672,47.8314,10.555415933651672,-0.504,-0.504,0.0,0.504,0.0,0.0,-0.252,0.0,0.0
2010-07-04 23:00:00,house_1,2,48.0,0.0,0.0,48.0,57.0,2.736,48.0,0.0,0.0,0.20000286842105264,46.632,58.672156459083894,47.8314,58.672156459083894,-2.736,-2.736,0.0,2.736,0.0,0.0,-1.368,0.0,0.0
2010-07-04 23:00:00,house_2,3,48.0,0.0,0.0,48.0,2.75,0.132,48.0,0.0,0.0,0.2,47.934,2.753786456377519,47.8314,2.753786456377519,-0.132,-0.132,0.0,0.132,0.0,0.0,-0.066,0.0,0.0
2010-07-04 23:30:00,house_0,1,48.0,0.0,0.0,48.0,12.291666666666666,0.59,48.0,0.0,0.0,0.2,47.705,12.367676344198722,47.8059,12.367676344198722,-0.59,-0.59,0.0,0.59,0.0,0.0,-0.295,0.0,0.0
2010-07-04 23:30:00,house_1,2,48.0,0.0,0.0,48.0,65.91666666666667,3.164,48.0,0.0,0.0,0.20000286842105264,46.418,68.16321254685683,47.8059,68.16321254685683,-3.164,-3.164,0.0,3.164,0.0,0.0,-1.582,0.0,0.0
2010-07-04 23:30:00,house_2,3,48.0,0.0,0.0,48.0,2.6666666666666665,0.128,48.0,0.0,0.0,0.2,47.936,2.67022696929239,47.8059,2.67022696929239,-0.128,-0.128,0.0,0.128,0.0,0.0,-0.064,0.0,0.0
2010-07-05 00:00:00,house_0,1,48.0,0.0,0.0,48.0,54.708333333333336,2.626,48.0,0.0,0.0,0.2,46.687,56.246920984428215,47.8089,56.246920984428215,-2.626,-2.626,0.0,2.626,0.0,0.0,-1.313,0.0,0.0
2010-07-05 00:00:00,house_1,2,48.0,0.0,0.0,48.0,22.208333333333332,1.066,48.0,0.0,0.0,0.20000286842105264,47.467,22.457707459919522,47.8089,22.457707459919522,-1.066,-1.066,0.0,1.066,0.0,0.0,-0.533,0.0,0.0
2010-07-05 00:00:00,house_2,3,48.0,0.0,0.0,48.0,2.7083333333333335,0.13,48.0,0.0,0.0,0.2,47.935,2.71200584124335,47.8089,2.71200584124335,-0.13,-0.13,0.0,0.13,0.0,0.0,-0.065,0.0,0.0
2010-07-05 00:30:00,house_0,1,48.0,0.0,0.0,48.0,64.375,3.09,48.0,0.0,0.0,0.2,46.455,66.51598320955763,47.6106,66.51598320955763,-3.09,-3.09,0.0,3.09,0.0,0.0,-1.545,0.0,0.0
2010-07-05 00:30:00,house_1,2,48.0,0.0,0.0,48.0,11.666666666666666,0.56,48.0,0.0,0.0,0.20000286842105264,47.72,11.73512154233026,47.6106,11.73512154233026,-0.56,-0.56,0.0,0.56,0.0,0.0,-0.28,0.0,0.0
2010-07-05 00:30:00,house_2,3,48.0,0.0,0.0,48.0,86.20833333333333,4.138,48.0,0.0,0.0,0.2,45.931,90.0916592279724,47.6106,90.0916592279724,-4.138,-4.138,0.0,4.138,0.0,0.0,-2.069,0.0,0.0
2010-07-05 01:00:00,house_0,1,48.0,0.0,0.0,48.0,71.875,3.45,48.0,0.0,0.0,0.2,46.275,74.55429497568882,47.5893,74.55429497568882,-3.45,-3.45,0.0,3.45,0.0,0.0,-1.725,0.0,0.0
2010-07-05 01:00:00,house_1,2,48.0,0.0,0.0,48.0,12.291666666666666,0.59,48.0,0.0,0.0,0.20000286842105264,47.705,12.367676344198722,47.5893,12.367676344198722,-0.59,-0.59,0.0,0.59,0.0,0.0,-0.295,0.0,0.0
2010-07-05 01:00:00,house_2,3,48.0,0.0,0.0,48.0,86.95833333333331,4.1739999999999995,48.0,0.0,0.0,0.2,45.913,90.91107093851413,47.5893,90.91107093851413,-4.1739999999999995,-4.1739999999999995,0.0,4.1739999999999995,0.0,0.0,-2.0869999999999997,0.0,0.0
2010-07-05 01:30:00,house_0,1,48.0,0.0,0.0,48.0,68.54166666666667,3.29,48.0,0.0,0.0,0.2,46.355,70.97400496170856,47.7915,70.97400496170856,-3.29,-3.29,0.0,3.29,0.0,0.0,-1.645,0.0,0.0
2010-07-05 01:30:00,house_1,2,48.0,0.0,0.0,48.0,10.25,0.492,48.0,0.0,0.0,0.20000286842105264,47.754,10.302801859530092,47.7915,10.302801859530092,-0.492,-0.492,0.0,0.492,0.0,0.0,-0.246,0.0,0.0
2010-07-05 01:30:00,house_2,3,48.0,0.0,0.0,48.0,8.083333333333334,0.388,48.0,0.0,0.0,0.2,47.806,8.116136049868217,47.7915,8.116136049868217,-0.388,-0.388,0.0,0.388,0.0,0.0,-0.194,0.0,0.0
2010-07-05 02:00:00,house_0,1,48.0,0.0,0.0,48.0,54.83333333333332,2.6319999999999997,48.0,0.0,0.0,0.2,46.684,56.37905920658041,47.8375,56.37905920658041,-2.6319999999999997,-2.6319999999999997,0.0,2.6319999999999997,0.0,0.0,-1.3159999999999998,0.0,0.0
2010-07-05 02:00:00,house_1,2,48.0,0.0,0.0,48.0,10.125,0.486,48.0,0.0,0.0,0.20000286842105264,47.757,10.176518625541807,47.8375,10.176518625541807,-0.486,-0.486,0.0,0.486,0.0,0.0,-0.243,0.0,0.0
2010-07-05 02:00:00,house_2,3,48.0,0.0,0.0,48.0,2.75,0.132,48.0,0.0,0.0,0.2,47.934,2.753786456377519,47.8375,2.753786456377519,-0.132,-0.132,0.0,0.132,0.0,0.0,-0.066,0.0,0.0
2010-07-05 02:30:00,house_0,1,48.0,0.0,0.0,48.0,5.083333333333333,0.244,48.0,0.0,0.0,0.2,47.878,5.09628639458624,47.9579,5.09628639458624,-0.244,-0.244,0.0,0.244,0.0,0.0,-0.122,0.0,0.0
2010-07-05 02:30:00,house_1,2,48.0,0.0,0.0,48.0,10.041666666666666,0.482,48.0,0.0,0.0,0.20000286842105264,47.759,10.09233861680521,47.9579,10.09233861680521,-0.482,-0.482,0.0,0.482,0.0,0.0,-0.241,0.0,0.0
2010-07-05 02:30:00,house_2,3,48.0,0.0,0.0,48.0,2.4166666666666665,0.116,48.0,0.0,0.0,0.2,47.942,2.4195903383254764,47.9579,2.4195903383254764,-0.116,-0.116,0.0,0.116,0.0,0.0,-0.058,0.0,0.0
2010-07-05 03:00:00,house_0,1,48.0,0.0,0.0,48.0,50.12499999999999,2.4059999999999997,48.0,0.0,0.0,0.2,46.797,51.41355215077889,47.8485,51.41355215077889,-2.4059999999999997,-2.4059999999999997,0.0,2.4059999999999997,0.0,0.0,-1.2029999999999998,0.0,0.0
2010-07-05 03:00:00,house_1,2,48.0,0.0,0.0,48.0,10.75,0.516,48.0,0.0,0.0,0.20000286842105264,47.742,10.808093502576348,47.8485,10.808093502576348,-0.516,-0.516,0.0,0.516,0.0,0.0,-0.258,0.0,0.0
2010-07-05 03:00:00,house_2,3,48.0,0.0,0.0,48.0,2.25,0.108,48.0,0.0,0.0,0.2,47.946,2.2525341008634716,47.8485,2.2525341008634716,-0.108,-0.108,0.0,0.108,0.0,0.0,-0.054,0.0,0.0
2010-07-05 03:30:00,house_0,1,48.0,0.0,0.0,48.0,21.833333333333332,1.048,48.0,0.0,0.0,0.2,47.476,22.074311230937738,47.9221,22.074311230937738,-1.048,-1.048,0.0,1.048,0.0,0.0,-0.524,0.0,0.0
2010-07-05 03:30:00,house_1,2,48.0,0.0,0.0,48.0,8.416666666666666,0.404,48.0,0.0,0.0,0.20000286842105264,47.798,8.452236495250848,47.9221,8.452236495250848,-0.404,-0.404,0.0,0.404,0.0,0.0,-0.202,0.0,0.0
2010-07-05 03:30:00,house_2,3,48.0,0.0,0.0,48.0,2.2083333333333335,0.106,48.0,0.0,0.0,0.2,47.947,2.210774396729722,47.9221,2.210774396729722,-0.106,-0.106,0.0,0.106,0.0,0.0,-0.053,0.0,0.0
2010-07-05 04:00:00,house_0,1,48.0,0.0,0.0,48.0,5.666666666666667,0.272,48.0,0.0,0.0,0.2,47.864,5.682767842219622,47.954,5.682767842219622,-0.272,-0.272,0.0,0.272,0.0,0.0,-0.136,0.0,0.0
2010-07-05 04:00:00,house_1,2,48.0,0.0,0.0,48.0,11.125,0.534,48.0,0.0,0.0,0.20000286842105264,47.733,11.187228961096098,47.954,11.187228961096098,-0.534,-0.534,0.0,0.534,0.0,0.0,-0.267,0.0,0.0
2010-07-05 04:00:00,house_2,3,48.0,0.0,0.0,48.0,2.375,0.114,48.0,0.0,0.0,0.2,47.943,2.3778236656029037,47.954,2.3778236656029037,-0.114,-0.114,0.0,0.114,0.0,0.0,-0.057,0.0,0.0
2010-07-05 04:30:00,house_0,1,48.0,0.0,0.0,48.0,11.208333333333334,0.538,48.0,0.0,0.0,0.2,47.731,11.27150070184995,47.845,11.27150070184995,-0.538,-0.538,0.0,0.538,0.0,0.0,-0.269,0.0,0.0
2010-07-05 04:30:00,house_1,2,48.0,0.0,0.0,48.0,9.291666666666666,0.446,48.0,0.0,0.0,0.20000286842105264,47.777,9.335035686627457,47.845,9.335035686627457,-0.446,-0.446,0.0,0.446,0.0,0.0,-0.223,0.0,0.0
2010-07-05 04:30:00,house_2,3,48.0,0.0,0.0,48.0,44.083333333333336,2.116,48.0,0.0,0.0,0.2,46.942,45.07690341272208,47.845,45.07690341272208,-2.116,-2.116,0.0,2.116,0.0,0.0,-1.058,0.0,0.0
2010-07-05 05:00:00,house_0,1,48.0,0.0,0.0,48.0,39.916666666666664,1.916,48.0,0.0,0.0,0.2,47.042,40.72956081799243,47.8718,40.72956081799243,-1.916,-1.916,0.0,1.916,0.0,0.0,-0.958,0.0,0.0
2010-07-05 05:00:00,house_1,2,48.0,0.0,0.0,48.0,9.041666666666666,0.434,48.0,0.0,0.0,0.20000286842105264,47.783,9.08272816692129,47.8718,9.08272816692129,-0.434,-0.434,0.0,0.434,0.0,0.0,-0.217,0.0,0.0
2010-07-05 05:00:00,house_2,3,48.0,0.0,0.0,48.0,4.458333333333333,0.214,48.0,0.0,0.0,0.2,47.893,4.468293905163594,47.8718,4.468293905163594,-0.214,-0.214,0.0,0.214,0.0,0.0,-0.107,0.0,0.0
2010-07-05 05:30:00,house_0,1,48.0,0.0,0.0,48.0,4.375,0.21,48.0,0.0,0.0,0.2,47.895,4.384591293454431,47.9585,4.384591293454431,-0.21,-0.21,0.0,0.21,0.0,0.0,-0.105,0.0,0.0
2010-07-05 05:30:00,house_1,2,48.0,0.0,0.0,48.0,10.583333333333334,0.508,48.0,0.0,0.0,0.20000286842105264,47.746,10.63963473379969,47.9585,10.63963473379969,-0.508,-0.508,0.0,0.508,0.0,0.0,-0.254,0.0,0.0
2010-07-05 05:30:00,house_2,3,48.0,0.0,0.0,48.0,2.3333333333333335,0.112,48.0,0.0,0.0,0.2,47.944,2.336058735191056,47.9585,2.336058735191056,-0.112,-0.112,0.0,0.112,0.0,0.0,-0.056,0.0,0.0
2010-07-05 06:00:00,house_0,1,48.0,0.0,0.0,48.0,14.666666666666666,0.704,48.0,0.0,0.0,0.2,47.648,14.775016789791806,47.9376,14.775016789791806,-0.704,-0.704,0.0,0.704,0.0,0.0,-0.352,0.0,0.0
2010-07-05 06:00:00,house_1,2,48.0,0.0,0.0,48.0,8.625,0.414,48.0,0.0,0.0,0.20000286842105264,47.793,8.662356412026867,47.9376,8.662356412026867,-0.414,-0.414,0.0,0.414,0.0,0.0,-0.207,0.0,0.0
2010-07-05 06:00:00,house_2,3,48.0,0.0,0.0,48.0,2.7083333333333335,0.13,48.0,0.0,0.0,0.2,47.935,2.71200584124335,47.9376,2.71200584124335,-0.13,-0.13,0.0,0.13,0.0,0.0,-0.065,0.0,0.0
2010-07-05 06:30:00,house_0,1,48.0,0.0,0.0,48.0,5.375,0.258,48.0,0.0,0.0,0.2,47.871,5.389484238892022,47.9572,5.389484238892022,-0.258,-0.258,0.0,0.258,0.0,0.0,-0.129,0.0,0.0
2010-07-05 06:30:00,house_1,2,48.0,0.0,0.0,48.0,9.458333333333334,0.454,48.0,0.0,0.0,0.20000286842105264,47.773,9.503275908986247,47.9572,9.503275908986247,-0.454,-0.454,0.0,0.454,0.0,0.0,-0.227,0.0,0.0
2010-07-05 06:30:00,house_2,3,48.0,0.0,0.0,48.0,3.0,0.144,48.0,0.0,0.0,0.2,47.928,3.0045067601402105,47.9572,3.0045067601402105,-0.144,-0.144,0.0,0.144,0.0,0.0,-0.072,0.0,0.0
2010-07-05 07:00:00,house_0,1,48.0,0.0,0.0,48.0,4.083333333333333,0.196,48.0,0.0,0.0,0.2,47.902,4.091687194689157,47.9597,4.091687194689157,-0.196,-0.196,0.0,0.196,0.0,0.0,-0.098,0.0,0.0
2010-07-05 07:00:00,house_1,2,48.0,0.0,0.0,48.0,10.375,0.498,48.0,0.0,0.0,0.20000286842105264,47.751,10.429100961236415,47.9597,10.429100961236415,-0.498,-0.498,0.0,0.498,0.0,0.0,-0.249,0.0,0.0
2010-07-05 07:00:00,house_2,3,48.0,0.0,0.0,48.0,2.3333333333333335,0.112,48.0,0.0,0.0,0.2,47.944,2.336058735191056,47.9597,2.336058735191056,-0.112,-0.112,0.0,0.112,0.0,0.0,-0.056,0.0,0.0
2010-07-05 07:30:00,house_0,1,48.0,0.19841269841269846,0.009523809523809525,48.0,33.625,1.614,48.0,0.0,0.0,0.2,47.197761904761904,34.19653676072211,47.8971873015873,33.994751567114264,-1.6044761904761906,-1.6044761904761906,0.0,1.6044761904761906,0.0,0.0,-0.8022380952380953,0.0,0.0
2010-07-05 07:30:00,house_1,2,48.0,0.46296296296296285,0.02222222222222222,48.0,7.875,0.378,48.0,0.0,0.0,0.20000286842105264,47.82211111111111,7.904293457930897,47.8971873015873,7.439608363402332,-0.3557777777777778,-0.3557777777777778,0.0,0.3557777777777778,0.0,0.0,-0.1778888888888889,0.0,0.0
2010-07-05 07:30:00,house_2,3,48.0,0.0,0.0,48.0,2.0,0.096,48.0,0.0,0.0,0.2,47.952,2.002002002002002,47.8971873015873,2.002002002002002,-0.096,-0.096,0.0,0.096,0.0,0.0,-0.048,0.0,0.0
2010-07-05 08:00:00,house_0,1,48.0,2.2817460317460316,0.10952380952380952,48.0,35.291666666666664,1.694,48.0,0.0,0.0,0.2,47.2077619047619,35.883929499083585,47.82450582010582,33.56389132941213,-1.5844761904761904,-1.5844761904761904,0.0,1.5844761904761904,0.0,0.0,-0.7922380952380952,0.0,0.0
2010-07-05 08:00:00,house_1,2,48.0,1.929012345679012,0.09259259259259259,48.0,22.70833333333333,1.0899999999999999,48.0,0.0,0.0,0.20000286842105264,47.501296296296296,22.946742194170135,47.82450582010582,20.99747765168202,-0.9974074074074073,-0.9974074074074073,0.0,0.9974074074074073,0.0,0.0,-0.49870370370370365,0.0,0.0
2010-07-05 08:00:00,house_2,3,48.0,3.1250000000000004,0.15000000000000002,48.0,22.458333333333332,1.078,48.0,0.0,0.0,0.2,47.536,22.677549646583643,47.82450582010582,19.522046449007068,-0.928,-0.928,0.0,0.928,0.0,0.0,-0.464,0.0,0.0
2010-07-05 08:30:00,house_0,1,48.0,3.3068783068783074,0.15873015873015875,48.0,25.541666666666668,1.226,48.0,0.0,0.0,0.2,47.466365079365076,25.828815793037744,47.60840687830688,22.484760303118566,-1.0672698412698411,-1.0672698412698411,0.0,1.0672698412698411,0.0,0.0,-0.5336349206349206,0.0,0.0
2010-07-05 08:30:00,house_1,2,48.0,4.320987654320986,0.20740740740740737,48.0,101.79166666666667,4.886,48.0,0.0,0.0,0.20000286842105264,45.6607037037037,107.00667321523736,47.60840687830688,102.46431204723407,-4.678592592592593,-4.678592592592593,0.0,4.678592592592593,0.0,0.0,-2.3392962962962964,0.0,0.0
2010-07-05 08:30:00,house_2,3,48.0,6.250000000000001,0.30000000000000004,48.0,49.708333333333336,2.386,48.0,0.0,0.0,0.2,46.957,50.81244542879656,47.60840687830688,44.423621611261375,-2.0860000000000003,-2.0860000000000003,0.0,2.0860000000000003,0.0,0.0,-1.0430000000000001,0.0,0.0
2010-07-05 09:00:00,house_0,1,48.0,3.935185185185185,0.18888888888888888,48.0,6.125,0.294,48.0,0.0,0.0,0.2,47.94744444444444,6.131713658705017,47.7613037037037,2.1922150873525874,-0.1051111111111111,-0.1051111111111111,0.0,0.1051111111111111,0.0,0.0,-0.05255555555555555,0.0,0.0
2010-07-05 09:00:00,house_1,2,48.0,10.108024691358024,0.48518518518518516,48.0,80.125,3.846,48.0,0.0,0.0,0.20000286842105264,46.31959259259259,83.03181838898666,47.7613037037037,72.557089272678,-3.360814814814815,-3.360814814814815,0.0,3.360814814814815,0.0,0.0,-1.6804074074074076,0.0,0.0
2010-07-05 09:00:00,house_2,3,48.0,7.875,0.378,48.0,35.125,1.686,48.0,0.0,0.0,0.2,47.346000000000004,35.61018882270941,47.7613037037037,27.62640983398808,-1.3079999999999998,-1.3079999999999998,0.0,1.3079999999999998,0.0,0.0,-0.6539999999999999,0.0,0.0
2010-07-05 09:30:00,house_0,1,48.0,4.761904761904761,0.22857142857142854,48.0,4.833333333333333,0.232,48.0,0.0,0.0,0.2,47.998285714285714,4.833505958546138,47.7868582010582,0.07143112254009168,-0.0034285714285714752,-0.0034285714285714752,0.0,0.0034285714285714752,0.0,0.0,-0.0017142857142857376,0.0,0.0
2010-07-05 09:30:00,house_1,2,48.0,8.179012345679011,0.3925925925925925,48.0,69.54166666666667,3.338,48.0,0.0,0.0,0.20000286842105264,46.5272962962963,71.74283196562432,47.7868582010582,63.30493370279653,-2.9454074074074077,-2.9454074074074077,0.0,2.9454074074074077,0.0,0.0,-1.4727037037037038,0.0,0.0
2010-07-05 09:30:00,house_2,3,48.0,3.1250000000000004,0.15000000000000002,48.0,30.5,1.464,48.0,0.0,0.0,0.2,47.343,30.923262150687535,47.7868582010582,27.754895127051515,-1.314,-1.314,0.0,1.314,0.0,0.0,-0.657,0.0,0.0
2010-07-05 10:00:00,house_0,1,48.0,6.216931216931218,0.2984126984126984,48.0,6.625,0.318,48.0,0.0,0.0,0.2,47.990206349206346,6.626352003699168,47.81357619047619,0.4081520601260246,-0.019587301587301598,-0.019587301587301598,0.0,0.019587301587301598,0.0,0.0,-0.009793650793650799,0.0,0.0
2010-07-05 10:00:00,house_1,2,48.0,16.89814814814815,0.8111111111111111,48.0,67.70833333333333,3.25,48.0,0.0,0.0,0.20000286842105264,46.78055555555556,69.47330918591533,47.81357619047619,52.134671337806544,-2.438888888888889,-2.438888888888889,0.0,2.438888888888889,0.0,0.0,-1.2194444444444446,0.0,0.0
2010-07-05 10:00:00,house_2,3,48.0,1.625,0.078,48.0,28.083333333333332,1.348,48.0,0.0,0.0,0.2,47.365,28.45983321017629,47.81357619047619,26.813047608993983,-1.27,-1.27,0.0,1.27,0.0,0.0,-0.635,0.0,0.0
2010-07-05 10:30:00,house_0,1,48.0,7.043650793650794,0.3380952380952381,48.0,4.791666666666667,0.23,48.0,-2.2520833333333337,-0.1081,0.2102695,47.99999761904762,7.043750349392379,47.80857013227513,9.920635412712317e-05,-4.761904761896307e-06,0.1080952380952381,0.1080952380952381,0.0,0.1081,0.0,-2.3809523809481536e-06,0.0,0.0
2010-07-05 10:30:00,house_1,2,48.0,4.320987654320986,0.20740740740740737,48.0,67.95833333333333,3.262,48.0,0.0,0.0,0.20000286842105264,46.4727037037037,70.19174138861284,47.80857013227513,65.72874718173871,-3.0545925925925927,-3.0545925925925927,0.0,3.0545925925925927,0.0,0.0,-1.5272962962962964,0.0,0.0
2010-07-05 10:30:00,house_2,3,48.0,7.875,0.378,48.0,24.0,1.152,48.0,0.0,0.0,0.2,47.613,24.19507277424233,47.80857013227513,16.256064520194062,-0.7739999999999999,-0.7739999999999999,0.0,0.7739999999999999,0.0,0.0,-0.38699999999999996,0.0,0.0
2010-07-05 11:00:00,house_0,1,48.0,9.523809523809522,0.4571428571428571,48.0,19.041666666666668,0.914,48.0,2.032505208333331,0.09756024999999988,0.2,47.82035155357143,19.11320118540071,47.82936108128307,7.51347242720781,-0.35929689285714306,-0.45685714285714296,0.0,0.45685714285714296,0.0,0.09756024999999988,-0.17964844642857153,0.0,0.0
2010-07-05 11:00:00,house_1,2,48.0,8.719135802469136,0.4185185185185185,48.0,69.08333333333333,3.316,48.0,0.0,0.0,0.20000286842105264,46.55125925925926,71.23330394849485,47.82936108128307,62.24281636173266,-2.8974814814814813,-2.8974814814814813,0.0,2.8974814814814813,0.0,0.0,-1.4487407407407407,0.0,0.0
2010-07-05 11:00:00,house_2,3,48.0,18.749999999999996,0.8999999999999999,48.0,22.0,1.056,48.0,0.0,0.0,0.2,47.922,22.035808188306,47.82936108128307,3.255289845999753,-0.15600000000000014,-0.15600000000000014,0.0,0.15600000000000014,0.0,0.0,-0.07800000000000007,0.0,0.0
2010-07-05 11:30:00,house_0,1,48.0,6.415343915343915,0.30793650793650795,48.0,53.541666666666664,2.57,48.0,0.0,0.0,0.2,46.868968253968255,54.83372251921516,47.76664497354497,48.26356492009976,-2.2620634920634917,-2.2620634920634917,0.0,2.2620634920634917,0.0,0.0,-1.1310317460317458,0.0,0.0
2010-07-05 11:30:00,house_1,2,48.0,15.895061728395062,0.762962962962963,48.0,66.0,3.168,48.0,0.0,0.0,0.20000286842105264,46.79748148148148,67.69595071592963,47.76664497354497,51.39244593726158,-2.405037037037037,-2.405037037037037,0.0,2.405037037037037,0.0,0.0,-1.2025185185185185,0.0,0.0
2010-07-05 11:30:00,house_2,3,48.0,22.624999999999996,1.0859999999999999,48.0,19.375,0.93,48.0,-3.25,-0.156,0.21482,48.0,22.625,47.76664497354497,4.04768811061255e-15,-1.942890293094024e-16,0.1559999999999998,0.1559999999999998,0.0,0.156,0.0,-9.71445146547012e-17,0.0,0.0
2010-07-05 12:00:00,house_0,1,48.0,11.772486772486772,0.5650793650793651,48.0,52.208333333333336,2.506,48.0,0.0,0.0,0.2,47.029539682539685,53.28565869272976,47.7826873015873,41.27024521231336,-1.9409206349206347,-1.9409206349206347,0.0,1.9409206349206347,0.0,0.0,-0.9704603174603174,0.0,0.0
2010-07-05 12:00:00,house_1,2,48.0,22.222222222222218,1.0666666666666664,48.0,72.33333333333333,3.472,48.0,0.0,0.0,0.20000286842105264,46.797333333333334,74.19226166733146,47.7826873015873,51.39894011054761,-2.4053333333333335,-2.4053333333333335,0.0,2.4053333333333335,0.0,0.0,-1.2026666666666668,0.0,0.0
2010-07-05 12:00:00,house_2,3,48.0,28.125,1.35,48.0,18.541666666666668,0.89,48.0,-9.583333333333334,-0.46,0.25852,48.0,28.125,47.7826873015873,1.1564823173178713e-15,5.551115123125783e-17,0.4600000000000001,0.4600000000000001,0.0,0.46,0.0,2.7755575615628914e-17,0.0,0.0
2010-07-05 12:30:00,house_0,1,48.0,9.523809523809522,0.4571428571428571,48.0,50.75,2.436,48.0,0.0,0.0,0.2,47.01057142857143,51.81813209186991,47.7881126984127,42.09387554167148,-1.9788571428571429,-1.9788571428571429,0.0,1.9788571428571429,0.0,0.0,-0.9894285714285714,0.0,0.0
2010-07-05 12:30:00,house_1,2,48.0,16.89814814814815,0.8111111111111111,48.0,63.958333333333336,3.07,48.0,0.0,0.0,0.20000286842105264,46.870555555555555,65.49954366043595,47.7881126984127,48.19419915369753,-2.2588888888888885,-2.2588888888888885,0.0,2.2588888888888885,0.0,0.0,-1.1294444444444443,0.0,0.0
2010-07-05 12:30:00,house_2,3,48.0,19.5,0.9359999999999999,48.0,18.291666666666668,0.878,48.0,-1.2083333333333333,-0.058,0.26403000000000004,48.0,19.5,47.7881126984127,1.3010426069826053e-15,-6.245004513516506e-17,0.05799999999999994,0.05799999999999994,0.0,0.058,0.0,-3.122502256758253e-17,0.0,0.0
2010-07-05 13:00:00,house_0,1,48.0,8.068783068783068,0.3873015873015873,48.0,22.5,1.08,48.0,0.0,0.0,0.2,47.65365079365079,22.663531167351724,47.8420835978836,14.536103764597728,-0.6926984126984128,-0.6926984126984128,0.0,0.6926984126984128,0.0,0.0,-0.3463492063492064,0.0,0.0
2010-07-05 13:00:00,house_1,2,48.0,13.966049382716049,0.6703703703703703,48.0,65.33333333333333,3.136,48.0,0.0,0.0,0.20000286842105264,46.767185185185184,67.05556444293799,47.8420835978836,52.72136049810172,-2.46562962962963,-2.46562962962963,0.0,2.46562962962963,0.0,0.0,-1.232814814814815,0.0,0.0
2010-07-05 13:00:00,house_2,3,48.0,15.625,0.75,48.0,17.666666666666668,0.848,48.0,2.0416666666666665,0.098,0.2537142105263158,48.0,17.666666666666668,47.8420835978836,5.782411586589357e-16,2.7755575615628914e-17,-0.09799999999999998,0.0,0.09799999999999998,0.0,0.098,1.3877787807814457e-17,0.0,0.0
2010-07-05 13:30:00,house_0,1,48.0,14.682539682539684,0.7047619047619048,48.0,25.375,1.218,48.0,0.0,0.0,0.2,47.74338095238095,25.51138976133316,47.85655661375662,10.749931927736679,-0.5132380952380952,-0.5132380952380952,0.0,0.5132380952380952,0.0,0.0,-0.2566190476190476,0.0,0.0
2010-07-05 13:30:00,house_1,2,48.0,7.716049382716048,0.37037037037037035,48.0,56.791666666666664,2.726,48.0,0.0,0.0,0.20000286842105264,46.822185185185184,58.220264372934956,47.85655661375662,50.31011731539101,-2.3556296296296297,-2.3556296296296297,0.0,2.3556296296296297,0.0,0.0,-1.1778148148148149,0.0,0.0
2010-07-05 13:30:00,house_2,3,48.0,11.75,0.5640000000000001,48.0,17.458333333333332,0.838,48.0,5.708333333333333,0.274,0.22487210526315793,48.0,17.458333333333336,47.85655661375662,2.3129646346357427e-15,1.1102230246251565e-16,-0.2739999999999999,0.0,0.2739999999999999,0.0,0.274,5.551115123125783e-17,0.0,0.0
2010-07-05 14:00:00,house_0,1,48.0,9.523809523809522,0.4571428571428571,48.0,79.25,3.804,48.0,0.0,0.0,0.2,46.32657142857143,82.11270298440267,47.78273805952381,72.24487026883678,-3.346857142857143,-3.346857142857143,0.0,3.346857142857143,0.0,0.0,-1.6734285714285715,0.0,0.0
2010-07-05 14:00:00,house_1,2,48.0,4.861111111111112,0.23333333333333334,48.0,16.458333333333332,0.79,48.0,0.0,0.0,0.20000286842105264,47.721666666666664,16.55432542870115,47.78273805952381,11.66486222191178,-0.5566666666666666,-0.5566666666666666,0.0,0.5566666666666666,0.0,0.0,-0.2783333333333333,0.0,0.0
2010-07-05 14:00:00,house_2,3,48.0,5.5,0.264,48.0,19.625,0.942,48.0,4.922604166666671,0.23628500000000022,0.2,47.7791425,19.71571591097517,47.78273805952381,9.244933602565172,-0.44171499999999975,-0.6779999999999999,0.0,0.6779999999999999,0.0,0.23628500000000022,-0.22085749999999987,0.0,0.0
2010-07-05 14:30:00,house_0,1,48.0,3.7367724867724874,0.1793650793650794,48.0,79.16666666666667,3.8,48.0,0.0,0.0,0.2,46.189682539682536,82.2694548016289,47.55766825396825,78.38622656746679,-3.62063492063492,-3.62063492063492,0.0,3.62063492063492,0.0,0.0,-1.81031746031746,0.0,0.0
2010-07-05 14:30:00,house_1,2,48.0,6.25,0.3,48.0,100.375,4.818,48.0,0.0,0.0,0.20000286842105264,45.741,105.33219649767167,47.55766825396825,98.77352921886273,-4.518,-4.518,0.0,4.518,0.0,0.0,-2.259,0.0,0.0
2010-07-05 14:30:00,house_2,3,48.0,5.5,0.264,48.0,20.25,0.972,48.0,0.0,0.0,0.2,47.646,20.40045334340763,47.55766825396825,14.859589472358644,-0.708,-0.708,0.0,0.708,0.0,0.0,-0.354,0.0,0.0
2010-07-05 15:00:00,house_0,1,48.0,3.3068783068783074,0.15873015873015875,48.0,80.20833333333333,3.85,48.0,0.0,0.0,0.2,46.15436507936508,83.4157287914091,47.76220687830688,79.97661401955138,-3.6912698412698415,-3.6912698412698415,0.0,3.6912698412698415,0.0,0.0,-1.8456349206349207,0.0,0.0
2010-07-05 15:00:00,house_1,2,48.0,4.320987654320986,0.20740740740740737,48.0,14.125,0.678,48.0,0.0,0.0,0.20000286842105264,47.7647037037037,14.194581928233076,47.76220687830688,9.85230842238225,-0.4705925925925927,-0.4705925925925927,0.0,0.4705925925925927,0.0,0.0,-0.23529629629629634,0.0,0.0
2010-07-05 15:00:00,house_2,3,48.0,7.875,0.378,48.0,20.25,0.972,48.0,0.0,0.0,0.2,47.703,20.376076976290797,47.76220687830688,12.4520470410666,-0.594,-0.594,0.0,0.594,0.0,0.0,-0.297,0.0,0.0
2010-07-05 15:30:00,house_0,1,48.0,5.5886243386243395,0.2682539682539683,48.0,77.83333333333333,3.736,48.0,0.0,0.0,0.2,46.266126984126984,80.75022145860079,47.81584973544974,74.95215739445294,-3.467746031746032,-3.467746031746032,0.0,3.467746031746032,0.0,0.0,-1.733873015873016,0.0,0.0
2010-07-05 15:30:00,house_1,2,48.0,2.9320987654320985,0.14074074074074072,48.0,5.666666666666667,0.272,48.0,0.0,0.0,0.20000286842105264,47.934370370370374,5.6744252171951155,47.81584973544974,2.738311951217251,-0.1312592592592593,-0.1312592592592593,0.0,0.1312592592592593,0.0,0.0,-0.06562962962962965,0.0,0.0
2010-07-05 15:30:00,house_2,3,48.0,3.1250000000000004,0.15000000000000002,48.0,4.875,0.234,48.0,0.0,0.0,0.2,47.958,4.879269360690604,47.81584973544974,1.7515325910171398,-0.08399999999999999,-0.08399999999999999,0.0,0.08399999999999999,0.0,0.0,-0.041999999999999996,0.0,0.0
2010-07-05 16:00:00,house_0,1,48.0,2.48015873015873,0.11904761904761904,48.0,80.0,3.84,48.0,0.0,0.0,0.2,46.13952380952381,83.22582642708967,47.804600529100526,80.6456606772419,-3.720952380952381,-3.720952380952381,0.0,3.720952380952381,0.0,0.0,-1.8604761904761904,0.0,0.0
2010-07-05 16:00:00,house_1,2,48.0,3.3950617283950617,0.16296296296296295,48.0,6.583333333333333,0.316,48.0,0.0,0.0,0.20000286842105264,47.92348148148148,6.593844817432728,47.804600529100526,3.193362258044074,-0.15303703703703705,-0.15303703703703705,0.0,0.15303703703703705,0.0,0.0,-0.07651851851851853,0.0,0.0
2010-07-05 16:00:00,house_2,3,48.0,3.1250000000000004,0.15000000000000002,48.0,3.8333333333333335,0.184,48.0,0.0,0.0,0.2,47.983,3.8346914532230167,47.804600529100526,0.7085842902694699,-0.033999999999999975,-0.033999999999999975,0.0,0.033999999999999975,0.0,0.0,-0.016999999999999987,0.0,0.0
2010-07-05 16:30:00,house_0,1,48.0,0.6283068783068783,0.03015873015873016,48.0,81.58333333333333,3.916,48.0,0.0,0.0,0.2,46.05707936507937,85.02493110688049,47.77911534391534,84.3701190655074,-3.88584126984127,-3.88584126984127,0.0,3.88584126984127,0.0,0.0,-1.942920634920635,0.0,0.0
2010-07-05 16:30:00,house_1,2,48.0,1.0030864197530862,0.04814814814814814,48.0,7.291666666666667,0.35,48.0,0.0,0.0,0.20000286842105264,47.849074074074075,7.314666099038257,47.77911534391534,6.308415736207595,-0.3018518518518518,-0.3018518518518518,0.0,0.3018518518518518,0.0,0.0,-0.1509259259259259,0.0,0.0
2010-07-05 16:30:00,house_2,3,48.0,0.0,0.0,48.0,4.791666666666667,0.23,48.0,0.0,0.0,0.2,47.885,4.803174271692597,47.77911534391534,4.803174271692597,-0.23,-0.23,0.0,0.23,0.0,0.0,-0.115,0.0,0.0
2010-07-05 17:00:00,house_0,1,48.0,0.19841269841269846,0.009523809523809525,48.0,40.791666666666664,1.958,48.0,0.0,0.0,0.2,47.02576190476191,41.63675229686666,47.86147619047619,41.43422905985675,-1.9484761904761905,-1.9484761904761905,0.0,1.9484761904761905,0.0,0.0,-0.9742380952380952,0.0,0.0
2010-07-05 17:00:00,house_1,2,48.0,0.0,0.0,48.0,14.083333333333334,0.676,48.0,0.0,0.0,0.20000286842105264,47.662,14.183206747513744,47.86147619047619,14.183206747513744,-0.676,-0.676,0.0,0.676,0.0,0.0,-0.338,0.0,0.0
2010-07-05 17:00:00,house_2,3,48.0,0.0,0.0,48.0,3.0416666666666665,0.146,48.0,0.0,0.0,0.2,47.927,3.046299580612181,47.86147619047619,3.046299580612181,-0.146,-0.146,0.0,0.146,0.0,0.0,-0.073,0.0,0.0
2010-07-05 17:30:00,house_0,1,48.0,0.0,0.0,48.0,36.958333333333336,1.774,48.0,0.0,0.0,0.2,47.113,37.65415065905376,47.7846,37.65415065905376,-1.774,-1.774,0.0,1.774,0.0,0.0,-0.887,0.0,0.0
2010-07-05 17:30:00,house_1,2,48.0,0.0,0.0,48.0,49.708333333333336,2.386,48.0,0.0,0.0,0.20000286842105264,46.807,50.975281474993054,47.7846,50.975281474993054,-2.386,-2.386,0.0,2.386,0.0,0.0,-1.193,0.0,0.0
2010-07-05 17:30:00,house_2,3,48.0,0.0,0.0,48.0,3.0833333333333335,0.148,48.0,0.0,0.0,0.2,47.926,3.088094145140425,47.7846,3.088094145140425,-0.148,-0.148,0.0,0.148,0.0,0.0,-0.074,0.0,0.0
2010-07-05 18:00:00,house_0,1,48.0,0.0,0.0,48.0,35.541666666666664,1.706,48.0,0.0,0.0,0.2,47.147,36.184698920397906,47.6807,36.184698920397906,-1.706,-1.706,0.0,1.706,0.0,0.0,-0.853,0.0,0.0
2010-07-05 18:00:00,house_1,2,48.0,0.0,0.0,48.0,91.75,4.404,48.0,0.0,0.0,0.20000286842105264,45.798,96.16140442814097,47.6807,96.16140442814097,-4.404,-4.404,0.0,4.404,0.0,0.0,-2.202,0.0,0.0
2010-07-05 18:00:00,house_2,3,48.0,0.0,0.0,48.0,5.75,0.276,48.0,0.0,0.0,0.2,47.862,5.766578914378839,47.6807,5.766578914378839,-0.276,-0.276,0.0,0.276,0.0,0.0,-0.138,0.0,0.0
2010-07-05 18:30:00,house_0,1,48.0,0.0,0.0,48.0,25.25,1.212,48.0,0.0,0.0,0.2,47.394,25.57285732371186,47.7242,25.57285732371186,-1.212,-1.212,0.0,1.212,0.0,0.0,-0.606,0.0,0.0
2010-07-05 18:30:00,house_1,2,48.0,0.0,0.0,48.0,65.08333333333333,3.124,48.0,0.0,0.0,0.20000286842105264,46.438,67.2724923553986,47.7242,67.2724923553986,-3.124,-3.124,0.0,3.124,0.0,0.0,-1.562,0.0,0.0
2010-07-05 18:30:00,house_2,3,48.0,0.0,0.0,48.0,24.583333333333332,1.18,48.0,0.0,0.0,0.2,47.41,24.8892638683822,47.7242,24.8892638683822,-1.18,-1.18,0.0,1.18,0.0,0.0,-0.59,0.0,0.0
2010-07-05 19:00:00,house_0,1,48.0,0.0,0.0,48.0,31.958333333333332,1.534,48.0,0.0,0.0,0.2,47.233,32.4772934177376,47.8388,32.4772934177376,-1.534,-1.534,0.0,1.534,0.0,0.0,-0.767,0.0,0.0
2010-07-05 19:00:00,house_1,2,48.0,0.0,0.0,48.0,18.375,0.882,48.0,0.0,0.0,0.20000286842105264,47.559,18.545385731407304,47.8388,18.545385731407304,-0.882,-0.882,0.0,0.882,0.0,0.0,-0.441,0.0,0.0
2010-07-05 19:00:00,house_2,3,48.0,0.0,0.0,48.0,16.833333333333332,0.808,48.0,0.0,0.0,0.2,47.596,16.976216488780572,47.8388,16.976216488780572,-0.808,-0.808,0.0,0.808,0.0,0.0,-0.404,0.0,0.0
2010-07-05 19:30:00,house_0,1,48.0,0.0,0.0,48.0,37.666666666666664,1.808,48.0,0.0,0.0,0.2,47.096,38.3896721589944,47.8675,38.3896721589944,-1.808,-1.808,0.0,1.808,0.0,0.0,-0.904,0.0,0.0
2010-07-05 19:30:00,house_1,2,48.0,0.0,0.0,48.0,10.375,0.498,48.0,0.0,0.0,0.20000286842105264,47.751,10.429100961236415,47.8675,10.429100961236415,-0.498,-0.498,0.0,0.498,0.0,0.0,-0.249,0.0,0.0
2010-07-05 19:30:00,house_2,3,48.0,0.0,0.0,48.0,7.166666666666667,0.344,48.0,0.0,0.0,0.2,47.828,7.192439575144267,47.8675,7.192439575144267,-0.344,-0.344,0.0,0.344,0.0,0.0,-0.172,0.0,0.0
2010-07-05 20:00:00,house_0,1,48.0,0.0,0.0,48.0,39.375,1.89,48.0,0.0,0.0,0.2,47.055,40.165763468281796,47.8716,40.165763468281796,-1.89,-1.89,0.0,1.89,0.0,0.0,-0.945,0.0,0.0
2010-07-05 20:00:00,house_1,2,48.0,0.0,0.0,48.0,10.166666666666666,0.488,48.0,0.0,0.0,0.20000286842105264,47.756,10.218611273976045,47.8716,10.218611273976045,-0.488,-0.488,0.0,0.488,0.0,0.0,-0.244,0.0,0.0
2010-07-05 20:00:00,house_2,3,48.0,0.0,0.0,48.0,3.9583333333333335,0.19,48.0,0.0,0.0,0.2,47.905,3.9661830706606827,47.8716,3.9661830706606827,-0.19,-0.19,0.0,0.19,0.0,0.0,-0.095,0.0,0.0
2010-07-05 20:30:00,house_0,1,48.0,0.0,0.0,48.0,16.041666666666668,0.77,48.0,0.0,0.0,0.2,47.615,16.171374566838182,47.7127,16.171374566838182,-0.77,-0.77,0.0,0.77,0.0,0.0,-0.385,0.0,0.0
2010-07-05 20:30:00,house_1,2,48.0,0.0,0.0,48.0,100.375,4.818,48.0,0.0,0.0,0.20000286842105264,45.591,105.67875238533921,47.7127,105.67875238533921,-4.818,-4.818,0.0,4.818,0.0,0.0,-2.409,0.0,0.0
2010-07-05 20:30:00,house_2,3,48.0,0.0,0.0,48.0,3.2916666666666665,0.158,48.0,0.0,0.0,0.2,47.921,3.2970931324471526,47.7127,3.2970931324471526,-0.158,-0.158,0.0,0.158,0.0,0.0,-0.079,0.0,0.0
2010-07-05 21:00:00,house_0,1,48.0,0.0,0.0,48.0,12.291666666666666,0.59,48.0,0.0,0.0,0.2,47.705,12.367676344198722,47.7415,12.367676344198722,-0.59,-0.59,0.0,0.59,0.0,0.0,-0.295,0.0,0.0
2010-07-05 21:00:00,house_1,2,48.0,0.0,0.0,48.0,92.70833333333333,4.45,48.0,0.0,0.0,0.20000286842105264,45.775,97.21463681048607,47.7415,97.21463681048607,-4.45,-4.45,0.0,4.45,0.0,0.0,-2.225,0.0,0.0
2010-07-05 21:00:00,house_2,3,48.0,0.0,0.0,48.0,2.7083333333333335,0.13,48.0,0.0,0.0,0.2,47.935,2.71200584124335,47.7415,2.71200584124335,-0.13,-0.13,0.0,0.13,0.0,0.0,-0.065,0.0,0.0
2010-07-05 21:30:00,house_0,1,48.0,0.0,0.0,48.0,43.083333333333336,2.068,48.0,0.0,0.0,0.2,46.966,44.031852829706594,47.8696,44.031852829706594,-2.068,-2.068,0.0,2.068,0.0,0.0,-1.034,0.0,0.0
2010-07-05 21:30:00,house_1,2,48.0,0.0,0.0,48.0,8.666666666666666,0.416,48.0,0.0,0.0,0.20000286842105264,47.792,8.704385671242049,47.8696,8.704385671242049,-0.416,-0.416,0.0,0.416,0.0,0.0,-0.208,0.0,0.0
2010-07-05 21:30:00,house_2,3,48.0,0.0,0.0,48.0,2.5833333333333335,0.124,48.0,0.0,0.0,0.2,47.938,2.5866744545037337,47.8696,2.5866744545037337,-0.124,-0.124,0.0,0.124,0.0,0.0,-0.062,0.0,0.0
2010-07-05 22:00:00,house_0,1,48.0,0.0,0.0,48.0,7.041666666666667,0.338,48.0,0.0,0.0,0.2,47.831,7.066546800192343,47.9482,7.066546800192343,-0.338,-0.338,0.0,0.338,0.0,0.0,-0.169,0.0,0.0
2010-07-05 22:00:00,house_1,2,48.0,0.0,0.0,48.0,11.25,0.54,48.0,0.0,0.0,0.20000286842105264,47.73,11.313639220615965,47.9482,11.313639220615965,-0.54,-0.54,0.0,0.54,0.0,0.0,-0.27,0.0,0.0
2010-07-05 22:00:00,house_2,3,48.0,0.0,0.0,48.0,3.2916666666666665,0.158,48.0,0.0,0.0,0.2,47.921,3.2970931324471526,47.9482,3.2970931324471526,-0.158,-0.158,0.0,0.158,0.0,0.0,-0.079,0.0,0.0
2010-07-05 22:30:00,house_0,1,48.0,0.0,0.0,48.0,5.083333333333333,0.244,48.0,0.0,0.0,0.2,47.878,5.09628639458624,47.9575,5.09628639458624,-0.244,-0.244,0.0,0.244,0.0,0.0,-0.122,0.0,0.0
2010-07-05 22:30:00,house_1,2,48.0,0.0,0.0,48.0,9.291666666666666,0.446,48.0,0.0,0.0,0.20000286842105264,47.777,9.335035686627457,47.9575,9.335035686627457,-0.446,-0.446,0.0,0.446,0.0,0.0,-0.223,0.0,0.0
2010-07-05 22:30:00,house_2,3,48.0,0.0,0.0,48.0,3.3333333333333335,0.16,48.0,0.0,0.0,0.2,47.92,3.33889816360601,47.9575,3.33889816360601,-0.16,-0.16,0.0,0.16,0.0,0.0,-0.08,0.0,0.0
2010-07-05 23:00:00,house_0,1,48.0,0.0,0.0,48.0,5.625,0.27,48.0,0.0,0.0,0.2,47.865,5.640864932623002,47.9462,5.640864932623002,-0.27,-0.27,0.0,0.27,0.0,0.0,-0.135,0.0,0.0
2010-07-05 23:00:00,house_1,2,48.0,0.0,0.0,48.0,13.583333333333334,0.652,48.0,0.0,0.0,0.20000286842105264,47.674,13.676217644837857,47.9462,13.676217644837857,-0.652,-0.652,0.0,0.652,0.0,0.0,-0.326,0.0,0.0
2010-07-05 23:00:00,house_2,3,48.0,0.0,0.0,48.0,3.2083333333333335,0.154,48.0,0.0,0.0,0.2,47.923,3.213488304154581,47.9462,3.213488304154581,-0.154,-0.154,0.0,0.154,0.0,0.0,-0.077,0.0,0.0
2010-07-05 23:30:00,house_0,1,48.0,0.0,0.0,48.0,3.2916666666666665,0.158,48.0,0.0,0.0,0.2,47.921,3.2970931324471526,47.8495,3.2970931324471526,-0.158,-0.158,0.0,0.158,0.0,0.0,-0.079,0.0,0.0
2010-07-05 23:30:00,house_1,2,48.0,0.0,0.0,48.0,10.625,0.51,48.0,0.0,0.0,0.20000286842105264,47.745,10.681746779767515,47.8495,10.681746779767515,-0.51,-0.51,0.0,0.51,0.0,0.0,-0.255,0.0,0.0
2010-07-05 23:30:00,house_2,3,48.0,0.0,0.0,48.0,48.791666666666664,2.342,48.0,0.0,0.0,0.2,46.829,50.01174485895492,47.8495,50.01174485895492,-2.342,-2.342,0.0,2.342,0.0,0.0,-1.171,0.0,0.0
2010-07-06 00:00:00,house_0,1,48.0,0.0,0.0,48.0,60.54166666666666,2.9059999999999997,48.0,0.0,0.0,0.2,46.547,62.43152082840999,47.7288,62.43152082840999,-2.9059999999999997,-2.9059999999999997,0.0,2.9059999999999997,0.0,0.0,-1.4529999999999998,0.0,0.0
2010-07-06 00:00:00,house_1,2,48.0,0.0,0.0,48.0,12.5,0.6,48.0,0.0,0.0,0.20000286842105264,47.7,12.578616352201257,47.7288,12.578616352201257,-0.6,-0.6,0.0,0.6,0.0,0.0,-0.3,0.0,0.0
2010-07-06 00:00:00,house_2,3,48.0,0.0,0.0,48.0,39.958333333333336,1.918,48.0,0.0,0.0,0.2,47.041,40.77294275206735,47.7288,40.77294275206735,-1.918,-1.918,0.0,1.918,0.0,0.0,-0.959,0.0,0.0
2010-07-06 00:30:00,house_0,1,48.0,0.0,0.0,48.0,56.541666666666664,2.714,48.0,0.0,0.0,0.2,46.643,58.18665180198529,47.6033,58.18665180198529,-2.714,-2.714,0.0,2.714,0.0,0.0,-1.357,0.0,0.0
2010-07-06 00:30:00,house_1,2,48.0,0.0,0.0,48.0,11.958333333333334,0.574,48.0,0.0,0.0,0.20000286842105264,47.713,12.030264288558673,47.6033,12.030264288558673,-0.574,-0.574,0.0,0.574,0.0,0.0,-0.287,0.0,0.0
2010-07-06 00:30:00,house_2,3,48.0,0.0,0.0,48.0,96.79166666666667,4.646,48.0,0.0,0.0,0.2,45.677,101.7142106530639,47.6033,101.7142106530639,-4.646,-4.646,0.0,4.646,0.0,0.0,-2.323,0.0,0.0
2010-07-06 01:00:00,house_0,1,48.0,0.0,0.0,48.0,56.166666666666664,2.696,48.0,0.0,0.0,0.2,46.652,57.78959101431879,47.8036,57.78959101431879,-2.696,-2.696,0.0,2.696,0.0,0.0,-1.348,0.0,0.0
2010-07-06 01:00:00,house_1,2,48.0,0.0,0.0,48.0,3.0,0.144,48.0,0.0,0.0,0.20000286842105264,47.928,3.0045067601402105,47.8036,3.0045067601402105,-0.144,-0.144,0.0,0.144,0.0,0.0,-0.072,0.0,0.0
2010-07-06 01:00:00,house_2,3,48.0,0.0,0.0,48.0,22.666666666666668,1.088,48.0,0.0,0.0,0.2,47.456,22.926500337154415,47.8036,22.926500337154415,-1.088,-1.088,0.0,1.088,0.0,0.0,-0.544,0.0,0.0
2010-07-06 01:30:00,house_0,1,48.0,0.0,0.0,48.0,57.375,2.754,48.0,0.0,0.0,0.2,46.623,59.06955794350428,47.7981,59.06955794350428,-2.754,-2.754,0.0,2.754,0.0,0.0,-1.377,0.0,0.0
2010-07-06 01:30:00,house_1,2,48.0,0.0,0.0,48.0,6.916666666666667,0.332,48.0,0.0,0.0,0.20000286842105264,47.834,6.940669816448551,47.7981,6.940669816448551,-0.332,-0.332,0.0,0.332,0.0,0.0,-0.166,0.0,0.0
2010-07-06 01:30:00,house_2,3,48.0,0.0,0.0,48.0,19.833333333333332,0.952,48.0,0.0,0.0,0.2,47.524,20.03198383974413,47.7981,20.03198383974413,-0.952,-0.952,0.0,0.952,0.0,0.0,-0.476,0.0,0.0
2010-07-06 02:00:00,house_0,1,48.0,0.0,0.0,48.0,66.0,3.168,48.0,0.0,0.0,0.2,46.416,68.25232678386763,47.7869,68.25232678386763,-3.168,-3.168,0.0,3.168,0.0,0.0,-1.584,0.0,0.0
2010-07-06 02:00:00,house_1,2,48.0,0.0,0.0,48.0,2.8333333333333335,0.136,48.0,0.0,0.0,0.20000286842105264,47.932,2.837352916631895,47.7869,2.837352916631895,-0.136,-0.136,0.0,0.136,0.0,0.0,-0.068,0.0,0.0
2010-07-06 02:00:00,house_2,3,48.0,0.0,0.0,48.0,19.958333333333332,0.958,48.0,0.0,0.0,0.2,47.521,20.15950842785295,47.7869,20.15950842785295,-0.958,-0.958,0.0,0.958,0.0,0.0,-0.479,0.0,0.0
2010-07-06 02:30:00,house_0,1,48.0,0.0,0.0,48.0,68.33333333333334,3.2800000000000002,48.0,0.0,0.0,0.2,46.36,70.75064710957723,47.7745,70.75064710957723,-3.2800000000000002,-3.2800000000000002,0.0,3.2800000000000002,0.0,0.0,-1.6400000000000001,0.0,0.0
2010-07-06 02:30:00,house_1,2,48.0,0.0,0.0,48.0,5.666666666666667,0.272,48.0,0.0,0.0,0.20000286842105264,47.864,5.682767842219622,47.7745,5.682767842219622,-0.272,-0.272,0.0,0.272,0.0,0.0,-0.136,0.0,0.0
2010-07-06 02:30:00,house_2,3,48.0,0.0,0.0,48.0,19.958333333333332,0.958,48.0,0.0,0.0,0.2,47.521,20.15950842785295,47.7745,20.15950842785295,-0.958,-0.958,0.0,0.958,0.0,0.0,-0.479,0.0,0.0
2010-07-06 03:00:00,house_0,1,48.0,0.0,0.0,48.0,56.83333333333332,2.7279999999999998,48.0,0.0,0.0,0.2,46.636,58.49558281156187,47.8053,58.49558281156187,-2.7279999999999998,-2.7279999999999998,0.0,2.7279999999999998,0.0,0.0,-1.3639999999999999,0.0,0.0
2010-07-06 03:00:00,house_1,2,48.0,0.0,0.0,48.0,4.291666666666667,0.206,48.0,0.0,0.0,0.20000286842105264,47.897,4.300895671962754,47.8053,4.300895671962754,-0.206,-0.206,0.0,0.206,0.0,0.0,-0.103,0.0,0.0
2010-07-06 03:00:00,house_2,3,48.0,0.0,0.0,48.0,20.0,0.96,48.0,0.0,0.0,0.2,47.52,20.2020202020202,47.8053,20.2020202020202,-0.96,-0.96,0.0,0.96,0.0,0.0,-0.48,0.0,0.0
2010-07-06 03:30:00,house_0,1,48.0,0.0,0.0,48.0,57.708333333333336,2.77,48.0,0.0,0.0,0.2,46.615,59.42293253244664,47.8013,59.42293253244664,-2.77,-2.77,0.0,2.77,0.0,0.0,-1.385,0.0,0.0
2010-07-06 03:30:00,house_1,2,48.0,0.0,0.0,48.0,3.8333333333333335,0.184,48.0,0.0,0.0,0.20000286842105264,47.908,3.8406946647741504,47.8013,3.8406946647741504,-0.184,-0.184,0.0,0.184,0.0,0.0,-0.092,0.0,0.0
2010-07-06 03:30:00,house_2,3,48.0,0.7500000000000001,0.036000000000000004,48.0,22.0,1.056,48.0,0.0,0.0,0.2,47.49,22.236260265319014,47.8013,21.47820593809223,-1.02,-1.02,0.0,1.02,0.0,0.0,-0.51,0.0,0.0
2010-07-06 04:00:00,house_0,1,48.0,0.0,0.0,48.0,28.791666666666668,1.382,48.0,0.0,0.0,0.2,47.309,29.21220063835634,47.867,29.21220063835634,-1.382,-1.382,0.0,1.382,0.0,0.0,-0.691,0.0,0.0
2010-07-06 04:00:00,house_1,2,48.0,0.0,0.0,48.0,6.041666666666667,0.29,48.0,0.0,0.0,0.20000286842105264,47.855,6.059972834604535,47.867,6.059972834604535,-0.29,-0.29,0.0,0.29,0.0,0.0,-0.145,0.0,0.0
2010-07-06 04:00:00,house_2,3,48.0,0.0,0.0,48.0,20.583333333333332,0.988,48.0,0.0,0.0,0.2,47.506,20.797372963415146,47.867,20.797372963415146,-0.988,-0.988,0.0,0.988,0.0,0.0,-0.494,0.0,0.0
2010-07-06 04:30:00,house_0,1,48.0,0.0,0.0,48.0,26.875,1.29,48.0,0.0,0.0,0.2,47.355,27.241051631295537,47.8827,27.241051631295537,-1.29,-1.29,0.0,1.29,0.0,0.0,-0.645,0.0,0.0
2010-07-06 04:30:00,house_1,2,48.0,0.0,0.0,48.0,2.9166666666666665,0.14,48.0,0.0,0.0,0.20000286842105264,47.93,2.920926350928437,47.8827,2.920926350928437,-0.14,-0.14,0.0,0.14,0.0,0.0,-0.07,0.0,0.0
2010-07-06 04:30:00,house_2,3,48.0,0.0,0.0,48.0,19.083333333333332,0.916,48.0,0.0,0.0,0.2,47.542,19.26717428799798,47.8827,19.26717428799798,-0.916,-0.916,0.0,0.916,0.0,0.0,-0.458,0.0,0.0
2010-07-06 05:00:00,house_0,1,48.0,0.0,0.0,48.0,30.958333333333332,1.486,48.0,0.0,0.0,0.2,47.257,31.445076919821403,47.867,31.445076919821403,-1.486,-1.486,0.0,1.486,0.0,0.0,-0.743,0.0,0.0
2010-07-06 05:00:00,house_1,2,48.0,0.0,0.0,48.0,4.833333333333333,0.232,48.0,0.0,0.0,0.20000286842105264,47.884,4.845042185281096,47.867,4.845042185281096,-0.232,-0.232,0.0,0.232,0.0,0.0,-0.116,0.0,0.0
2010-07-06 05:00:00,house_2,3,48.0,0.0,0.0,48.0,19.625,0.942,48.0,0.0,0.0,0.2,47.529,19.819478634097077,47.867,19.819478634097077,-0.942,-0.942,0.0,0.942,0.0,0.0,-0.471,0.0,0.0
2010-07-06 05:30:00,house_0,1,48.0,0.0,0.0,48.0,4.208333333333333,0.202,48.0,0.0,0.0,0.2,47.899,4.21720703981294,47.9173,4.21720703981294,-0.202,-0.202,0.0,0.202,0.0,0.0,-0.101,0.0,0.0
2010-07-06 05:30:00,house_1,2,48.0,0.0,0.0,48.0,5.291666666666667,0.254,48.0,0.0,0.0,0.20000286842105264,47.873,5.3057046769577845,47.9173,5.3057046769577845,-0.254,-0.254,0.0,0.254,0.0,0.0,-0.127,0.0,0.0
2010-07-06 05:30:00,house_2,3,48.0,0.0,0.0,48.0,24.958333333333332,1.198,48.0,0.0,0.0,0.2,47.401,25.27372840235438,47.9173,25.27372840235438,-1.198,-1.198,0.0,1.198,0.0,0.0,-0.599,0.0,0.0
2010-07-06 06:00:00,house_0,1,48.0,0.0,0.0,48.0,4.291666666666667,0.206,48.0,0.0,0.0,0.2,47.897,4.300895671962754,47.8437,4.300895671962754,-0.206,-0.206,0.0,0.206,0.0,0.0,-0.103,0.0,0.0
2010-07-06 06:00:00,house_1,2,48.0,0.0,0.0,48.0,2.75,0.132,48.0,0.0,0.0,0.20000286842105264,47.934,2.753786456377519,47.8437,2.753786456377519,-0.132,-0.132,0.0,0.132,0.0,0.0,-0.066,0.0,0.0
2010-07-06 06:00:00,house_2,3,48.0,0.0,0.0,48.0,58.083333333333336,2.788,48.0,0.0,0.0,0.2,46.606,59.820623953997334,47.8437,59.820623953997334,-2.788,-2.788,0.0,2.788,0.0,0.0,-1.394,0.0,0.0
2010-07-06 06:30:00,house_0,1,48.0,0.0,0.0,48.0,5.166666666666667,0.248,48.0,0.0,0.0,0.2,47.876,5.180048458517838,47.7245,5.180048458517838,-0.248,-0.248,0.0,0.248,0.0,0.0,-0.124,0.0,0.0
2010-07-06 06:30:00,house_1,2,48.0,0.0,0.0,48.0,5.458333333333333,0.262,48.0,0.0,0.0,0.20000286842105264,47.869,5.473270801562598,47.7245,5.473270801562598,-0.262,-0.262,0.0,0.262,0.0,0.0,-0.131,0.0,0.0
2010-07-06 06:30:00,house_2,3,48.0,0.0,0.0,48.0,107.12499999999999,5.1419999999999995,48.0,0.0,0.0,0.2,45.5,109.89010989010988,47.7245,109.89010989010988,-5.0,-5.1419999999999995,0.0,5.1419999999999995,0.0,0.0,-2.5,0.0,0.14199999999999946
2010-07-06 07:00:00,house_0,1,48.0,0.0,0.0,48.0,4.125,0.198,48.0,0.0,0.0,0.2,47.901,4.133525396129516,47.7854,4.133525396129516,-0.198,-0.198,0.0,0.198,0.0,0.0,-0.099,0.0,0.0
2010-07-06 07:00:00,house_1,2,48.0,0.0,0.0,48.0,4.208333333333333,0.202,48.0,0.0,0.0,0.20000286842105264,47.899,4.21720703981294,47.7854,4.21720703981294,-0.202,-0.202,0.0,0.202,0.0,0.0,-0.101,0.0,0.0
2010-07-06 07:00:00,house_2,3,48.0,0.0,0.0,48.0,81.08333333333333,3.892,48.0,0.0,0.0,0.2,46.054,84.50948886090241,47.7854,84.50948886090241,-3.892,-3.892,0.0,3.892,0.0,0.0,-1.946,0.0,0.0
2010-07-06 07:30:00,house_0,1,48.0,0.0,0.0,48.0,44.083333333333336,2.116,48.0,0.0,0.0,0.2,46.942,45.07690341272208,47.77831111111111,45.07690341272208,-2.116,-2.116,0.0,2.116,0.0,0.0,-1.058,0.0,0.0
2010-07-06 07:30:00,house_1,2,48.0,0.46296296296296285,0.02222222222222222,48.0,46.33333333333332,2.2239999999999998,48.0,0.0,0.0,0.20000286842105264,46.89911111111111,47.42094140613894,47.77831111111111,46.947111056357386,-2.2017777777777776,-2.2017777777777776,0.0,2.2017777777777776,0.0,0.0,-1.1008888888888888,0.0,0.0
2010-07-06 07:30:00,house_2,3,48.0,0.0,0.0,48.0,2.4166666666666665,0.116,48.0,0.0,0.0,0.2,47.942,2.4195903383254764,47.77831111111111,2.4195903383254764,-0.116,-0.116,0.0,0.116,0.0,0.0,-0.058,0.0,0.0
2010-07-06 08:00:00,house_0,1,48.0,1.4550264550264551,0.06984126984126984,48.0,32.916666666666664,1.58,48.0,0.0,0.0,0.2,47.24492063492063,33.4427485275985,47.724292063492065,31.964467499655633,-1.5101587301587303,-1.5101587301587303,0.0,1.5101587301587303,0.0,0.0,-0.7550793650793651,0.0,0.0
2010-07-06 08:00:00,house_1,2,48.0,0.0,0.0,48.0,81.83333333333333,3.928,48.0,0.0,0.0,0.20000286842105264,46.036,85.32452862976801,47.724292063492065,85.32452862976801,-3.928,-3.928,0.0,3.928,0.0,0.0,-1.964,0.0,0.0
2010-07-06 08:00:00,house_2,3,48.0,0.7500000000000001,0.036000000000000004,48.0,2.3333333333333335,0.112,48.0,0.0,0.0,0.2,47.962,2.3351820190984527,47.724292063492065,1.58458779867395,-0.076,-0.076,0.0,0.076,0.0,0.0,-0.038,0.0,0.0
2010-07-06 08:30:00,house_0,1,48.0,4.761904761904761,0.22857142857142854,48.0,12.083333333333334,0.58,48.0,0.0,0.0,0.2,47.824285714285715,12.127729485915703,47.816339682539684,7.348328703288826,-0.3514285714285714,-0.3514285714285714,0.0,0.3514285714285714,0.0,0.0,-0.1757142857142857,0.0,0.0
2010-07-06 08:30:00,house_1,2,48.0,0.46296296296296285,0.02222222222222222,48.0,67.54166666666667,3.242,48.0,0.0,0.0,0.20000286842105264,46.39011111111111,69.88558385288053,47.816339682539684,69.40655455784399,-3.219777777777778,-3.219777777777778,0.0,3.219777777777778,0.0,0.0,-1.609888888888889,0.0,0.0
2010-07-06 08:30:00,house_2,3,48.0,0.0,0.0,48.0,2.125,0.102,48.0,0.0,0.0,0.2,47.949,2.127260213977351,47.816339682539684,2.127260213977351,-0.102,-0.102,0.0,0.102,0.0,0.0,-0.051,0.0,0.0
2010-07-06 09:00:00,house_0,1,48.0,6.8121693121693125,0.326984126984127,48.0,8.916666666666666,0.428,48.0,0.0,0.0,0.2,47.949492063492066,8.926059100548262,47.846708465608465,2.1067141416662634,-0.101015873015873,-0.101015873015873,0.0,0.101015873015873,0.0,0.0,-0.0505079365079365,0.0,0.0
2010-07-06 09:00:00,house_1,2,48.0,3.858024691358024,0.18518518518518517,48.0,65.625,3.15,48.0,0.0,0.0,0.20000286842105264,46.51759259259259,67.71631600947471,47.846708465608465,63.735345050657855,-2.964814814814815,-2.964814814814815,0.0,2.964814814814815,0.0,0.0,-1.4824074074074074,0.0,0.0
2010-07-06 09:00:00,house_2,3,48.0,2.3749999999999996,0.11399999999999999,48.0,2.0416666666666665,0.098,48.0,-0.3333333333333333,-0.016,0.20152,48.0,2.375,47.846708465608465,2.8912057932946783e-16,-1.3877787807814457e-17,0.015999999999999986,0.015999999999999986,0.0,0.016,0.0,-6.938893903907228e-18,0.0,0.0
2010-07-06 09:30:00,house_0,1,48.0,8.465608465608465,0.40634920634920635,48.0,7.416666666666667,0.356,48.0,-1.0479166666666666,-0.0503,0.2047785,48.0000246031746,8.465604126426456,47.86749134920635,0.0010251317496848503,4.920634920636824e-05,0.050349206349206366,0.050349206349206366,0.0,0.0503,0.0,2.460317460318412e-05,0.0,0.0
2010-07-06 09:30:00,house_1,2,48.0,5.787037037037037,0.2777777777777778,48.0,61.0,2.928,48.0,0.0,0.0,0.20000286842105264,46.67488888888889,62.73180439636826,47.86749134920635,56.780472012074064,-2.6502222222222223,-2.6502222222222223,0.0,2.6502222222222223,0.0,0.0,-1.3251111111111111,0.0,0.0
2010-07-06 09:30:00,house_2,3,48.0,4.749999999999999,0.22799999999999998,48.0,1.9583333333333333,0.094,48.0,-2.7916666666666665,-0.134,0.21425,48.0,4.75,47.86749134920635,5.782411586589357e-16,-2.7755575615628914e-17,0.13399999999999998,0.13399999999999998,0.0,0.134,0.0,-1.3877787807814457e-17,0.0,0.0
2010-07-06 10:00:00,house_0,1,48.0,9.722222222222223,0.4666666666666667,48.0,20.0,0.96,48.0,0.9457447916666649,0.045395749999999915,0.2,47.776031208333336,20.09375780532712,47.842221639351855,9.375780532712016,-0.4479375833333334,-0.4933333333333333,0.0,0.4933333333333333,0.0,0.045395749999999915,-0.2239687916666667,0.0,0.0
2010-07-06 10:00:00,house_1,2,48.0,7.716049382716048,0.37037037037037035,48.0,64.125,3.078,48.0,0.0,0.0,0.20000286842105264,46.64618518518518,65.98610342475706,47.842221639351855,58.046110713670366,-2.7076296296296296,-2.7076296296296296,0.0,2.7076296296296296,0.0,0.0,-1.3538148148148148,0.0,0.0
2010-07-06 10:00:00,house_2,3,48.0,6.250000000000001,0.30000000000000004,48.0,1.9166666666666667,0.092,48.0,-4.333333333333333,-0.208,0.23401,48.0,6.250000000000001,47.842221639351855,1.1564823173178713e-15,5.551115123125783e-17,0.20800000000000005,0.20800000000000005,0.0,0.208,0.0,2.7755575615628914e-17,0.0,0.0
2010-07-06 10:30:00,house_0,1,48.0,15.707671957671957,0.753968253968254,48.0,8.458333333333334,0.406,48.0,-7.25,-0.348,0.23306,47.999984126984124,15.708338527889726,47.86931693121693,0.0006613758800849842,-3.17460317460494e-05,0.3479682539682539,0.3479682539682539,0.0,0.348,0.0,-1.58730158730247e-05,0.0,0.0
2010-07-06 10:30:00,house_1,2,48.0,7.716049382716048,0.37037037037037035,48.0,62.166666666666664,2.984,48.0,0.0,0.0,0.20000286842105264,46.693185185185186,63.90654199677009,47.86931693121693,55.97454145104845,-2.6136296296296297,-2.6136296296296297,0.0,2.6136296296296297,0.0,0.0,-1.3068148148148149,0.0,0.0
2010-07-06 10:30:00,house_2,3,48.0,5.5,0.264,48.0,2.0833333333333335,0.1,48.0,-3.4166666666666665,-0.164,0.24958999999999998,48.0,5.5,47.86931693121693,0.0,0.0,0.164,0.164,0.0,0.164,0.0,0.0,0.0,0.0
2010-07-06 11:00:00,house_0,1,48.0,25.42989417989418,1.2206349206349207,48.0,32.125,1.542,48.0,6.543124999999995,0.3140699999999998,0.2,47.99635246031746,32.12744137744422,47.800924134920635,0.1519923700683494,-0.007295079365079504,-0.3213650793650793,0.0,0.3213650793650793,0.0,0.3140699999999998,-0.003647539682539752,0.0,0.0
2010-07-06 11:00:00,house_1,2,48.0,12.037037037037036,0.5777777777777777,48.0,94.83333333333333,4.552,48.0,0.0,0.0,0.20000286842105264,46.01288888888889,98.92880255773744,47.800924134920635,86.37193443383013,-3.974222222222222,-3.974222222222222,0.0,3.974222222222222,0.0,0.0,-1.987111111111111,0.0,0.0
2010-07-06 11:00:00,house_2,3,48.0,9.374999999999998,0.44999999999999996,48.0,2.3333333333333335,0.112,48.0,-7.041666666666667,-0.338,0.28169999999999995,48.0,9.375,47.800924134920635,1.1564823173178713e-15,-5.551115123125783e-17,0.33799999999999997,0.33799999999999997,0.0,0.338,0.0,-2.7755575615628914e-17,0.0,0.0
2010-07-06 11:30:00,house_0,1,48.0,11.574074074074074,0.5555555555555556,48.0,35.0,1.68,48.0,0.0,0.0,0.2,47.437777777777775,35.41481238581534,47.72052592592593,23.703564903733543,-1.1244444444444444,-1.1244444444444444,0.0,1.1244444444444444,0.0,0.0,-0.5622222222222222,0.0,0.0
2010-07-06 11:30:00,house_1,2,48.0,15.895061728395062,0.762962962962963,48.0,108.91666666666667,5.228,48.0,0.0,0.0,0.20000286842105264,45.76748148148148,114.22957590784982,47.72052592592593,97.55915974628599,-4.465037037037037,-4.465037037037037,0.0,4.465037037037037,0.0,0.0,-2.2325185185185186,0.0,0.0
2010-07-06 11:30:00,house_2,3,48.0,13.25,0.636,48.0,2.4166666666666665,0.116,48.0,-10.833333333333334,-0.52,0.33109999999999995,48.0,13.25,47.72052592592593,0.0,0.0,0.52,0.52,0.0,0.52,0.0,0.0,0.0,0.0
2010-07-06 12:00:00,house_0,1,48.0,31.216931216931215,1.4984126984126984,48.0,60.416666666666664,2.9,48.0,0.0,0.0,0.2,47.29920634920635,61.311810997197846,47.90656507936508,29.632364045170053,-1.4015873015873015,-1.4015873015873015,0.0,1.4015873015873015,0.0,0.0,-0.7007936507936507,0.0,0.0
2010-07-06 12:00:00,house_1,2,48.0,22.68518518518518,1.0888888888888888,48.0,32.416666666666664,1.556,48.0,0.0,0.0,0.20000286842105264,47.766444444444446,32.57516899357522,47.90656507936508,9.779063870964743,-0.46711111111111125,-0.46711111111111125,0.0,0.46711111111111125,0.0,0.0,-0.23355555555555563,0.0,0.0
2010-07-06 12:00:00,house_2,3,48.0,13.25,0.636,48.0,2.2916666666666665,0.11,48.0,-10.958333333333334,-0.526,0.38106999999999996,48.0,13.25,47.90656507936508,0.0,0.0,0.526,0.526,0.0,0.526,0.0,0.0,0.0,0.0
2010-07-06 12:30:00,house_0,1,48.0,35.1521164021164,1.687301587301587,48.0,40.291666666666664,1.934,48.0,0.0,0.0,0.2,47.876650793650796,40.39547395108262,47.98766674603175,5.15279178073018,-0.24669841269841286,-0.24669841269841286,0.0,0.24669841269841286,0.0,0.0,-0.12334920634920643,0.0,0.0
2010-07-06 12:30:00,house_1,2,48.0,23.61111111111111,1.1333333333333333,48.0,7.083333333333333,0.34,48.0,-16.527083333333334,-0.7933,0.27536636842105267,48.00001666666667,23.611102912811486,47.98766674603175,0.0006944442033155955,3.333333333321864e-05,0.7933333333333332,0.7933333333333332,0.0,0.7933,0.0,1.666666666660932e-05,0.0,0.0
2010-07-06 12:30:00,house_2,3,48.0,11.75,0.5640000000000001,48.0,1.75,0.084,48.0,-10.0,-0.48,0.42666999999999994,48.0,11.75,47.98766674603175,1.1564823173178713e-15,5.551115123125783e-17,0.48000000000000004,0.48000000000000004,0.0,0.48,0.0,2.7755575615628914e-17,0.0,0.0
2010-07-06 13:00:00,house_0,1,48.0,36.177248677248684,1.7365079365079368,48.0,48.958333333333336,2.35,48.0,0.0,0.0,0.2,47.69325396825397,49.27321590521437,47.96932373015873,12.863288042799965,-0.6134920634920633,-0.6134920634920633,0.0,0.6134920634920633,0.0,0.0,-0.30674603174603166,0.0,0.0
2010-07-06 13:00:00,house_1,2,48.0,40.97222222222222,1.9666666666666668,48.0,7.0,0.336,48.0,-33.97291666666667,-1.6307,0.4302828684210527,47.99998333333333,40.97293089337878,47.96932373015873,0.000694444685570995,-3.333333333332966e-05,1.6306666666666667,1.6306666666666667,0.0,1.6307,0.0,-1.666666666666483e-05,0.0,0.0
2010-07-06 13:00:00,house_2,3,48.0,28.125,1.35,48.0,1.7916666666666667,0.086,48.0,-26.333333333333332,-1.264,0.54675,48.0,28.125,47.96932373015873,0.0,0.0,1.264,1.264,0.0,1.264,0.0,0.0,0.0,0.0
2010-07-06 13:30:00,house_0,1,48.0,40.70767195767196,1.9539682539682541,48.0,54.458333333333336,2.614,48.0,0.0,0.0,0.2,47.669984126984126,54.83534445987609,47.96700044973545,13.84585621580116,-0.6600317460317457,-0.6600317460317457,0.0,0.6600317460317457,0.0,0.0,-0.3300158730158729,0.0,0.0
2010-07-06 13:30:00,house_1,2,48.0,15.432098765432096,0.7407407407407407,48.0,3.0,0.144,48.0,-12.43125,-0.5967,0.4869693684210527,48.00002037037037,15.432092216318887,47.96700044973545,0.0008487650718961605,4.0740740740674575e-05,0.5967407407407407,0.5967407407407407,0.0,0.5967,0.0,2.0370370370337287e-05,0.0,0.0
2010-07-06 13:30:00,house_2,3,48.0,19.5,0.9359999999999999,48.0,2.125,0.102,48.0,-17.375,-0.834,0.62598,48.0,19.5,47.96700044973545,0.0,0.0,0.834,0.834,0.0,0.834,0.0,0.0,0.0,0.0
2010-07-06 14:00:00,house_0,1,48.0,31.01851851851852,1.488888888888889,48.0,24.5,1.176,48.0,-6.518750000000001,-0.3129,0.2297255,47.99999444444445,31.018753590133514,48.00000111111111,0.00023148150827136975,-1.1111111111017369e-05,0.312888888888889,0.312888888888889,0.0,0.3129,0.0,-5.555555555508684e-06,0.0,0.0
2010-07-06 14:00:00,house_1,2,48.0,11.111111111111109,0.5333333333333332,48.0,6.75,0.324,48.0,-4.360416666666667,-0.2093,0.5068528684210527,48.00001666666667,11.111107253087757,48.00000111111111,0.0006944442033150173,3.3333333333190884e-05,0.2093333333333332,0.2093333333333332,0.0,0.2093,0.0,1.6666666666595442e-05,0.0,0.0
2010-07-06 14:00:00,house_2,3,48.0,28.125,1.35,48.0,2.25,0.108,48.0,-25.875,-1.242,0.74397,48.0,28.125,48.00000111111111,0.0,0.0,1.242,1.242,0.0,1.242,0.0,0.0,0.0,0.0
2010-07-06 14:30:00,house_0,1,48.0,10.945767195767196,0.5253968253968254,48.0,34.875,1.674,48.0,5.883171874999998,0.2823922499999999,0.2,47.56689453769841,35.19254339114564,47.9566900093254,18.21037368577157,-0.8662109246031747,-1.1486031746031746,0.0,1.1486031746031746,0.0,0.2823922499999999,-0.43310546230158736,0.0,0.0
2010-07-06 14:30:00,house_1,2,48.0,16.89814814814815,0.8111111111111111,48.0,2.7083333333333335,0.13,48.0,-14.189583333333333,-0.6811,0.5715573684210526,48.00000555555555,16.898146192344193,47.9566900093254,0.00023148145468884998,1.111111111107288e-05,0.6811111111111111,0.6811111111111111,0.0,0.6811,0.0,5.55555555553644e-06,0.0,0.0
2010-07-06 14:30:00,house_2,3,48.0,9.374999999999998,0.44999999999999996,48.0,4.416666666666667,0.212,48.0,-4.958333333333333,-0.238,0.76658,48.0,9.374999999999998,47.9566900093254,5.782411586589357e-16,-2.7755575615628914e-17,0.23799999999999996,0.23799999999999996,0.0,0.238,0.0,-1.3877787807814457e-17,0.0,0.0
2010-07-06 15:00:00,house_0,1,48.0,11.177248677248679,0.5365079365079366,48.0,46.541666666666664,2.234,48.0,0.0,0.0,0.2,47.15125396825397,47.37943982368124,47.91512669312169,36.00099510895197,-1.6974920634920634,-1.6974920634920634,0.0,1.6974920634920634,0.0,0.0,-0.8487460317460317,0.0,0.0
2010-07-06 15:00:00,house_1,2,48.0,25.540123456790123,1.2259259259259259,48.0,6.666666666666667,0.32,48.0,-18.87291666666667,-0.9059,0.6576178684210526,48.00001296296296,25.540116559382103,47.91512669312169,0.0005401233109200882,2.5925925925762705e-05,0.9059259259259258,0.9059259259259258,0.0,0.9059,0.0,1.2962962962881353e-05,0.0,0.0
2010-07-06 15:00:00,house_2,3,48.0,22.624999999999996,1.0859999999999999,48.0,3.2083333333333335,0.154,48.0,-19.416666666666668,-0.932,0.8551200000000001,48.0,22.625,47.91512669312169,4.625929269271485e-15,-2.220446049250313e-16,0.9319999999999998,0.9319999999999998,0.0,0.932,0.0,-1.1102230246251565e-16,0.0,0.0
2010-07-06 15:30:00,house_0,1,48.0,2.48015873015873,0.11904761904761904,48.0,83.62500000000001,4.014,48.0,0.0,0.0,0.2,46.05252380952381,87.16134682655313,47.814733677248675,84.57630676360222,-3.894952380952381,-3.894952380952381,0.0,3.894952380952381,0.0,0.0,-1.9474761904761906,0.0,0.0
2010-07-06 15:30:00,house_1,2,48.0,19.290123456790123,0.9259259259259258,48.0,3.0416666666666665,0.146,48.0,-16.24791666666667,-0.7799,0.7317083684210526,48.00001296296296,19.290118247267447,47.814733677248675,0.0005401233109200882,2.5925925925762705e-05,0.7799259259259258,0.7799259259259258,0.0,0.7799,0.0,1.2962962962881353e-05,0.0,0.0
2010-07-06 15:30:00,house_2,3,48.0,17.250000000000004,0.8280000000000001,48.0,3.4583333333333335,0.166,48.0,-9.841666666666667,-0.4724,0.8999980000000001,48.0948,17.215998403153773,47.814733677248675,3.9422141270989806,0.18960000000000005,0.662,0.662,0.0,0.4724,0.0,0.09480000000000002,0.0,0.0
2010-07-06 16:00:00,house_0,1,48.0,0.8267195767195769,0.03968253968253969,48.0,79.70833333333333,3.826,48.0,0.0,0.0,0.2,46.10684126984127,82.98117794728668,47.82658653439153,82.12051305267167,-3.7863174603174605,-3.7863174603174605,0.0,3.7863174603174605,0.0,0.0,-1.8931587301587303,0.0,0.0
2010-07-06 16:00:00,house_1,2,48.0,13.503086419753084,0.648148148148148,48.0,7.458333333333333,0.358,48.0,-6.04375,-0.2901,0.7592678684210528,48.00002407407408,13.503079647375174,47.82658653439153,0.0010030859166594755,4.814814814801949e-05,0.29014814814814804,0.29014814814814804,0.0,0.2901,0.0,2.4074074074009744e-05,0.0,0.0
2010-07-06 16:00:00,house_2,3,48.0,8.625000000000002,0.41400000000000003,48.0,2.0,0.096,48.0,0.0,0.0,0.8999980000000001,48.159,8.596524014202954,47.82658653439153,6.603127141344299,0.31800000000000006,0.31800000000000006,0.31800000000000006,0.0,0.0,0.0,0.15900000000000003,0.0,0.0
2010-07-06 16:30:00,house_0,1,48.0,0.42989417989417994,0.020634920634920634,48.0,77.375,3.714,48.0,0.0,0.0,0.2,46.15331746031746,80.47092179653804,47.81533026455026,80.02382672796226,-3.6933650793650794,-3.6933650793650794,0.0,3.6933650793650794,0.0,0.0,-1.8466825396825397,0.0,0.0
2010-07-06 16:30:00,house_1,2,48.0,1.4660493827160492,0.07037037037037036,48.0,10.666666666666666,0.512,48.0,9.2,0.4416,0.7127836578947369,47.99998518518519,10.666669958848752,47.81533026455026,0.000617284141137655,-2.9629629629657206e-05,-0.44162962962962965,0.0,0.44162962962962965,0.0,0.4416,-1.4814814814828603e-05,0.0,0.0
2010-07-06 16:30:00,house_2,3,48.0,1.625,0.078,48.0,23.708333333333332,1.138,48.0,22.083333333333332,1.06,0.7884190526315791,48.0,23.70833333333334,47.81533026455026,4.625929269271485e-15,2.220446049250313e-16,-1.0599999999999998,0.0,1.0599999999999998,0.0,1.06,1.1102230246251565e-16,0.0,0.0
2010-07-06 17:00:00,house_0,1,48.0,0.0,0.0,48.0,51.333333333333336,2.464,48.0,0.0,0.0,0.2,46.768,52.685596989394455,47.8768,52.685596989394455,-2.464,-2.464,0.0,2.464,0.0,0.0,-1.232,0.0,0.0
2010-07-06 17:00:00,house_1,2,48.0,0.0,0.0,48.0,10.291666666666666,0.494,48.0,10.291666666666666,0.494,0.6607836578947369,48.0,10.291666666666666,47.8768,0.0,0.0,-0.494,0.0,0.494,0.0,0.494,0.0,0.0,0.0
2010-07-06 17:00:00,house_2,3,48.0,0.0,0.0,48.0,38.291666666666664,1.838,48.0,38.291666666666664,1.838,0.5949453684210528,48.0,38.291666666666664,47.8768,0.0,0.0,-1.838,0.0,1.838,0.0,1.838,0.0,0.0,0.0
2010-07-06 17:30:00,house_0,1,48.0,0.0,0.0,48.0,79.08333333333333,3.796,48.0,0.0,0.0,0.2,46.102,82.3391609908464,47.7545,82.3391609908464,-3.796,-3.796,0.0,3.796,0.0,0.0,-1.898,0.0,0.0
2010-07-06 17:30:00,house_1,2,48.0,0.0,0.0,48.0,64.875,3.114,48.0,41.666666666666664,2.0,0.45025734210526325,47.443,65.63665872731488,47.7545,23.48080854920641,-1.1139999999999999,-3.114,0.0,3.114,0.0,2.0,-0.5569999999999999,0.0,0.0
2010-07-06 17:30:00,house_2,3,48.0,0.0,0.0,48.0,39.916666666666664,1.916,48.0,39.916666666666664,1.916,0.39326115789473703,48.0,39.916666666666664,47.7545,0.0,0.0,-1.916,0.0,1.916,0.0,1.916,0.0,0.0,0.0
2010-07-06 18:00:00,house_0,1,48.0,0.0,0.0,48.0,79.83333333333333,3.832,48.0,0.0,0.0,0.2,46.084,83.152504122906,47.7393,83.152504122906,-3.832,-3.832,0.0,3.832,0.0,0.0,-1.916,0.0,0.0
2010-07-06 18:00:00,house_1,2,48.0,0.0,0.0,48.0,70.45833333333333,3.382,48.0,41.666666666666664,2.0,0.23973102631578957,47.309,71.48745481832209,47.7393,29.212200638356343,-1.3820000000000001,-3.382,0.0,3.382,0.0,2.0,-0.6910000000000001,0.0,0.0
2010-07-06 18:00:00,house_2,3,48.0,0.0,0.0,48.0,36.416666666666664,1.748,48.0,36.416666666666664,1.748,0.209261157894737,48.0,36.416666666666664,47.7393,0.0,0.0,-1.748,0.0,1.748,0.0,1.748,0.0,0.0,0.0
2010-07-06 18:30:00,house_0,1,48.0,0.0,0.0,48.0,50.458333333333336,2.422,48.0,0.0,0.0,0.2,46.789,51.76430357562675,47.65706905,51.76430357562675,-2.422,-2.422,0.0,2.422,0.0,0.0,-1.211,0.0,0.0
2010-07-06 18:30:00,house_1,2,48.0,0.0,0.0,48.0,64.83333333333333,3.112,48.0,7.862500000000001,0.3774,0.20000471052631588,46.6327,66.73428731340883,47.65706905,58.64125388407705,-2.7346,-3.112,0.0,3.112,0.0,0.3774,-1.3673,0.0,0.0
2010-07-06 18:30:00,house_2,3,48.0,0.0,0.0,48.0,37.291666666666664,1.79,48.0,1.832937500000031,0.08798100000000149,0.2,47.148990500000004,37.9647576971982,47.65706905,36.09873683297628,-1.7020189999999986,-1.79,0.0,1.79,0.0,0.08798100000000149,-0.8510094999999993,0.0,0.0
2010-07-06 19:00:00,house_0,1,48.0,0.0,0.0,48.0,27.458333333333332,1.318,48.0,0.0,0.0,0.2,47.341,27.840561035888552,47.6732,27.840561035888552,-1.318,-1.318,0.0,1.318,0.0,0.0,-0.659,0.0,0.0
2010-07-06 19:00:00,house_1,2,48.0,0.0,0.0,48.0,72.04166666666667,3.458,48.0,0.0,0.0,0.20000471052631588,46.271,74.73363445786778,47.6732,74.73363445786778,-3.458,-3.458,0.0,3.458,0.0,0.0,-1.729,0.0,0.0
2010-07-06 19:00:00,house_2,3,48.0,0.0,0.0,48.0,36.666666666666664,1.76,48.0,0.0,0.0,0.2,47.12,37.35144312393888,47.6732,37.35144312393888,-1.76,-1.76,0.0,1.76,0.0,0.0,-0.88,0.0,0.0
2010-07-06 19:30:00,house_0,1,48.0,0.0,0.0,48.0,18.125,0.87,48.0,0.0,0.0,0.2,47.565,18.290760012614317,47.7059,18.290760012614317,-0.87,-0.87,0.0,0.87,0.0,0.0,-0.435,0.0,0.0
2010-07-06 19:30:00,house_1,2,48.0,0.0,0.0,48.0,67.66666666666667,3.248,48.0,0.0,0.0,0.20000471052631588,46.376,70.0362256339486,47.7059,70.0362256339486,-3.248,-3.248,0.0,3.248,0.0,0.0,-1.624,0.0,0.0
2010-07-06 19:30:00,house_2,3,48.0,0.0,0.0,48.0,36.75,1.764,48.0,0.0,0.0,0.2,47.118,37.43792181331975,47.7059,37.43792181331975,-1.764,-1.764,0.0,1.764,0.0,0.0,-0.882,0.0,0.0
2010-07-06 20:00:00,house_0,1,48.0,0.0,0.0,48.0,16.166666666666668,0.776,48.0,0.0,0.0,0.2,47.612,16.298412165000418,47.7533,16.298412165000418,-0.776,-0.776,0.0,0.776,0.0,0.0,-0.388,0.0,0.0
2010-07-06 20:00:00,house_1,2,48.0,0.0,0.0,48.0,50.708333333333336,2.434,48.0,0.0,0.0,0.20000471052631588,46.783,52.027445867088474,47.7533,52.027445867088474,-2.434,-2.434,0.0,2.434,0.0,0.0,-1.217,0.0,0.0
2010-07-06 20:00:00,house_2,3,48.0,0.0,0.0,48.0,35.916666666666664,1.724,48.0,0.0,0.0,0.2,47.138,36.57346514489372,47.7533,36.57346514489372,-1.724,-1.724,0.0,1.724,0.0,0.0,-0.862,0.0,0.0
2010-07-06 20:30:00,house_0,1,48.0,0.0,0.0,48.0,12.375,0.594,48.0,0.0,0.0,0.2,47.703,12.4520470410666,47.6605,12.4520470410666,-0.594,-0.594,0.0,0.594,0.0,0.0,-0.297,0.0,0.0
2010-07-06 20:30:00,house_1,2,48.0,0.0,0.0,48.0,94.08333333333333,4.516,48.0,0.0,0.0,0.20000471052631588,45.742,98.72764636439159,47.6605,98.72764636439159,-4.516,-4.516,0.0,4.516,0.0,0.0,-2.258,0.0,0.0
2010-07-06 20:30:00,house_2,3,48.0,0.0,0.0,48.0,35.0,1.68,48.0,0.0,0.0,0.2,47.16,35.6234096692112,47.6605,35.6234096692112,-1.68,-1.68,0.0,1.68,0.0,0.0,-0.84,0.0,0.0
2010-07-06 21:00:00,house_0,1,48.0,0.0,0.0,48.0,19.833333333333332,0.952,48.0,0.0,0.0,0.2,47.524,20.03198383974413,47.8535,20.03198383974413,-0.952,-0.952,0.0,0.952,0.0,0.0,-0.476,0.0,0.0
2010-07-06 21:00:00,house_1,2,48.0,0.0,0.0,48.0,4.083333333333333,0.196,48.0,0.0,0.0,0.20000471052631588,47.902,4.091687194689157,47.8535,4.091687194689157,-0.196,-0.196,0.0,0.196,0.0,0.0,-0.098,0.0,0.0
2010-07-06 21:00:00,house_2,3,48.0,0.0,0.0,48.0,37.125,1.782,48.0,0.0,0.0,0.2,47.109,37.82716678341718,47.8535,37.82716678341718,-1.782,-1.782,0.0,1.782,0.0,0.0,-0.891,0.0,0.0
2010-07-06 21:30:00,house_0,1,48.0,0.0,0.0,48.0,15.958333333333334,0.766,48.0,0.0,0.0,0.2,47.617,16.086691727744295,47.8589,16.086691727744295,-0.766,-0.766,0.0,0.766,0.0,0.0,-0.383,0.0,0.0
2010-07-06 21:30:00,house_1,2,48.0,0.0,0.0,48.0,6.458333333333333,0.31,48.0,0.0,0.0,0.20000471052631588,47.845,6.479255930609259,47.8589,6.479255930609259,-0.31,-0.31,0.0,0.31,0.0,0.0,-0.155,0.0,0.0
2010-07-06 21:30:00,house_2,3,48.0,0.0,0.0,48.0,36.375,1.746,48.0,0.0,0.0,0.2,47.127,37.04882551403654,47.8589,37.04882551403654,-1.746,-1.746,0.0,1.746,0.0,0.0,-0.873,0.0,0.0
2010-07-06 22:00:00,house_0,1,48.0,0.0,0.0,48.0,22.875,1.098,48.0,0.0,0.0,0.2,47.451,23.139659859644684,47.8478,23.139659859644684,-1.098,-1.098,0.0,1.098,0.0,0.0,-0.549,0.0,0.0
2010-07-06 22:00:00,house_1,2,48.0,0.0,0.0,48.0,4.458333333333333,0.214,48.0,0.0,0.0,0.20000471052631588,47.893,4.468293905163594,47.8478,4.468293905163594,-0.214,-0.214,0.0,0.214,0.0,0.0,-0.107,0.0,0.0
2010-07-06 22:00:00,house_2,3,48.0,0.0,0.0,48.0,36.083333333333336,1.732,48.0,0.0,0.0,0.2,47.134,36.74629778928162,47.8478,36.74629778928162,-1.732,-1.732,0.0,1.732,0.0,0.0,-0.866,0.0,0.0
2010-07-06 22:30:00,house_0,1,48.0,0.0,0.0,48.0,4.958333333333333,0.238,48.0,0.0,0.0,0.2,47.881,4.970656419038868,47.8856,4.970656419038868,-0.238,-0.238,0.0,0.238,0.0,0.0,-0.119,0.0,0.0
2010-07-06 22:30:00,house_1,2,48.0,0.0,0.0,48.0,6.583333333333333,0.316,48.0,0.0,0.0,0.20000471052631588,47.842,6.605075038668952,47.8856,6.605075038668952,-0.316,-0.316,0.0,0.316,0.0,0.0,-0.158,0.0,0.0
2010-07-06 22:30:00,house_2,3,48.0,0.0,0.0,48.0,36.125,1.734,48.0,0.0,0.0,0.2,47.133,36.78951053402075,47.8856,36.78951053402075,-1.734,-1.734,0.0,1.734,0.0,0.0,-0.867,0.0,0.0
2010-07-06 23:00:00,house_0,1,48.0,0.0,0.0,48.0,7.5,0.36,48.0,0.0,0.0,0.2,47.82,7.52823086574655,47.8781,7.52823086574655,-0.36,-0.36,0.0,0.36,0.0,0.0,-0.18,0.0,0.0
2010-07-06 23:00:00,house_1,2,48.0,0.0,0.0,48.0,7.291666666666667,0.35,48.0,0.0,0.0,0.20000471052631588,47.825,7.318348144276006,47.8781,7.318348144276006,-0.35,-0.35,0.0,0.35,0.0,0.0,-0.175,0.0,0.0
2010-07-06 23:00:00,house_2,3,48.0,0.0,0.0,48.0,36.0,1.728,48.0,0.0,0.0,0.2,47.136,36.65987780040733,47.8781,36.65987780040733,-1.728,-1.728,0.0,1.728,0.0,0.0,-0.864,0.0,0.0
2010-07-06 23:30:00,house_0,1,48.0,0.0,0.0,48.0,16.833333333333332,0.808,48.0,0.0,0.0,0.2,47.596,16.976216488780572,47.8563,16.976216488780572,-0.808,-0.808,0.0,0.808,0.0,0.0,-0.404,0.0,0.0
2010-07-06 23:30:00,house_1,2,48.0,0.0,0.0,48.0,7.291666666666667,0.35,48.0,0.0,0.0,0.20000471052631588,47.825,7.318348144276006,47.8563,7.318348144276006,-0.35,-0.35,0.0,0.35,0.0,0.0,-0.175,0.0,0.0
2010-07-06 23:30:00,house_2,3,48.0,0.0,0.0,48.0,35.75,1.716,48.0,0.0,0.0,0.2,47.142,36.40066183021509,47.8563,36.40066183021509,-1.716,-1.716,0.0,1.716,0.0,0.0,-0.858,0.0,0.0
2010-07-07 00:00:00,house_0,1,48.0,0.0,0.0,48.0,51.333333333333336,2.464,48.0,0.0,0.0,0.2,46.768,52.685596989394455,47.7835,52.685596989394455,-2.464,-2.464,0.0,2.464,0.0,0.0,-1.232,0.0,0.0
2010-07-07 00:00:00,house_1,2,48.0,0.0,0.0,48.0,4.833333333333333,0.232,48.0,0.0,0.0,0.20000471052631588,47.884,4.845042185281096,47.7835,4.845042185281096,-0.232,-0.232,0.0,0.232,0.0,0.0,-0.116,0.0,0.0
2010-07-07 00:00:00,house_2,3,48.0,0.0,0.0,48.0,34.041666666666664,1.634,48.0,0.0,0.0,0.2,47.183,34.631117139647756,47.7835,34.631117139647756,-1.634,-1.634,0.0,1.634,0.0,0.0,-0.817,0.0,0.0
2010-07-07 00:30:00,house_0,1,48.0,0.0,0.0,48.0,56.916666666666664,2.732,48.0,0.0,0.0,0.2,46.634,58.58386584895141,47.632511111111114,58.58386584895141,-2.732,-2.732,0.0,2.732,0.0,0.0,-1.366,0.0,0.0
2010-07-07 00:30:00,house_1,2,48.0,0.46296296296296285,0.02222222222222222,48.0,5.833333333333333,0.28,48.0,0.0,0.0,0.20000471052631588,47.87111111111111,5.849039086435799,47.632511111111114,5.384829635131372,-0.25777777777777783,-0.25777777777777783,0.0,0.25777777777777783,0.0,0.0,-0.12888888888888891,0.0,0.0
2010-07-07 00:30:00,house_2,3,48.0,0.0,0.0,48.0,90.83333333333333,4.36,48.0,0.0,0.0,0.2,45.82,95.15495416848538,47.632511111111114,95.15495416848538,-4.36,-4.36,0.0,4.36,0.0,0.0,-2.18,0.0,0.0
2010-07-07 01:00:00,house_0,1,48.0,0.0,0.0,48.0,55.708333333333336,2.674,48.0,0.0,0.0,0.2,46.663,57.304502496624735,47.8031,57.304502496624735,-2.674,-2.674,0.0,2.674,0.0,0.0,-1.337,0.0,0.0
2010-07-07 01:00:00,house_1,2,48.0,0.0,0.0,48.0,3.875,0.186,48.0,0.0,0.0,0.20000471052631588,47.907,3.882522387125055,47.8031,3.882522387125055,-0.186,-0.186,0.0,0.186,0.0,0.0,-0.093,0.0,0.0
2010-07-07 01:00:00,house_2,3,48.0,0.0,0.0,48.0,22.458333333333332,1.078,48.0,0.0,0.0,0.2,47.461,22.713385727228673,47.8031,22.713385727228673,-1.078,-1.078,0.0,1.078,0.0,0.0,-0.539,0.0,0.0
2010-07-07 01:30:00,house_0,1,48.0,0.0,0.0,48.0,57.041666666666664,2.738,48.0,0.0,0.0,0.2,46.631,58.71630460423324,47.7925,58.71630460423324,-2.738,-2.738,0.0,2.738,0.0,0.0,-1.369,0.0,0.0
2010-07-07 01:30:00,house_1,2,48.0,0.0,0.0,48.0,6.041666666666667,0.29,48.0,0.0,0.0,0.20000471052631588,47.855,6.059972834604535,47.7925,6.059972834604535,-0.29,-0.29,0.0,0.29,0.0,0.0,-0.145,0.0,0.0
2010-07-07 01:30:00,house_2,3,48.0,0.7500000000000001,0.036000000000000004,48.0,24.125,1.158,48.0,0.0,0.0,0.2,47.439,24.41029532662999,47.7925,23.65142604186429,-1.1219999999999999,-1.1219999999999999,0.0,1.1219999999999999,0.0,0.0,-0.5609999999999999,0.0,0.0
2010-07-07 02:00:00,house_0,1,48.0,0.0,0.0,48.0,66.125,3.174,48.0,0.0,0.0,0.2,46.413,68.38601253959021,47.7808,68.38601253959021,-3.174,-3.174,0.0,3.174,0.0,0.0,-1.587,0.0,0.0
2010-07-07 02:00:00,house_1,2,48.0,0.0,0.0,48.0,2.5416666666666665,0.122,48.0,0.0,0.0,0.20000471052631588,47.939,2.5449008114478815,47.7808,2.5449008114478815,-0.122,-0.122,0.0,0.122,0.0,0.0,-0.061,0.0,0.0
2010-07-07 02:00:00,house_2,3,48.0,0.0,0.0,48.0,22.666666666666668,1.088,48.0,0.0,0.0,0.2,47.456,22.926500337154415,47.7808,22.926500337154415,-1.088,-1.088,0.0,1.088,0.0,0.0,-0.544,0.0,0.0
2010-07-07 02:30:00,house_0,1,48.0,0.0,0.0,48.0,56.875,2.73,48.0,0.0,0.0,0.2,46.635,58.53972338372467,47.7968,58.53972338372467,-2.73,-2.73,0.0,2.73,0.0,0.0,-1.365,0.0,0.0
2010-07-07 02:30:00,house_1,2,48.0,0.0,0.0,48.0,5.166666666666667,0.248,48.0,0.0,0.0,0.20000471052631588,47.876,5.180048458517838,47.7968,5.180048458517838,-0.248,-0.248,0.0,0.248,0.0,0.0,-0.124,0.0,0.0
2010-07-07 02:30:00,house_2,3,48.0,0.0,0.0,48.0,22.625,1.086,48.0,0.0,0.0,0.2,47.457,22.88387382261837,47.7968,22.88387382261837,-1.086,-1.086,0.0,1.086,0.0,0.0,-0.543,0.0,0.0
2010-07-07 03:00:00,house_0,1,48.0,0.0,0.0,48.0,40.166666666666664,1.928,48.0,0.0,0.0,0.2,47.036,40.98988009184454,47.8377,40.98988009184454,-1.928,-1.928,0.0,1.928,0.0,0.0,-0.964,0.0,0.0
2010-07-07 03:00:00,house_1,2,48.0,0.0,0.0,48.0,4.333333333333333,0.208,48.0,0.0,0.0,0.20000471052631588,47.896,4.3427426089861365,47.8377,4.3427426089861365,-0.208,-0.208,0.0,0.208,0.0,0.0,-0.104,0.0,0.0
2010-07-07 03:00:00,house_2,3,48.0,0.0,0.0,48.0,23.125,1.11,48.0,0.0,0.0,0.2,47.445,23.395510591210876,47.8377,23.395510591210876,-1.11,-1.11,0.0,1.11,0.0,0.0,-0.555,0.0,0.0
2010-07-07 03:30:00,house_0,1,48.0,0.0,0.0,48.0,3.3333333333333335,0.16,48.0,0.0,0.0,0.2,47.92,3.33889816360601,47.9281,3.33889816360601,-0.16,-0.16,0.0,0.16,0.0,0.0,-0.08,0.0,0.0
2010-07-07 03:30:00,house_1,2,48.0,0.0,0.0,48.0,2.9583333333333335,0.142,48.0,0.0,0.0,0.20000471052631588,47.929,2.9627156836153477,47.9281,2.9627156836153477,-0.142,-0.142,0.0,0.142,0.0,0.0,-0.071,0.0,0.0
2010-07-07 03:30:00,house_2,3,48.0,0.0,0.0,48.0,23.666666666666668,1.136,48.0,0.0,0.0,0.2,47.432,23.950075898127846,47.9281,23.950075898127846,-1.136,-1.136,0.0,1.136,0.0,0.0,-0.568,0.0,0.0
2010-07-07 04:00:00,house_0,1,48.0,0.0,0.0,48.0,51.583333333333336,2.476,48.0,0.0,0.0,0.2,46.762,52.948975664000685,47.8081,52.948975664000685,-2.476,-2.476,0.0,2.476,0.0,0.0,-1.238,0.0,0.0
2010-07-07 04:00:00,house_1,2,48.0,0.0,0.0,48.0,5.166666666666667,0.248,48.0,0.0,0.0,0.20000471052631588,47.876,5.180048458517838,47.8081,5.180048458517838,-0.248,-0.248,0.0,0.248,0.0,0.0,-0.124,0.0,0.0
2010-07-07 04:00:00,house_2,3,48.0,0.0,0.0,48.0,23.208333333333332,1.114,48.0,0.0,0.0,0.2,47.443,23.48080854920642,47.8081,23.48080854920642,-1.114,-1.114,0.0,1.114,0.0,0.0,-0.557,0.0,0.0
2010-07-07 04:30:00,house_0,1,48.0,0.0,0.0,48.0,19.083333333333332,0.9159999999999999,48.0,0.0,0.0,0.2,47.542,19.267174287997978,47.8937,19.267174287997978,-0.9159999999999999,-0.9159999999999999,0.0,0.9159999999999999,0.0,0.0,-0.45799999999999996,0.0,0.0
2010-07-07 04:30:00,house_1,2,48.0,0.0,0.0,48.0,3.8333333333333335,0.184,48.0,0.0,0.0,0.20000471052631588,47.908,3.8406946647741504,47.8937,3.8406946647741504,-0.184,-0.184,0.0,0.184,0.0,0.0,-0.092,0.0,0.0
2010-07-07 04:30:00,house_2,3,48.0,0.0,0.0,48.0,21.375,1.026,48.0,0.0,0.0,0.2,47.487,21.6059131972961,47.8937,21.6059131972961,-1.026,-1.026,0.0,1.026,0.0,0.0,-0.513,0.0,0.0
2010-07-07 05:00:00,house_0,1,48.0,0.0,0.0,48.0,4.041666666666667,0.194,48.0,0.0,0.0,0.2,47.903,4.049850740037159,47.9411,4.049850740037159,-0.194,-0.194,0.0,0.194,0.0,0.0,-0.097,0.0,0.0
2010-07-07 05:00:00,house_1,2,48.0,0.0,0.0,48.0,3.4166666666666665,0.164,48.0,0.0,0.0,0.20000471052631588,47.918,3.4225134604950123,47.9411,3.4225134604950123,-0.164,-0.164,0.0,0.164,0.0,0.0,-0.082,0.0,0.0
2010-07-07 05:00:00,house_2,3,48.0,0.0,0.0,48.0,17.083333333333332,0.82,48.0,0.0,0.0,0.2,47.59,17.230510611472997,47.9411,17.230510611472997,-0.82,-0.82,0.0,0.82,0.0,0.0,-0.41,0.0,0.0
2010-07-07 05:30:00,house_0,1,48.0,0.0,0.0,48.0,0.0,0.0,48.0,0.0,0.0,0.2,48.0,0.0,47.9316,0.0,0.0,0.0,0.0,-0.0,0.0,0.0,0.0,0.0,0.0
2010-07-07 05:30:00,house_1,2,48.0,0.0,0.0,48.0,4.958333333333333,0.238,48.0,0.0,0.0,0.20000471052631588,47.881,4.970656419038868,47.9316,4.970656419038868,-0.238,-0.238,0.0,0.238,0.0,0.0,-0.119,0.0,0.0
2010-07-07 05:30:00,house_2,3,48.0,0.0,0.0,48.0,23.541666666666668,1.13,48.0,0.0,0.0,0.2,47.435,23.822072309476123,47.9316,23.822072309476123,-1.13,-1.13,0.0,1.13,0.0,0.0,-0.565,0.0,0.0
2010-07-07 06:00:00,house_0,1,48.0,0.0,0.0,48.0,0.0,0.0,48.0,0.0,0.0,0.2,48.0,0.0,47.8586,0.0,0.0,0.0,0.0,-0.0,0.0,0.0,0.0,0.0,0.0
2010-07-07 06:00:00,house_1,2,48.0,0.0,0.0,48.0,3.3333333333333335,0.16,48.0,0.0,0.0,0.20000471052631588,47.92,3.33889816360601,47.8586,3.33889816360601,-0.16,-0.16,0.0,0.16,0.0,0.0,-0.08,0.0,0.0
2010-07-07 06:00:00,house_2,3,48.0,0.0,0.0,48.0,55.583333333333336,2.668,48.0,0.0,0.0,0.2,46.666,57.17224531779026,47.8586,57.17224531779026,-2.668,-2.668,0.0,2.668,0.0,0.0,-1.334,0.0,0.0
2010-07-07 06:30:00,house_0,1,48.0,0.0,0.0,48.0,0.0,0.0,48.0,0.0,0.0,0.2,48.0,0.0,47.95,0.0,0.0,0.0,0.0,-0.0,0.0,0.0,0.0,0.0,0.0
2010-07-07 06:30:00,house_1,2,48.0,0.0,0.0,48.0,3.5,0.168,48.0,0.0,0.0,0.20000471052631588,47.916,3.5061357375406965,47.95,3.5061357375406965,-0.168,-0.168,0.0,0.168,0.0,0.0,-0.084,0.0,0.0
2010-07-07 06:30:00,house_2,3,48.0,0.0,0.0,48.0,17.333333333333332,0.832,48.0,0.0,0.0,0.2,47.584,17.484868863483523,47.95,17.484868863483523,-0.832,-0.832,0.0,0.832,0.0,0.0,-0.416,0.0,0.0
2010-07-07 07:00:00,house_0,1,48.0,0.0,0.0,48.0,0.0,0.0,48.0,0.0,0.0,0.2,48.0,0.0,47.9477,0.0,0.0,0.0,0.0,-0.0,0.0,0.0,0.0,0.0,0.0
2010-07-07 07:00:00,house_1,2,48.0,0.0,0.0,48.0,4.875,0.234,48.0,0.0,0.0,0.20000471052631588,47.883,4.886911847628594,47.9477,4.886911847628594,-0.234,-0.234,0.0,0.234,0.0,0.0,-0.117,0.0,0.0
2010-07-07 07:00:00,house_2,3,48.0,0.0,0.0,48.0,16.916666666666668,0.812,48.0,0.0,0.0,0.2,47.594,17.06097407236206,47.9477,17.06097407236206,-0.812,-0.812,0.0,0.812,0.0,0.0,-0.406,0.0,0.0
2010-07-07 07:30:00,house_0,1,48.0,0.0,0.0,48.0,0.0,0.0,48.0,0.0,0.0,0.2,48.0,0.0,47.9506,0.0,0.0,0.0,0.0,-0.0,0.0,0.0,0.0,0.0,0.0
2010-07-07 07:30:00,house_1,2,48.0,0.0,0.0,48.0,3.1666666666666665,0.152,48.0,0.0,0.0,0.20000471052631588,47.924,3.1716885068024374,47.9506,3.1716885068024374,-0.152,-0.152,0.0,0.152,0.0,0.0,-0.076,0.0,0.0
2010-07-07 07:30:00,house_2,3,48.0,0.0,0.0,48.0,17.416666666666668,0.836,48.0,0.0,0.0,0.2,47.582,17.569669202639652,47.9506,17.569669202639652,-0.836,-0.836,0.0,0.836,0.0,0.0,-0.418,0.0,0.0
2010-07-07 08:00:00,house_0,1,48.0,0.0,0.0,48.0,0.0,0.0,48.0,0.0,0.0,0.2,48.0,0.0,47.83492962962963,0.0,0.0,0.0,0.0,-0.0,0.0,0.0,0.0,0.0,0.0
2010-07-07 08:00:00,house_1,2,48.0,1.929012345679012,0.09259259259259259,48.0,54.083333333333336,2.596,48.0,0.0,0.0,0.20000471052631588,46.748296296296296,55.53143548903347,47.83492962962963,53.550773092146756,-2.5034074074074075,-2.5034074074074075,0.0,2.5034074074074075,0.0,0.0,-1.2517037037037038,0.0,0.0
2010-07-07 08:00:00,house_2,3,48.0,0.7500000000000001,0.036000000000000004,48.0,17.375,0.834,48.0,0.0,0.0,0.2,47.601,17.520640322682297,47.83492962962963,16.764353690048527,-0.7979999999999999,-0.7979999999999999,0.0,0.7979999999999999,0.0,0.0,-0.39899999999999997,0.0,0.0
2010-07-07 08:30:00,house_0,1,48.0,0.0,0.0,48.0,0.0,0.0,48.0,0.0,0.0,0.2,48.0,0.0,47.7134,0.0,0.0,0.0,0.0,-0.0,0.0,0.0,0.0,0.0,0.0
2010-07-07 08:30:00,house_1,2,48.0,1.4660493827160492,0.07037037037037036,48.0,131.70833333333334,6.322,48.0,0.0,0.0,0.20000471052631588,45.5,111.43671143671143,47.7134,109.89010989010988,-5.0,-6.25162962962963,0.0,6.25162962962963,0.0,0.0,-2.5,0.0,1.2516296296296296
2010-07-07 08:30:00,house_2,3,48.0,2.3749999999999996,0.11399999999999999,48.0,17.625,0.846,48.0,0.0,0.0,0.2,47.634,17.76042322710669,47.7134,15.367174707141958,-0.732,-0.732,0.0,0.732,0.0,0.0,-0.366,0.0,0.0
2010-07-07 09:00:00,house_0,1,48.0,0.0,0.0,48.0,0.0,0.0,48.0,0.0,0.0,0.2,48.0,0.0,47.83714074074074,0.0,0.0,0.0,0.0,-0.0,0.0,0.0,0.0,0.0,0.0
2010-07-07 09:00:00,house_1,2,48.0,2.391975308641975,0.1148148148148148,48.0,60.875,2.922,48.0,0.0,0.0,0.20000471052631588,46.596407407407405,62.708697141648976,47.83714074074074,60.24466995150637,-2.8071851851851854,-2.8071851851851854,0.0,2.8071851851851854,0.0,0.0,-1.4035925925925927,0.0,0.0
2010-07-07 09:00:00,house_2,3,48.0,7.875,0.378,48.0,17.25,0.828,48.0,0.0,0.0,0.2,47.775,17.331240188383045,47.83714074074074,9.419152276295133,-0.44999999999999996,-0.44999999999999996,0.0,0.44999999999999996,0.0,0.0,-0.22499999999999998,0.0,0.0
2010-07-07 09:30:00,house_0,1,48.0,5.985449735449735,0.2873015873015873,48.0,31.5,1.512,48.0,0.0,0.0,0.2,47.38765079365079,31.907046976943295,47.77051322751323,25.844252504336072,-1.2246984126984128,-1.2246984126984128,0.0,1.2246984126984128,0.0,0.0,-0.6123492063492064,0.0,0.0
2010-07-07 09:30:00,house_1,2,48.0,3.3950617283950617,0.16296296296296295,48.0,65.25,3.132,48.0,0.0,0.0,0.20000471052631588,46.51548148148148,67.33242138419865,47.77051322751323,63.829007944786206,-2.969037037037037,-2.969037037037037,0.0,2.969037037037037,0.0,0.0,-1.4845185185185186,0.0,0.0
2010-07-07 09:30:00,house_2,3,48.0,9.374999999999998,0.44999999999999996,48.0,17.625,0.846,48.0,0.0,0.0,0.2,47.802,17.698004267603867,47.77051322751323,8.284172210367768,-0.396,-0.396,0.0,0.396,0.0,0.0,-0.198,0.0,0.0
2010-07-07 10:00:00,house_0,1,48.0,15.310846560846562,0.734920634920635,48.0,4.0,0.192,48.0,-11.310416666666669,-0.5429,0.2515755,48.000010317460315,15.310843269825357,47.856878809523806,0.000429894087490861,2.0634920634976517e-05,0.542920634920635,0.542920634920635,0.0,0.5429,0.0,1.0317460317488258e-05,0.0,0.0
2010-07-07 10:00:00,house_1,2,48.0,11.574074074074074,0.5555555555555556,48.0,62.833333333333336,3.016,48.0,0.0,0.0,0.20000471052631588,46.769777777777776,64.48608788201308,47.856878809523806,52.60757184126503,-2.4604444444444447,-2.4604444444444447,0.0,2.4604444444444447,0.0,0.0,-1.2302222222222223,0.0,0.0
2010-07-07 10:00:00,house_2,3,48.0,9.374999999999998,0.44999999999999996,48.0,17.75,0.852,48.0,0.0,0.0,0.2,47.799,17.824640682859474,47.856878809523806,8.410217786982992,-0.402,-0.402,0.0,0.402,0.0,0.0,-0.201,0.0,0.0
2010-07-07 10:30:00,house_0,1,48.0,9.523809523809522,0.4571428571428571,48.0,5.458333333333333,0.262,48.0,-4.064583333333333,-0.1951,0.27011,48.00002142857143,9.52380527211074,47.94496880952381,0.0008928567442587968,4.2857142857066766e-05,0.19514285714285706,0.19514285714285706,0.0,0.1951,0.0,2.1428571428533383e-05,0.0,0.0
2010-07-07 10:30:00,house_1,2,48.0,11.111111111111109,0.5333333333333332,48.0,33.833333333333336,1.624,48.0,0.0,0.0,0.20000471052631588,47.45466666666667,34.22213480936192,47.94496880952381,22.98333848444832,-1.090666666666667,-1.090666666666667,0.0,1.090666666666667,0.0,0.0,-0.5453333333333334,0.0,0.0
2010-07-07 10:30:00,house_2,3,48.0,17.250000000000004,0.8280000000000001,48.0,17.458333333333332,0.838,48.0,0.0,0.0,0.2,47.995,17.460152099176998,47.94496880952381,0.20835503698301694,-0.009999999999999898,-0.009999999999999898,0.0,0.009999999999999898,0.0,0.0,-0.004999999999999949,0.0,0.0
2010-07-07 11:00:00,house_0,1,48.0,13.855820105820106,0.665079365079365,48.0,3.4583333333333335,0.166,48.0,-10.397916666666665,-0.4991,0.3175245,47.999989682539685,13.856252978361255,47.99659748677249,0.0004298942722998669,-2.0634920634976517e-05,0.499079365079365,0.499079365079365,0.0,0.4991,0.0,-1.0317460317488258e-05,0.0,0.0
2010-07-07 11:00:00,house_1,2,48.0,13.966049382716049,0.6703703703703703,48.0,10.125,0.486,48.0,-3.841666666666667,-0.1844,0.2175227105263159,47.99998518518519,13.966670977367585,47.99659748677249,0.0006172841411388115,-2.9629629629712717e-05,0.1843703703703703,0.1843703703703703,0.0,0.1844,0.0,-1.4814814814856359e-05,0.0,0.0
2010-07-07 11:00:00,house_2,3,48.0,17.999999999999996,0.8639999999999999,48.0,19.416666666666668,0.932,48.0,0.0,0.0,0.2,47.966,19.430429887837217,47.99659748677249,1.4176708501855517,-0.06800000000000017,-0.06800000000000017,0.0,0.06800000000000017,0.0,0.0,-0.034000000000000086,0.0,0.0
2010-07-07 11:30:00,house_0,1,48.0,8.465608465608465,0.40634920634920635,48.0,14.75,0.708,48.0,6.285416666666667,0.3017,0.2857666052631579,48.0000246031746,14.75101757140303,47.98790116402117,0.0010251317496857177,4.920634920640987e-05,-0.3016507936507936,0.0,0.3016507936507936,0.0,0.3017,2.4603174603204936e-05,0.0,0.0
2010-07-07 11:30:00,house_1,2,48.0,20.293209876543212,0.9740740740740741,48.0,13.291666666666666,0.638,48.0,-7.002083333333334,-0.3361,0.2494522105263159,47.99998703703704,20.293755480566677,47.98790116402117,0.0005401236026569061,-2.592592592592924e-05,0.3360740740740741,0.3360740740740741,0.0,0.3361,0.0,-1.296296296296462e-05,0.0,0.0
2010-07-07 11:30:00,house_2,3,48.0,13.25,0.636,48.0,18.291666666666668,0.878,48.0,0.0,0.0,0.2,47.879,18.33789343971261,47.98790116402117,5.054407986800059,-0.242,-0.242,0.0,0.242,0.0,0.0,-0.121,0.0,0.0
2010-07-07 12:00:00,house_0,1,48.0,3.935185185185185,0.18888888888888888,48.0,10.291666666666666,0.494,48.0,6.356249999999999,0.3051,0.2536508157894737,47.99999444444445,10.291667857831927,48.00000111111111,0.0002314815082736827,-1.1111111111128391e-05,-0.3051111111111111,0.0,0.3051111111111111,0.0,0.3051,-5.5555555555641956e-06,0.0,0.0
2010-07-07 12:00:00,house_1,2,48.0,17.36111111111111,0.8333333333333334,48.0,13.25,0.636,48.0,-4.110416666666667,-0.1973,0.26819571052631586,48.00001666666667,17.361105082949624,48.00000111111111,0.0006944442033184867,3.333333333335742e-05,0.19733333333333336,0.19733333333333336,0.0,0.1973,0.0,1.666666666667871e-05,0.0,0.0
2010-07-07 12:00:00,house_2,3,48.0,32.0,1.536,48.0,17.125,0.822,48.0,-14.875,-0.714,0.26783,48.0,32.0,48.00000111111111,2.3129646346357427e-15,1.1102230246251565e-16,0.7140000000000001,0.7140000000000001,0.0,0.714,0.0,5.551115123125783e-17,0.0,0.0
2010-07-07 12:30:00,house_0,1,48.0,6.8121693121693125,0.326984126984127,48.0,16.75,0.804,48.0,9.9375,0.477,0.2034402894736842,47.999992063492066,16.75000276951104,48.000001243386244,0.0003306878853664007,-1.587301587308021e-05,-0.47701587301587306,0.0,0.47701587301587306,0.0,0.477,-7.936507936540105e-06,0.0,0.0
2010-07-07 12:30:00,house_1,2,48.0,15.432098765432096,0.7407407407407407,48.0,6.833333333333333,0.328,48.0,-8.597916666666666,-0.4127,0.3074022105263159,48.00002037037037,15.432092216318887,48.000001243386244,0.0008487650718961605,4.0740740740674575e-05,0.4127407407407407,0.4127407407407407,0.0,0.4127,0.0,2.0370370370337287e-05,0.0,0.0
2010-07-07 12:30:00,house_2,3,48.0,25.000000000000004,1.2000000000000002,48.0,16.583333333333332,0.796,48.0,-8.416666666666666,-0.404,0.30621,48.0,25.000000000000004,48.000001243386244,2.3129646346357427e-15,1.1102230246251565e-16,0.40400000000000014,0.40400000000000014,0.0,0.404,0.0,5.551115123125783e-17,0.0,0.0
2010-07-07 13:00:00,house_0,1,48.0,7.440476190476191,0.35714285714285715,48.0,38.0,1.824,48.0,0.6808906249999955,0.03268274999999979,0.2,47.28291280357143,38.57630361262827,47.92829016924603,30.331769085698447,-1.434174392857143,-1.4668571428571429,0.0,1.4668571428571429,0.0,0.03268274999999979,-0.7170871964285715,0.0,0.0
2010-07-07 13:00:00,house_1,2,48.0,12.037037037037036,0.5777777777777777,48.0,24.625,1.182,48.0,12.587499999999999,0.6042,0.2438022105263159,47.999988888888886,24.6250057002328,47.92829016924603,0.00046296307013106035,-2.2222222222256782e-05,-0.6042222222222222,0.0,0.6042222222222222,0.0,0.6042,-1.1111111111128391e-05,0.0,0.0
2010-07-07 13:00:00,house_2,3,48.0,9.374999999999998,0.44999999999999996,48.0,16.708333333333332,0.802,48.0,7.333333333333333,0.352,0.2691573684210526,48.0,16.708333333333332,47.92829016924603,2.3129646346357427e-15,-1.1102230246251565e-16,-0.3520000000000001,0.0,0.3520000000000001,0.0,0.352,-5.551115123125783e-17,0.0,0.0
2010-07-07 13:30:00,house_0,1,48.0,9.292328042328043,0.44603174603174606,48.0,78.875,3.786,48.0,0.0,0.0,0.2,46.330015873015874,81.71808121924454,47.7178214021164,72.09080746103437,-3.339968253968254,-3.339968253968254,0.0,3.339968253968254,0.0,0.0,-1.669984126984127,0.0,0.0
2010-07-07 13:30:00,house_1,2,48.0,14.506172839506172,0.6962962962962963,48.0,71.16666666666667,3.416,48.0,8.668750000000001,0.4161,0.2000022105263159,46.84819814814815,72.91635825987537,47.7178214021164,49.171660699073485,-2.3036037037037036,-2.7197037037037037,0.0,2.7197037037037037,0.0,0.4161,-1.1518018518518518,0.0,0.0
2010-07-07 13:30:00,house_2,3,48.0,12.500000000000002,0.6000000000000001,48.0,22.166666666666668,1.064,48.0,9.666666666666666,0.464,0.22031526315789468,48.0,22.166666666666668,47.7178214021164,1.1564823173178713e-15,5.551115123125783e-17,-0.46399999999999997,0.0,0.46399999999999997,0.0,0.464,2.7755575615628914e-17,0.0,0.0
2010-07-07 14:00:00,house_0,1,48.0,2.6785714285714284,0.12857142857142856,48.0,85.5,4.104,48.0,0.0,0.0,0.2,46.01228571428572,89.19356941934763,47.75231535846561,86.39928466310239,-3.9754285714285715,-3.9754285714285715,0.0,3.9754285714285715,0.0,0.0,-1.9877142857142858,0.0,0.0
2010-07-07 14:00:00,house_1,2,48.0,2.9320987654320985,0.14074074074074072,48.0,9.583333333333334,0.46,48.0,0.0,0.0,0.2000022105263159,47.84037037037037,9.615310175042,47.75231535846561,6.673427834852016,-0.3192592592592593,-0.3192592592592593,0.0,0.3192592592592593,0.0,0.0,-0.15962962962962965,0.0,0.0
2010-07-07 14:00:00,house_2,3,48.0,6.250000000000001,0.30000000000000004,48.0,24.0,1.152,48.0,4.020729166666653,0.19299499999999936,0.2,47.670497499999996,24.165890024537717,47.75231535846561,13.824168711476121,-0.6590050000000005,-0.8519999999999999,0.0,0.8519999999999999,0.0,0.19299499999999936,-0.32950250000000025,0.0,0.0
2010-07-07 14:30:00,house_0,1,48.0,9.92063492063492,0.47619047619047616,48.0,85.625,4.11,48.0,0.0,0.0,0.2,46.18309523809524,88.99360207043392,47.79964656084656,78.68267609772695,-3.633809523809524,-3.633809523809524,0.0,3.633809523809524,0.0,0.0,-1.816904761904762,0.0,0.0
2010-07-07 14:30:00,house_1,2,48.0,9.182098765432096,0.44074074074074066,48.0,14.708333333333334,0.706,48.0,0.0,0.0,0.2000022105263159,47.867370370370374,14.749086789965173,47.79964656084656,5.541546510845167,-0.2652592592592593,-0.2652592592592593,0.0,0.2652592592592593,0.0,0.0,-0.13262962962962965,0.0,0.0
2010-07-07 14:30:00,house_2,3,48.0,17.250000000000004,0.8280000000000001,48.0,19.5,0.936,48.0,0.0,0.0,0.2,47.946,19.52196220748342,47.79964656084656,2.252534100863471,-0.10799999999999998,-0.10799999999999998,0.0,0.10799999999999998,0.0,0.0,-0.05399999999999999,0.0,0.0
2010-07-07 15:00:00,house_0,1,48.0,10.11904761904762,0.48571428571428577,48.0,64.91666666666667,3.116,48.0,0.0,0.0,0.2,46.68485714285714,66.74541148246296,47.80498201058201,56.34130369590629,-2.6302857142857143,-2.6302857142857143,0.0,2.6302857142857143,0.0,0.0,-1.3151428571428572,0.0,0.0
2010-07-07 15:00:00,house_1,2,48.0,6.790123456790123,0.3259259259259259,48.0,18.291666666666668,0.878,48.0,0.0,0.0,0.2000022105263159,47.723962962962965,18.397466293429733,47.80498201058201,11.568068529902286,-0.5520740740740742,-0.5520740740740742,0.0,0.5520740740740742,0.0,0.0,-0.2760370370370371,0.0,0.0
2010-07-07 15:00:00,house_2,3,48.0,4.749999999999999,0.22799999999999998,48.0,19.708333333333332,0.946,48.0,0.0,0.0,0.2,47.641,19.856845993996767,47.80498201058201,15.071052244915094,-0.718,-0.718,0.0,0.718,0.0,0.0,-0.359,0.0,0.0
2010-07-07 15:30:00,house_0,1,48.0,4.133597883597884,0.19841269841269843,48.0,32.791666666666664,1.574,48.0,0.0,0.0,0.2,47.31220634920635,33.26837028868351,47.862268783068785,29.07468088539855,-1.3755873015873017,-1.3755873015873017,0.0,1.3755873015873017,0.0,0.0,-0.6877936507936508,0.0,0.0
2010-07-07 15:30:00,house_1,2,48.0,3.3950617283950617,0.16296296296296295,48.0,12.416666666666666,0.596,48.0,0.0,0.0,0.2000022105263159,47.78348148148148,12.472929588250706,47.862268783068785,9.062484013536368,-0.433037037037037,-0.433037037037037,0.0,0.433037037037037,0.0,0.0,-0.2165185185185185,0.0,0.0
2010-07-07 15:30:00,house_2,3,48.0,2.3749999999999996,0.11399999999999999,48.0,22.083333333333332,1.06,48.0,0.0,0.0,0.2,47.527,22.303111915332337,47.862268783068785,19.9044753508532,-0.9460000000000001,-0.9460000000000001,0.0,0.9460000000000001,0.0,0.0,-0.47300000000000003,0.0,0.0
2010-07-07 16:00:00,house_0,1,48.0,3.505291005291005,0.16825396825396827,48.0,28.541666666666668,1.37,48.0,0.0,0.0,0.2,47.39912698412699,28.90348593253174,47.87543121693122,25.353758775946915,-1.2017460317460318,-1.2017460317460318,0.0,1.2017460317460318,0.0,0.0,-0.6008730158730159,0.0,0.0
2010-07-07 16:00:00,house_1,2,48.0,1.4660493827160492,0.07037037037037036,48.0,10.541666666666666,0.506,48.0,0.0,0.0,0.2000022105263159,47.782185185185185,10.589720793198147,47.87543121693122,9.116988432849993,-0.43562962962962964,-0.43562962962962964,0.0,0.43562962962962964,0.0,0.0,-0.21781481481481482,0.0,0.0
2010-07-07 16:00:00,house_2,3,48.0,1.625,0.078,48.0,19.416666666666668,0.932,48.0,0.0,0.0,0.2,47.573,19.590944443276648,47.87543121693122,17.951358964118306,-0.8540000000000001,-0.8540000000000001,0.0,0.8540000000000001,0.0,0.0,-0.42700000000000005,0.0,0.0
2010-07-07 16:30:00,house_0,1,48.0,2.6785714285714284,0.12857142857142856,48.0,25.791666666666668,1.238,48.0,0.0,0.0,0.2,47.44528571428572,26.093214138390987,47.86163597883598,23.38332575568248,-1.1094285714285714,-1.1094285714285714,0.0,1.1094285714285714,0.0,0.0,-0.5547142857142857,0.0,0.0
2010-07-07 16:30:00,house_1,2,48.0,1.0030864197530862,0.04814814814814814,48.0,15.0,0.72,48.0,0.0,0.0,0.2000022105263159,47.66407407407407,15.105716705648327,47.86163597883598,14.095560753110115,-0.6718518518518518,-0.6718518518518518,0.0,0.6718518518518518,0.0,0.0,-0.3359259259259259,0.0,0.0
2010-07-07 16:30:00,house_2,3,48.0,0.0,0.0,48.0,20.541666666666668,0.986,48.0,0.0,0.0,0.2,47.507,20.75483612941251,47.86163597883598,20.75483612941251,-0.986,-0.986,0.0,0.986,0.0,0.0,-0.493,0.0,0.0
2010-07-07 17:00:00,house_0,1,48.0,0.19841269841269846,0.009523809523809525,48.0,16.041666666666668,0.77,48.0,0.0,0.0,0.2,47.6197619047619,16.169757453638198,47.87537619047619,15.969760453593198,-0.7604761904761905,-0.7604761904761905,0.0,0.7604761904761905,0.0,0.0,-0.38023809523809526,0.0,0.0
2010-07-07 17:00:00,house_1,2,48.0,0.0,0.0,48.0,11.958333333333334,0.574,48.0,0.0,0.0,0.2000022105263159,47.713,12.030264288558673,47.87537619047619,12.030264288558673,-0.574,-0.574,0.0,0.574,0.0,0.0,-0.287,0.0,0.0
2010-07-07 17:00:00,house_2,3,48.0,0.0,0.0,48.0,24.125,1.158,48.0,0.0,0.0,0.2,47.421,24.419560954007718,47.87537619047619,24.419560954007718,-1.158,-1.158,0.0,1.158,0.0,0.0,-0.579,0.0,0.0
2010-07-07 17:30:00,house_0,1,48.0,0.0,0.0,48.0,35.0,1.68,48.0,0.0,0.0,0.2,47.16,35.6234096692112,47.8116,35.6234096692112,-1.68,-1.68,0.0,1.68,0.0,0.0,-0.84,0.0,0.0
2010-07-07 17:30:00,house_1,2,48.0,0.0,0.0,48.0,20.291666666666668,0.974,48.0,0.0,0.0,0.2000022105263159,47.513,20.499652726622188,47.8116,20.499652726622188,-0.974,-0.974,0.0,0.974,0.0,0.0,-0.487,0.0,0.0
2010-07-07 17:30:00,house_2,3,48.0,0.0,0.0,48.0,23.208333333333332,1.114,48.0,0.0,0.0,0.2,47.443,23.48080854920642,47.8116,23.48080854920642,-1.114,-1.114,0.0,1.114,0.0,0.0,-0.557,0.0,0.0
2010-07-07 18:00:00,house_0,1,48.0,0.0,0.0,48.0,37.625,1.806,48.0,0.0,0.0,0.2,47.097,38.346391489903816,47.8229,38.346391489903816,-1.806,-1.806,0.0,1.806,0.0,0.0,-0.903,0.0,0.0
2010-07-07 18:00:00,house_1,2,48.0,0.0,0.0,48.0,16.958333333333332,0.814,48.0,0.0,0.0,0.2000022105263159,47.593,17.103355535477906,47.8229,17.103355535477906,-0.814,-0.814,0.0,0.814,0.0,0.0,-0.407,0.0,0.0
2010-07-07 18:00:00,house_2,3,48.0,0.7500000000000001,0.036000000000000004,48.0,19.958333333333332,0.958,48.0,0.0,0.0,0.2,47.539,20.151875302383306,47.8229,19.39460232651086,-0.9219999999999999,-0.9219999999999999,0.0,0.9219999999999999,0.0,0.0,-0.46099999999999997,0.0,0.0
2010-07-07 18:30:00,house_0,1,48.0,0.0,0.0,48.0,9.041666666666666,0.434,48.0,0.0,0.0,0.2,47.783,9.08272816692129,47.8681,9.08272816692129,-0.434,-0.434,0.0,0.434,0.0,0.0,-0.217,0.0,0.0
2010-07-07 18:30:00,house_1,2,48.0,0.0,0.0,48.0,20.0,0.96,48.0,0.0,0.0,0.2000022105263159,47.52,20.2020202020202,47.8681,20.2020202020202,-0.96,-0.96,0.0,0.96,0.0,0.0,-0.48,0.0,0.0
2010-07-07 18:30:00,house_2,3,48.0,0.0,0.0,48.0,25.916666666666668,1.244,48.0,0.0,0.0,0.2,47.378,26.256912491029592,47.8681,26.256912491029592,-1.244,-1.244,0.0,1.244,0.0,0.0,-0.622,0.0,0.0
2010-07-07 19:00:00,house_0,1,48.0,0.0,0.0,48.0,23.125,1.11,48.0,0.0,0.0,0.2,47.445,23.395510591210876,47.8616,23.395510591210876,-1.11,-1.11,0.0,1.11,0.0,0.0,-0.555,0.0,0.0
2010-07-07 19:00:00,house_1,2,48.0,0.0,0.0,48.0,15.166666666666666,0.728,48.0,0.0,0.0,0.2000022105263159,47.636,15.282559408850448,47.8616,15.282559408850448,-0.728,-0.728,0.0,0.728,0.0,0.0,-0.364,0.0,0.0
2010-07-07 19:00:00,house_2,3,48.0,0.0,0.0,48.0,19.375,0.93,48.0,0.0,0.0,0.2,47.535,19.564531397917325,47.8616,19.564531397917325,-0.93,-0.93,0.0,0.93,0.0,0.0,-0.465,0.0,0.0
2010-07-07 19:30:00,house_0,1,48.0,0.0,0.0,48.0,49.166666666666664,2.36,48.0,0.0,0.0,0.2,46.82,50.405809483126866,47.8011,50.405809483126866,-2.36,-2.36,0.0,2.36,0.0,0.0,-1.18,0.0,0.0
2010-07-07 19:30:00,house_1,2,48.0,0.0,0.0,48.0,13.375,0.642,48.0,0.0,0.0,0.2000022105263159,47.679,13.465047505190965,47.8011,13.465047505190965,-0.642,-0.642,0.0,0.642,0.0,0.0,-0.321,0.0,0.0
2010-07-07 19:30:00,house_2,3,48.0,0.0,0.0,48.0,20.333333333333332,0.976,48.0,0.0,0.0,0.2,47.512,20.542178817982826,47.8011,20.542178817982826,-0.976,-0.976,0.0,0.976,0.0,0.0,-0.488,0.0,0.0
2010-07-07 20:00:00,house_0,1,48.0,0.0,0.0,48.0,25.208333333333332,1.21,48.0,0.0,0.0,0.2,47.395,25.53011921088722,47.8577,25.53011921088722,-1.21,-1.21,0.0,1.21,0.0,0.0,-0.605,0.0,0.0
2010-07-07 20:00:00,house_1,2,48.0,0.0,0.0,48.0,15.291666666666666,0.734,48.0,0.0,0.0,0.2000022105263159,47.633,15.409485020888878,47.8577,15.409485020888878,-0.734,-0.734,0.0,0.734,0.0,0.0,-0.367,0.0,0.0
2010-07-07 20:00:00,house_2,3,48.0,0.0,0.0,48.0,18.791666666666668,0.902,48.0,0.0,0.0,0.2,47.549,18.96990472985762,47.8577,18.96990472985762,-0.902,-0.902,0.0,0.902,0.0,0.0,-0.451,0.0,0.0
2010-07-07 20:30:00,house_0,1,48.0,0.0,0.0,48.0,35.375,1.698,48.0,0.0,0.0,0.2,47.151,36.011961570274224,47.8217,36.011961570274224,-1.698,-1.698,0.0,1.698,0.0,0.0,-0.849,0.0,0.0
2010-07-07 20:30:00,house_1,2,48.0,0.0,0.0,48.0,18.791666666666664,0.9019999999999999,48.0,0.0,0.0,0.2000022105263159,47.549,18.969904729857618,47.8217,18.969904729857618,-0.9019999999999999,-0.9019999999999999,0.0,0.9019999999999999,0.0,0.0,-0.45099999999999996,0.0,0.0
2010-07-07 20:30:00,house_2,3,48.0,0.0,0.0,48.0,20.125,0.966,48.0,0.0,0.0,0.2,47.517,20.329566260496243,47.8217,20.329566260496243,-0.966,-0.966,0.0,0.966,0.0,0.0,-0.483,0.0,0.0
2010-07-07 21:00:00,house_0,1,48.0,0.0,0.0,48.0,26.375,1.266,48.0,0.0,0.0,0.2,47.367,26.72746849072139,47.7243,26.72746849072139,-1.266,-1.266,0.0,1.266,0.0,0.0,-0.633,0.0,0.0
2010-07-07 21:00:00,house_1,2,48.0,0.0,0.0,48.0,68.29166666666667,3.278,48.0,0.0,0.0,0.2000022105263159,46.361,70.70598132050647,47.7243,70.70598132050647,-3.278,-3.278,0.0,3.278,0.0,0.0,-1.639,0.0,0.0
2010-07-07 21:00:00,house_2,3,48.0,0.0,0.0,48.0,20.208333333333332,0.97,48.0,0.0,0.0,0.2,47.515,20.414605913921918,47.7243,20.414605913921918,-0.97,-0.97,0.0,0.97,0.0,0.0,-0.485,0.0,0.0
2010-07-07 21:30:00,house_0,1,48.0,0.0,0.0,48.0,8.375,0.402,48.0,0.0,0.0,0.2,47.799,8.410217786982992,47.8989,8.410217786982992,-0.402,-0.402,0.0,0.402,0.0,0.0,-0.201,0.0,0.0
2010-07-07 21:30:00,house_1,2,48.0,0.0,0.0,48.0,12.583333333333334,0.604,48.0,0.0,0.0,0.2000022105263159,47.698,12.663004738144156,47.8989,12.663004738144156,-0.604,-0.604,0.0,0.604,0.0,0.0,-0.302,0.0,0.0
2010-07-07 21:30:00,house_2,3,48.0,0.0,0.0,48.0,21.166666666666668,1.016,48.0,0.0,0.0,0.2,47.492,21.393076728712206,47.8989,21.393076728712206,-1.016,-1.016,0.0,1.016,0.0,0.0,-0.508,0.0,0.0
2010-07-07 22:00:00,house_0,1,48.0,0.0,0.0,48.0,14.791666666666666,0.71,48.0,0.0,0.0,0.2,47.645,14.901878476230454,47.8888,14.901878476230454,-0.71,-0.71,0.0,0.71,0.0,0.0,-0.355,0.0,0.0
2010-07-07 22:00:00,house_1,2,48.0,0.0,0.0,48.0,11.083333333333334,0.532,48.0,0.0,0.0,0.2000022105263159,47.734,11.145095738886328,47.8888,11.145095738886328,-0.532,-0.532,0.0,0.532,0.0,0.0,-0.266,0.0,0.0
2010-07-07 22:00:00,house_2,3,48.0,0.0,0.0,48.0,20.458333333333332,0.982,48.0,0.0,0.0,0.2,47.509,20.669767833463133,47.8888,20.669767833463133,-0.982,-0.982,0.0,0.982,0.0,0.0,-0.491,0.0,0.0
2010-07-07 22:30:00,house_0,1,48.0,0.0,0.0,48.0,6.0,0.288,48.0,0.0,0.0,0.2,47.856,6.018054162487462,47.89521111111111,6.018054162487462,-0.288,-0.288,0.0,0.288,0.0,0.0,-0.144,0.0,0.0
2010-07-07 22:30:00,house_1,2,48.0,0.46296296296296285,0.02222222222222222,48.0,18.416666666666668,0.884,48.0,0.0,0.0,0.2000022105263159,47.56911111111111,18.583487884294662,47.89521111111111,18.11633132611732,-0.8617777777777778,-0.8617777777777778,0.0,0.8617777777777778,0.0,0.0,-0.4308888888888889,0.0,0.0
2010-07-07 22:30:00,house_2,3,48.0,0.0,0.0,48.0,19.708333333333332,0.946,48.0,0.0,0.0,0.2,47.527,19.9044753508532,47.89521111111111,19.9044753508532,-0.946,-0.946,0.0,0.946,0.0,0.0,-0.473,0.0,0.0
2010-07-07 23:00:00,house_0,1,48.0,0.0,0.0,48.0,3.4583333333333335,0.166,48.0,0.0,0.0,0.2,47.917,3.464323726443642,47.9171,3.464323726443642,-0.166,-0.166,0.0,0.166,0.0,0.0,-0.083,0.0,0.0
2010-07-07 23:00:00,house_1,2,48.0,0.0,0.0,48.0,10.875,0.522,48.0,0.0,0.0,0.2000022105263159,47.739,10.934456105071327,47.9171,10.934456105071327,-0.522,-0.522,0.0,0.522,0.0,0.0,-0.261,0.0,0.0
2010-07-07 23:00:00,house_2,3,48.0,0.0,0.0,48.0,20.208333333333332,0.97,48.0,0.0,0.0,0.2,47.515,20.414605913921918,47.9171,20.414605913921918,-0.97,-0.97,0.0,0.97,0.0,0.0,-0.485,0.0,0.0
2010-07-07 23:30:00,house_0,1,48.0,0.0,0.0,48.0,5.291666666666667,0.254,48.0,0.0,0.0,0.2,47.873,5.3057046769577845,47.9102,5.3057046769577845,-0.254,-0.254,0.0,0.254,0.0,0.0,-0.127,0.0,0.0
2010-07-07 23:30:00,house_1,2,48.0,0.0,0.0,48.0,12.25,0.588,48.0,0.0,0.0,0.2000022105263159,47.706,12.32549364859766,47.9102,12.32549364859766,-0.588,-0.588,0.0,0.588,0.0,0.0,-0.294,0.0,0.0
2010-07-07 23:30:00,house_2,3,48.0,0.0,0.0,48.0,19.875,0.954,48.0,0.0,0.0,0.2,47.523,20.07449024682785,47.9102,20.07449024682785,-0.954,-0.954,0.0,0.954,0.0,0.0,-0.477,0.0,0.0
2010-07-08 00:00:00,house_0,1,48.0,0.0,0.0,48.0,49.416666666666664,2.372,48.0,0.0,0.0,0.2,46.814,50.66860340923655,47.8035,50.66860340923655,-2.372,-2.372,0.0,2.372,0.0,0.0,-1.186,0.0,0.0
2010-07-08 00:00:00,house_1,2,48.0,0.0,0.0,48.0,12.458333333333334,0.598,48.0,0.0,0.0,0.2000022105263159,47.701,12.536424812897003,47.8035,12.536424812897003,-0.598,-0.598,0.0,0.598,0.0,0.0,-0.299,0.0,0.0
2010-07-08 00:00:00,house_2,3,48.0,0.0,0.0,48.0,20.0,0.96,48.0,0.0,0.0,0.2,47.52,20.2020202020202,47.8035,20.2020202020202,-0.96,-0.96,0.0,0.96,0.0,0.0,-0.48,0.0,0.0
2010-07-08 00:30:00,house_0,1,48.0,0.0,0.0,48.0,65.95833333333333,3.166,48.0,0.0,0.0,0.2,46.417,68.20776870543119,47.5701,68.20776870543119,-3.166,-3.166,0.0,3.166,0.0,0.0,-1.583,0.0,0.0
2010-07-08 00:30:00,house_1,2,48.0,0.0,0.0,48.0,10.166666666666666,0.488,48.0,0.0,0.0,0.2000022105263159,47.756,10.218611273976045,47.5701,10.218611273976045,-0.488,-0.488,0.0,0.488,0.0,0.0,-0.244,0.0,0.0
2010-07-08 00:30:00,house_2,3,48.0,0.0,0.0,48.0,103.0,4.944,48.0,0.0,0.0,0.2,45.528,108.59251449657354,47.5701,108.59251449657354,-4.944,-4.944,0.0,4.944,0.0,0.0,-2.472,0.0,0.0
2010-07-08 01:00:00,house_0,1,48.0,0.0,0.0,48.0,56.83333333333332,2.7279999999999998,48.0,0.0,0.0,0.2,46.636,58.49558281156187,47.6669,58.49558281156187,-2.7279999999999998,-2.7279999999999998,0.0,2.7279999999999998,0.0,0.0,-1.3639999999999999,0.0,0.0
2010-07-08 01:00:00,house_1,2,48.0,0.0,0.0,48.0,10.291666666666666,0.494,48.0,0.0,0.0,0.2000022105263159,47.753,10.3448997968714,47.6669,10.3448997968714,-0.494,-0.494,0.0,0.494,0.0,0.0,-0.247,0.0,0.0
2010-07-08 01:00:00,house_2,3,48.0,0.0,0.0,48.0,71.66666666666667,3.44,48.0,0.0,0.0,0.2,46.28,74.33016421780466,47.6669,74.33016421780466,-3.44,-3.44,0.0,3.44,0.0,0.0,-1.72,0.0,0.0
2010-07-08 01:30:00,house_0,1,48.0,0.0,0.0,48.0,10.708333333333334,0.514,48.0,0.0,0.0,0.2,47.743,10.765976164044991,47.9005,10.765976164044991,-0.514,-0.514,0.0,0.514,0.0,0.0,-0.257,0.0,0.0
2010-07-08 01:30:00,house_1,2,48.0,0.0,0.0,48.0,9.458333333333334,0.454,48.0,0.0,0.0,0.2000022105263159,47.773,9.503275908986247,47.9005,9.503275908986247,-0.454,-0.454,0.0,0.454,0.0,0.0,-0.227,0.0,0.0
2010-07-08 01:30:00,house_2,3,48.0,0.0,0.0,48.0,21.291666666666668,1.022,48.0,0.0,0.0,0.2,47.489,21.520773231695763,47.9005,21.520773231695763,-1.022,-1.022,0.0,1.022,0.0,0.0,-0.511,0.0,0.0
2010-07-08 02:00:00,house_0,1,48.0,0.0,0.0,48.0,31.208333333333332,1.498,48.0,0.0,0.0,0.2,47.251,31.70303274004783,47.8608,31.70303274004783,-1.498,-1.498,0.0,1.498,0.0,0.0,-0.749,0.0,0.0
2010-07-08 02:00:00,house_1,2,48.0,0.0,0.0,48.0,6.0,0.288,48.0,0.0,0.0,0.2000022105263159,47.856,6.018054162487462,47.8608,6.018054162487462,-0.288,-0.288,0.0,0.288,0.0,0.0,-0.144,0.0,0.0
2010-07-08 02:00:00,house_2,3,48.0,0.0,0.0,48.0,20.791666666666668,0.998,48.0,0.0,0.0,0.2,47.501,21.010083998231618,47.8608,21.010083998231618,-0.998,-0.998,0.0,0.998,0.0,0.0,-0.499,0.0,0.0
2010-07-08 02:30:00,house_0,1,48.0,0.0,0.0,48.0,33.041666666666664,1.586,48.0,0.0,0.0,0.2,47.207,33.596712351981694,47.8615,33.596712351981694,-1.586,-1.586,0.0,1.586,0.0,0.0,-0.793,0.0,0.0
2010-07-08 02:30:00,house_1,2,48.0,0.0,0.0,48.0,4.416666666666667,0.212,48.0,0.0,0.0,0.2000022105263159,47.894,4.426441725477096,47.8615,4.426441725477096,-0.212,-0.212,0.0,0.212,0.0,0.0,-0.106,0.0,0.0
2010-07-08 02:30:00,house_2,3,48.0,0.0,0.0,48.0,20.25,0.972,48.0,0.0,0.0,0.2,47.514,20.457128425306223,47.8615,20.457128425306223,-0.972,-0.972,0.0,0.972,0.0,0.0,-0.486,0.0,0.0
2010-07-08 03:00:00,house_0,1,48.0,0.0,0.0,48.0,13.958333333333334,0.67,48.0,0.0,0.0,0.2,47.665,14.056435539704186,47.907,14.056435539704186,-0.67,-0.67,0.0,0.67,0.0,0.0,-0.335,0.0,0.0
2010-07-08 03:00:00,house_1,2,48.0,0.0,0.0,48.0,7.25,0.348,48.0,0.0,0.0,0.2000022105263159,47.826,7.276376866139756,47.907,7.276376866139756,-0.348,-0.348,0.0,0.348,0.0,0.0,-0.174,0.0,0.0
2010-07-08 03:00:00,house_2,3,48.0,0.0,0.0,48.0,17.541666666666668,0.842,48.0,0.0,0.0,0.2,47.579,17.69688307866916,47.907,17.69688307866916,-0.842,-0.842,0.0,0.842,0.0,0.0,-0.421,0.0,0.0
2010-07-08 03:30:00,house_0,1,48.0,0.0,0.0,48.0,5.083333333333333,0.244,48.0,0.0,0.0,0.2,47.878,5.09628639458624,47.9363,5.09628639458624,-0.244,-0.244,0.0,0.244,0.0,0.0,-0.122,0.0,0.0
2010-07-08 03:30:00,house_1,2,48.0,0.0,0.0,48.0,3.75,0.18,48.0,0.0,0.0,0.2000022105263159,47.91,3.7570444583594242,47.9363,3.7570444583594242,-0.18,-0.18,0.0,0.18,0.0,0.0,-0.09,0.0,0.0
2010-07-08 03:30:00,house_2,3,48.0,0.0,0.0,48.0,17.708333333333332,0.85,48.0,0.0,0.0,0.2,47.575,17.866526537046767,47.9363,17.866526537046767,-0.85,-0.85,0.0,0.85,0.0,0.0,-0.425,0.0,0.0
2010-07-08 04:00:00,house_0,1,48.0,0.0,0.0,48.0,29.125,1.398,48.0,0.0,0.0,0.2,47.301,29.55540052007357,47.8711,29.55540052007357,-1.398,-1.398,0.0,1.398,0.0,0.0,-0.699,0.0,0.0
2010-07-08 04:00:00,house_1,2,48.0,0.0,0.0,48.0,6.041666666666667,0.29,48.0,0.0,0.0,0.2000022105263159,47.855,6.059972834604535,47.8711,6.059972834604535,-0.29,-0.29,0.0,0.29,0.0,0.0,-0.145,0.0,0.0
2010-07-08 04:00:00,house_2,3,48.0,0.0,0.0,48.0,18.541666666666668,0.89,48.0,0.0,0.0,0.2,47.555,18.715171906213858,47.8711,18.715171906213858,-0.89,-0.89,0.0,0.89,0.0,0.0,-0.445,0.0,0.0
2010-07-08 04:30:00,house_0,1,48.0,0.0,0.0,48.0,22.583333333333332,1.084,48.0,0.0,0.0,0.2,47.458,22.841249104471324,47.797,22.841249104471324,-1.084,-1.084,0.0,1.084,0.0,0.0,-0.542,0.0,0.0
2010-07-08 04:30:00,house_1,2,48.0,0.0,0.0,48.0,5.5,0.264,48.0,0.0,0.0,0.2000022105263159,47.868,5.515166708448232,47.797,5.515166708448232,-0.264,-0.264,0.0,0.264,0.0,0.0,-0.132,0.0,0.0
2010-07-08 04:30:00,house_2,3,48.0,0.0,0.0,48.0,56.5,2.712,48.0,0.0,0.0,0.2,46.644,58.14252636995112,47.797,58.14252636995112,-2.712,-2.712,0.0,2.712,0.0,0.0,-1.356,0.0,0.0
2010-07-08 05:00:00,house_0,1,48.0,0.0,0.0,48.0,5.0,0.24,48.0,0.0,0.0,0.2,47.88,5.012531328320802,47.9342,5.012531328320802,-0.24,-0.24,0.0,0.24,0.0,0.0,-0.12,0.0,0.0
2010-07-08 05:00:00,house_1,2,48.0,0.0,0.0,48.0,4.0,0.192,48.0,0.0,0.0,0.2000022105263159,47.904,4.008016032064128,47.9342,4.008016032064128,-0.192,-0.192,0.0,0.192,0.0,0.0,-0.096,0.0,0.0
2010-07-08 05:00:00,house_2,3,48.0,0.0,0.0,48.0,18.416666666666668,0.884,48.0,0.0,0.0,0.2,47.558,18.58782959754405,47.9342,18.58782959754405,-0.884,-0.884,0.0,0.884,0.0,0.0,-0.442,0.0,0.0
2010-07-08 05:30:00,house_0,1,48.0,0.0,0.0,48.0,13.583333333333334,0.652,48.0,0.0,0.0,0.2,47.674,13.676217644837857,47.9072,13.676217644837857,-0.652,-0.652,0.0,0.652,0.0,0.0,-0.326,0.0,0.0
2010-07-08 05:30:00,house_1,2,48.0,0.0,0.0,48.0,6.625,0.318,48.0,0.0,0.0,0.2000022105263159,47.841,6.647018247946322,47.9072,6.647018247946322,-0.318,-0.318,0.0,0.318,0.0,0.0,-0.159,0.0,0.0
2010-07-08 05:30:00,house_2,3,48.0,0.0,0.0,48.0,18.458333333333332,0.886,48.0,0.0,0.0,0.2,47.557,18.63027524864899,47.9072,18.63027524864899,-0.886,-0.886,0.0,0.886,0.0,0.0,-0.443,0.0,0.0
2010-07-08 06:00:00,house_0,1,48.0,0.0,0.0,48.0,8.125,0.39,48.0,0.0,0.0,0.2,47.805,8.15814245371823,47.9238,8.15814245371823,-0.39,-0.39,0.0,0.39,0.0,0.0,-0.195,0.0,0.0
2010-07-08 06:00:00,house_1,2,48.0,0.0,0.0,48.0,4.666666666666667,0.224,48.0,0.0,0.0,0.2000022105263159,47.888,4.677581022385566,47.9238,4.677581022385566,-0.224,-0.224,0.0,0.224,0.0,0.0,-0.112,0.0,0.0
2010-07-08 06:00:00,house_2,3,48.0,0.0,0.0,48.0,18.958333333333332,0.91,48.0,0.0,0.0,0.2,47.545,19.139762330423807,47.9238,19.139762330423807,-0.91,-0.91,0.0,0.91,0.0,0.0,-0.455,0.0,0.0
2010-07-08 06:30:00,house_0,1,48.0,0.0,0.0,48.0,6.958333333333333,0.334,48.0,0.0,0.0,0.2,47.833,6.982627056634541,47.9261,6.982627056634541,-0.334,-0.334,0.0,0.334,0.0,0.0,-0.167,0.0,0.0
2010-07-08 06:30:00,house_1,2,48.0,0.0,0.0,48.0,4.916666666666667,0.236,48.0,0.0,0.0,0.2000022105263159,47.882,4.92878325884466,47.9261,4.92878325884466,-0.236,-0.236,0.0,0.236,0.0,0.0,-0.118,0.0,0.0
2010-07-08 06:30:00,house_2,3,48.0,0.0,0.0,48.0,18.916666666666668,0.908,48.0,0.0,0.0,0.2,47.546,19.097295250914904,47.9261,19.097295250914904,-0.908,-0.908,0.0,0.908,0.0,0.0,-0.454,0.0,0.0
2010-07-08 07:00:00,house_0,1,48.0,0.0,0.0,48.0,5.5,0.264,48.0,0.0,0.0,0.2,47.868,5.515166708448232,47.9246,5.515166708448232,-0.264,-0.264,0.0,0.264,0.0,0.0,-0.132,0.0,0.0
2010-07-08 07:00:00,house_1,2,48.0,0.0,0.0,48.0,6.833333333333333,0.328,48.0,0.0,0.0,0.2000022105263159,47.836,6.856760598712267,47.9246,6.856760598712267,-0.328,-0.328,0.0,0.328,0.0,0.0,-0.164,0.0,0.0
2010-07-08 07:00:00,house_2,3,48.0,0.0,0.0,48.0,19.083333333333332,0.916,48.0,0.0,0.0,0.2,47.542,19.26717428799798,47.9246,19.26717428799798,-0.916,-0.916,0.0,0.916,0.0,0.0,-0.458,0.0,0.0
2010-07-08 07:30:00,house_0,1,48.0,0.0,0.0,48.0,38.041666666666664,1.826,48.0,0.0,0.0,0.2,47.087,38.7792809055578,47.8546,38.7792809055578,-1.826,-1.826,0.0,1.826,0.0,0.0,-0.913,0.0,0.0
2010-07-08 07:30:00,house_1,2,48.0,0.0,0.0,48.0,3.625,0.174,48.0,0.0,0.0,0.2000022105263159,47.913,3.6315822428151026,47.8546,3.6315822428151026,-0.174,-0.174,0.0,0.174,0.0,0.0,-0.087,0.0,0.0
2010-07-08 07:30:00,house_2,3,48.0,0.0,0.0,48.0,18.916666666666668,0.908,48.0,0.0,0.0,0.2,47.546,19.097295250914904,47.8546,19.097295250914904,-0.908,-0.908,0.0,0.908,0.0,0.0,-0.454,0.0,0.0
2010-07-08 08:00:00,house_0,1,48.0,1.4550264550264551,0.06984126984126984,48.0,38.875,1.866,48.0,0.0,0.0,0.2,47.10192063492063,39.616218932197356,47.85309206349206,38.1334498879667,-1.7961587301587303,-1.7961587301587303,0.0,1.7961587301587303,0.0,0.0,-0.8980793650793651,0.0,0.0
2010-07-08 08:00:00,house_1,2,48.0,0.0,0.0,48.0,5.333333333333333,0.256,48.0,0.0,0.0,0.2000022105263159,47.872,5.347593582887701,47.85309206349206,5.347593582887701,-0.256,-0.256,0.0,0.256,0.0,0.0,-0.128,0.0,0.0
2010-07-08 08:00:00,house_2,3,48.0,2.3749999999999996,0.11399999999999999,48.0,20.833333333333332,1.0,48.0,0.0,0.0,0.2,47.557,21.027398700506758,47.85309206349206,18.63027524864899,-0.886,-0.886,0.0,0.886,0.0,0.0,-0.443,0.0,0.0
2010-07-08 08:30:00,house_0,1,48.0,1.6534391534391537,0.07936507936507937,48.0,11.25,0.54,48.0,0.0,0.0,0.2,47.76968253968254,11.304240917896387,47.94156677248677,9.642829848246713,-0.4606349206349207,-0.4606349206349207,0.0,0.4606349206349207,0.0,0.0,-0.23031746031746034,0.0,0.0
2010-07-08 08:30:00,house_1,2,48.0,13.966049382716049,0.6703703703703703,48.0,11.708333333333334,0.562,48.0,-2.2583333333333333,-0.1084,0.2103002105263159,47.99998518518519,13.966670977367587,47.94156677248677,0.000617284141139968,-2.9629629629768228e-05,0.10837037037037023,0.10837037037037023,0.0,0.1084,0.0,-1.4814814814884114e-05,0.0,0.0
2010-07-08 08:30:00,house_2,3,48.0,4.749999999999999,0.22799999999999998,48.0,19.5,0.936,48.0,0.0,0.0,0.2,47.646,19.644880997355497,47.94156677248677,14.859589472358648,-0.7080000000000001,-0.7080000000000001,0.0,0.7080000000000001,0.0,0.0,-0.35400000000000004,0.0,0.0
2010-07-08 09:00:00,house_0,1,48.0,2.6785714285714284,0.12857142857142856,48.0,22.333333333333332,1.072,48.0,0.0,0.0,0.2,47.528285714285715,22.554989810578963,47.93012671957672,19.849833783190764,-0.9434285714285715,-0.9434285714285715,0.0,0.9434285714285715,0.0,0.0,-0.47171428571428575,0.0,0.0
2010-07-08 09:00:00,house_1,2,48.0,9.645061728395062,0.4629629629629629,48.0,10.666666666666666,0.512,48.0,1.0208333333333333,0.049,0.20514231578947378,47.999981481481484,10.666670781894592,47.93012671957672,0.0007716052359601065,-3.703703703709926e-05,-0.0490370370370371,0.0,0.0490370370370371,0.0,0.049,-1.851851851854963e-05,0.0,0.0
2010-07-08 09:00:00,house_2,3,48.0,8.625000000000002,0.41400000000000003,48.0,18.083333333333332,0.868,48.0,0.0,0.0,0.2,47.773,18.16925878634375,47.93012671957672,9.503275908986245,-0.45399999999999996,-0.45399999999999996,0.0,0.45399999999999996,0.0,0.0,-0.22699999999999998,0.0,0.0
2010-07-08 09:30:00,house_0,1,48.0,9.92063492063492,0.47619047619047616,48.0,48.083333333333336,2.308,48.0,0.0,0.0,0.2,47.08409523809524,49.018675803981935,47.675389160846564,38.90505943772338,-1.8318095238095236,-1.8318095238095236,0.0,1.8318095238095236,0.0,0.0,-0.9159047619047618,0.0,0.0
2010-07-08 09:30:00,house_1,2,48.0,9.182098765432096,0.44074074074074066,48.0,92.58333333333333,4.444,48.0,1.0177500000000175,0.04885200000000084,0.2,46.02279637037037,96.56084267971734,47.675389160846564,85.92279416131086,-3.9544072592592583,-4.003259259259259,0.0,4.003259259259259,0.0,0.04885200000000084,-1.9772036296296291,0.0,0.0
2010-07-08 09:30:00,house_2,3,48.0,3.1250000000000004,0.15000000000000002,48.0,17.833333333333332,0.856,48.0,0.0,0.0,0.2,47.647,17.965454278338616,47.675389160846564,14.817302243583017,-0.706,-0.706,0.0,0.706,0.0,0.0,-0.353,0.0,0.0
2010-07-08 10:00:00,house_0,1,48.0,16.335978835978835,0.7841269841269841,48.0,87.66666666666667,4.208,48.0,0.0,0.0,0.2,46.28806349206349,90.90896621159145,47.77000634920635,73.96881091083169,-3.423873015873016,-3.423873015873016,0.0,3.423873015873016,0.0,0.0,-1.711936507936508,0.0,0.0
2010-07-08 10:00:00,house_1,2,48.0,6.25,0.3,48.0,19.166666666666664,0.9199999999999999,48.0,0.0,0.0,0.2,47.69,19.29125602851751,47.77000634920635,13.00062906269658,-0.6199999999999999,-0.6199999999999999,0.0,0.6199999999999999,0.0,0.0,-0.30999999999999994,0.0,0.0
2010-07-08 10:00:00,house_2,3,48.0,6.250000000000001,0.30000000000000004,48.0,17.833333333333332,0.856,48.0,0.0,0.0,0.2,47.722,17.937219730941703,47.77000634920635,11.65081094673316,-0.5559999999999999,-0.5559999999999999,0.0,0.5559999999999999,0.0,0.0,-0.27799999999999997,0.0,0.0
2010-07-08 10:30:00,house_0,1,48.0,17.98941798941799,0.8634920634920636,48.0,77.29166666666667,3.71,48.0,0.0,0.0,0.2,46.57674603174603,79.65348196439739,47.749363492063495,61.11435810839593,-2.8465079365079364,-2.8465079365079364,0.0,2.8465079365079364,0.0,0.0,-1.4232539682539682,0.0,0.0
2010-07-08 10:30:00,house_1,2,48.0,5.787037037037037,0.2777777777777778,48.0,42.916666666666664,2.06,48.0,0.0,0.0,0.2,47.10888888888889,43.72847775838483,47.749363492063495,37.831973206283315,-1.7822222222222224,-1.7822222222222224,0.0,1.7822222222222224,0.0,0.0,-0.8911111111111112,0.0,0.0
2010-07-08 10:30:00,house_2,3,48.0,10.125,0.486,48.0,18.125,0.87,48.0,0.0,0.0,0.2,47.808,18.197791164658636,47.749363492063495,8.032128514056225,-0.384,-0.384,0.0,0.384,0.0,0.0,-0.192,0.0,0.0
2010-07-08 11:00:00,house_0,1,48.0,8.267195767195767,0.39682539682539686,48.0,83.58333333333333,4.012,48.0,0.0,0.0,0.2,46.192412698412696,86.85409065324409,47.67064867724868,78.2633855212943,-3.615174603174603,-3.615174603174603,0.0,3.615174603174603,0.0,0.0,-1.8075873015873014,0.0,0.0
2010-07-08 11:00:00,house_1,2,48.0,7.253086419753086,0.34814814814814815,48.0,59.208333333333336,2.842,48.0,0.0,0.0,0.2,46.75307407407407,60.78744673552858,47.67064867724868,53.340917174786696,-2.493851851851852,-2.493851851851852,0.0,2.493851851851852,0.0,0.0,-1.246925925925926,0.0,0.0
2010-07-08 11:00:00,house_2,3,48.0,7.875,0.378,48.0,17.833333333333332,0.856,48.0,0.0,0.0,0.2,47.761,17.922572810452042,47.67064867724868,10.008165658172986,-0.478,-0.478,0.0,0.478,0.0,0.0,-0.239,0.0,0.0
2010-07-08 11:30:00,house_0,1,48.0,11.375661375661378,0.5460317460317461,48.0,52.208333333333336,2.506,48.0,0.0,0.0,0.2,47.02001587301587,53.29645159558864,47.756508994708994,41.683700389668566,-1.9599682539682537,-1.9599682539682537,0.0,1.9599682539682537,0.0,0.0,-0.9799841269841268,0.0,0.0
2010-07-08 11:30:00,house_1,2,48.0,19.753086419753085,0.9481481481481482,48.0,80.375,3.858,48.0,0.0,0.0,0.2,46.54507407407407,82.88739628731051,47.756508994708994,62.51685940430502,-2.909851851851852,-2.909851851851852,0.0,2.909851851851852,0.0,0.0,-1.454925925925926,0.0,0.0
2010-07-08 11:30:00,house_2,3,48.0,32.875,1.578,48.0,17.583333333333332,0.844,48.0,-15.291666666666666,-0.734,0.26973,48.0,32.875,47.756508994708994,2.3129646346357427e-15,1.1102230246251565e-16,0.7340000000000001,0.7340000000000001,0.0,0.734,0.0,5.551115123125783e-17,0.0,0.0
2010-07-08 12:00:00,house_0,1,48.0,22.519841269841276,1.080952380952381,48.0,76.25,3.66,48.0,0.0,0.0,0.2,46.71047619047619,78.3550136606451,47.8574253968254,55.2134730661012,-2.579047619047619,-2.579047619047619,0.0,2.579047619047619,0.0,0.0,-1.2895238095238095,0.0,0.0
2010-07-08 12:00:00,house_1,2,48.0,17.824074074074073,0.8555555555555554,48.0,23.5,1.1280000000000001,48.0,0.0,0.0,0.2,47.86377777777778,23.566881938092827,47.8574253968254,5.692079837687516,-0.2724444444444447,-0.2724444444444447,0.0,0.2724444444444447,0.0,0.0,-0.13622222222222236,0.0,0.0
2010-07-08 12:00:00,house_2,3,48.0,46.875,2.25,48.0,17.375,0.834,48.0,-29.5,-1.416,0.40425,48.0,46.875,47.8574253968254,0.0,0.0,1.416,1.416,0.0,1.416,0.0,0.0,0.0,0.0
2010-07-08 12:30:00,house_0,1,48.0,19.642857142857142,0.9428571428571428,48.0,80.625,3.87,48.0,0.0,0.0,0.2,46.53642857142857,83.16065754938528,47.853643227513224,62.900032232813,-2.927142857142857,-2.927142857142857,0.0,2.927142857142857,0.0,0.0,-1.4635714285714285,0.0,0.0
2010-07-08 12:30:00,house_1,2,48.0,37.65432098765432,1.8074074074074074,48.0,8.083333333333334,0.388,48.0,-29.570833333333336,-1.4194,0.334843,48.000003703703705,37.65431808222854,47.853643227513224,0.00015432097574784927,7.407407407455935e-06,1.4194074074074075,1.4194074074074075,0.0,1.4194,0.0,3.7037037037279674e-06,0.0,0.0
2010-07-08 12:30:00,house_2,3,48.0,35.99999999999999,1.7279999999999998,48.0,15.125,0.726,48.0,-20.875,-1.002,0.49944,48.0,36.0,47.853643227513224,4.625929269271485e-15,-2.220446049250313e-16,1.0019999999999998,1.0019999999999998,0.0,1.002,0.0,-1.1102230246251565e-16,0.0,0.0
2010-07-08 13:00:00,house_0,1,48.0,7.043650793650794,0.3380952380952381,48.0,79.70833333333333,3.826,48.0,0.0,0.0,0.2,46.25604761904762,82.71350876127394,47.8256067989418,75.40429719871894,-3.487904761904762,-3.487904761904762,0.0,3.487904761904762,0.0,0.0,-1.743952380952381,0.0,0.0
2010-07-08 13:00:00,house_1,2,48.0,9.182098765432096,0.44074074074074066,48.0,9.25,0.444,48.0,0.06874999999999999,0.0033,0.33449563157894735,48.00002037037037,9.250844839533437,47.8256067989418,0.0008487650718956364,4.074074074064942e-05,-0.0032592592592593506,0.0,0.0032592592592593506,0.0,0.0033,2.037037037032471e-05,0.0,0.0
2010-07-08 13:00:00,house_2,3,48.0,23.5,1.1280000000000001,48.0,15.916666666666666,0.764,48.0,-7.583333333333333,-0.364,0.5340199999999999,48.0,23.5,47.8256067989418,2.3129646346357427e-15,1.1102230246251565e-16,0.3640000000000001,0.3640000000000001,0.0,0.364,0.0,5.551115123125783e-17,0.0,0.0
2010-07-08 13:30:00,house_0,1,48.0,17.36111111111111,0.8333333333333334,48.0,61.583333333333336,2.956,48.0,0.0,0.0,0.2,46.93866666666667,62.97579820474946,47.893865185185184,45.22213384842631,-2.1226666666666665,-2.1226666666666665,0.0,2.1226666666666665,0.0,0.0,-1.0613333333333332,0.0,0.0
2010-07-08 13:30:00,house_1,2,48.0,7.716049382716048,0.37037037037037035,48.0,34.333333333333336,1.648,48.0,26.61666666666667,1.2776,0.20001142105263156,47.99998518518519,34.333343930044414,47.893865185185184,0.0006172841411318726,-2.962962962937965e-05,-1.2776296296296294,0.0,1.2776296296296294,0.0,1.2776,-1.4814814814689825e-05,0.0,0.0
2010-07-08 13:30:00,house_2,3,48.0,3.875,0.186,48.0,18.791666666666668,0.902,48.0,14.916666666666666,0.716,0.45865157894736835,48.0,18.791666666666664,47.893865185185184,0.0,0.0,-0.716,0.0,0.716,0.0,0.716,0.0,0.0,0.0
2010-07-08 14:00:00,house_0,1,48.0,26.25661375661376,1.2603174603174605,48.0,16.791666666666668,0.806,48.0,-9.464583333333332,-0.4543,0.2431585,48.00000873015873,26.256608981106172,47.75219476190476,0.0003637565476003978,1.7460317460471497e-05,0.45431746031746045,0.45431746031746045,0.0,0.4543,0.0,8.730158730235749e-06,0.0,0.0
2010-07-08 14:00:00,house_1,2,48.0,5.787037037037037,0.2777777777777778,48.0,109.04166666666667,5.234,48.0,0.0020833333333333333,0.0001,0.2000008947368421,45.52193888888889,114.97752792945136,47.75219476190476,108.87326733422431,-4.9561222222222225,-4.956222222222222,0.0,4.956222222222222,0.0,0.0001,-2.4780611111111113,0.0,0.0
2010-07-08 14:00:00,house_2,3,48.0,6.250000000000001,0.30000000000000004,48.0,17.708333333333332,0.85,48.0,11.458333333333334,0.55,0.4007568421052631,48.0,17.708333333333336,47.75219476190476,2.3129646346357427e-15,1.1102230246251565e-16,-0.5499999999999999,0.0,0.5499999999999999,0.0,0.55,5.551115123125783e-17,0.0,0.0
2010-07-08 14:30:00,house_0,1,48.0,5.5886243386243395,0.2682539682539683,48.0,49.041666666666664,2.354,48.0,8.541666666666666,0.41,0.20000060526315788,47.162126984126985,49.91293121262891,47.8027126984127,35.531604253345606,-1.675746031746032,-2.085746031746032,0.0,2.085746031746032,0.0,0.41,-0.837873015873016,0.0,0.0
2010-07-08 14:30:00,house_1,2,48.0,6.25,0.3,48.0,53.541666666666664,2.57,48.0,0.0,0.0,0.2000008947368421,46.865,54.83836551797717,47.8027126984127,48.43699989331057,-2.27,-2.27,0.0,2.27,0.0,0.0,-1.135,0.0,0.0
2010-07-08 14:30:00,house_2,3,48.0,7.875,0.378,48.0,19.041666666666668,0.914,48.0,11.166666666666666,0.536,0.34433578947368415,48.0,19.041666666666668,47.8027126984127,0.0,0.0,-0.536,0.0,0.536,0.0,0.536,0.0,0.0,0.0
2010-07-08 15:00:00,house_0,1,48.0,6.216931216931218,0.2984126984126984,48.0,53.5,2.568,48.0,0.0,0.0,0.20000060526315788,46.865206349206346,54.79544847973317,47.79666878306878,48.42798055077243,-2.269587301587302,-2.269587301587302,0.0,2.269587301587302,0.0,0.0,-1.134793650793651,0.0,0.0
2010-07-08 15:00:00,house_1,2,48.0,9.645061728395062,0.4629629629629629,48.0,47.083333333333336,2.26,48.0,0.0,0.0,0.2000008947368421,47.10148148148148,47.98150565367135,47.79666878306878,38.15245254533159,-1.797037037037037,-1.797037037037037,0.0,1.797037037037037,0.0,0.0,-0.8985185185185185,0.0,0.0
2010-07-08 15:00:00,house_2,3,48.0,3.875,0.186,48.0,17.75,0.852,48.0,13.875,0.666,0.27423052631578937,48.0,17.750000000000004,47.79666878306878,2.3129646346357427e-15,1.1102230246251565e-16,-0.6659999999999999,0.0,0.6659999999999999,0.0,0.666,5.551115123125783e-17,0.0,0.0
2010-07-08 15:30:00,house_0,1,48.0,2.9100529100529102,0.13968253968253969,48.0,62.791666666666664,3.014,48.0,0.0,0.0,0.20000060526315788,46.56284126984127,64.72972691965356,47.783013997354495,61.72985543687503,-2.87431746031746,-2.87431746031746,0.0,2.87431746031746,0.0,0.0,-1.43715873015873,0.0,0.0
2010-07-08 15:30:00,house_1,2,48.0,4.320987654320986,0.20740740740740737,48.0,34.208333333333336,1.642,48.0,0.0,0.0,0.2000008947368421,47.2827037037037,34.72728654202108,47.783013997354495,30.3407478891741,-1.4345925925925926,-1.4345925925925926,0.0,1.4345925925925926,0.0,0.0,-0.7172962962962963,0.0,0.0
2010-07-08 15:30:00,house_2,3,48.0,1.625,0.078,48.0,16.958333333333332,0.814,48.0,14.69145833333331,0.7051899999999989,0.2,47.984595,16.963777645721507,47.783013997354495,0.6420810678927501,-0.030810000000001114,-0.736,0.0,0.736,0.0,0.7051899999999989,-0.015405000000000557,0.0,0.0
2010-07-08 16:00:00,house_0,1,48.0,2.2817460317460316,0.10952380952380952,48.0,57.833333333333336,2.776,48.0,0.0,0.0,0.20000060526315788,46.666761904761906,59.48559288654513,47.74119470899471,57.138658900696115,-2.6664761904761902,-2.6664761904761902,0.0,2.6664761904761902,0.0,0.0,-1.3332380952380951,0.0,0.0
2010-07-08 16:00:00,house_1,2,48.0,1.4660493827160492,0.07037037037037036,48.0,39.625,1.902,48.0,0.0,0.0,0.2000008947368421,47.084185185185184,40.39572932013816,47.74119470899471,38.901164423377196,-1.8316296296296295,-1.8316296296296295,0.0,1.8316296296296295,0.0,0.0,-0.9158148148148147,0.0,0.0
2010-07-08 16:00:00,house_2,3,48.0,3.1250000000000004,0.15000000000000002,48.0,17.25,0.828,48.0,0.0,0.0,0.2,47.661,17.372694656008058,47.74119470899471,14.225467363252971,-0.6779999999999999,-0.6779999999999999,0.0,0.6779999999999999,0.0,0.0,-0.33899999999999997,0.0,0.0
2010-07-08 16:30:00,house_0,1,48.0,1.2566137566137565,0.06031746031746032,48.0,40.625,1.95,48.0,0.0,0.0,0.20000060526315788,47.05515873015873,41.44072727886051,47.78012328042328,40.15888142082493,-1.8896825396825396,-1.8896825396825396,0.0,1.8896825396825396,0.0,0.0,-0.9448412698412698,0.0,0.0
2010-07-08 16:30:00,house_1,2,48.0,1.0030864197530862,0.04814814814814814,48.0,37.25,1.788,48.0,0.0,0.0,0.2000008947368421,47.130074074074074,37.93755972438767,47.78012328042328,36.915958356384856,-1.739851851851852,-1.739851851851852,0.0,1.739851851851852,0.0,0.0,-0.869925925925926,0.0,0.0
2010-07-08 16:30:00,house_2,3,48.0,1.625,0.078,48.0,17.625,0.846,48.0,0.0,0.0,0.2,47.616,17.767137096774192,47.78012328042328,16.129032258064516,-0.768,-0.768,0.0,0.768,0.0,0.0,-0.384,0.0,0.0
2010-07-08 17:00:00,house_0,1,48.0,0.0,0.0,48.0,7.208333333333333,0.346,48.0,0.0,0.0,0.20000060526315788,47.827,7.23440734313254,47.8578,7.23440734313254,-0.346,-0.346,0.0,0.346,0.0,0.0,-0.173,0.0,0.0
2010-07-08 17:00:00,house_1,2,48.0,0.0,0.0,48.0,34.291666666666664,1.646,48.0,0.0,0.0,0.2000008947368421,47.177,34.889882781864046,47.8578,34.889882781864046,-1.646,-1.646,0.0,1.646,0.0,0.0,-0.823,0.0,0.0
2010-07-08 17:00:00,house_2,3,48.0,0.0,0.0,48.0,17.75,0.852,48.0,0.0,0.0,0.2,47.574,17.908941858998613,47.8578,17.908941858998613,-0.852,-0.852,0.0,0.852,0.0,0.0,-0.426,0.0,0.0
2010-07-08 17:30:00,house_0,1,48.0,0.0,0.0,48.0,35.791666666666664,1.718,48.0,0.0,0.0,0.20000060526315788,47.141,36.443859909632806,47.7742,36.443859909632806,-1.718,-1.718,0.0,1.718,0.0,0.0,-0.859,0.0,0.0
2010-07-08 17:30:00,house_1,2,48.0,0.0,0.0,48.0,40.583333333333336,1.948,48.0,0.0,0.0,0.2000008947368421,47.026,41.42389316548292,47.7742,41.42389316548292,-1.948,-1.948,0.0,1.948,0.0,0.0,-0.974,0.0,0.0
2010-07-08 17:30:00,house_2,3,48.0,0.0,0.0,48.0,17.708333333333332,0.85,48.0,0.0,0.0,0.2,47.575,17.866526537046767,47.7742,17.866526537046767,-0.85,-0.85,0.0,0.85,0.0,0.0,-0.425,0.0,0.0
2010-07-08 18:00:00,house_0,1,48.0,0.0,0.0,48.0,47.625,2.286,48.0,0.0,0.0,0.20000060526315788,46.857,48.78673410589666,47.7402,48.78673410589666,-2.286,-2.286,0.0,2.286,0.0,0.0,-1.143,0.0,0.0
2010-07-08 18:00:00,house_1,2,48.0,0.0,0.0,48.0,41.75,2.004,48.0,0.0,0.0,0.2000008947368421,46.998,42.640112345206184,47.7402,42.640112345206184,-2.004,-2.004,0.0,2.004,0.0,0.0,-1.002,0.0,0.0
2010-07-08 18:00:00,house_2,3,48.0,0.0,0.0,48.0,18.875,0.906,48.0,0.0,0.0,0.2,47.547,19.054829957726042,47.7402,19.054829957726042,-0.906,-0.906,0.0,0.906,0.0,0.0,-0.453,0.0,0.0
2010-07-08 18:30:00,house_0,1,48.0,0.0,0.0,48.0,23.5,1.128,48.0,0.0,0.0,0.20000060526315788,47.436,23.779408044523148,47.8171,23.779408044523148,-1.128,-1.128,0.0,1.128,0.0,0.0,-0.564,0.0,0.0
2010-07-08 18:30:00,house_1,2,48.0,0.0,0.0,48.0,33.666666666666664,1.616,48.0,0.0,0.0,0.2000008947368421,47.192,34.243092049499914,47.8171,34.243092049499914,-1.616,-1.616,0.0,1.616,0.0,0.0,-0.808,0.0,0.0
2010-07-08 18:30:00,house_2,3,48.0,0.0,0.0,48.0,19.041666666666668,0.914,48.0,0.0,0.0,0.2,47.543,19.224701848852618,47.8171,19.224701848852618,-0.914,-0.914,0.0,0.914,0.0,0.0,-0.457,0.0,0.0
2010-07-08 19:00:00,house_0,1,48.0,0.0,0.0,48.0,10.166666666666666,0.488,48.0,0.0,0.0,0.20000060526315788,47.756,10.218611273976045,47.8467,10.218611273976045,-0.488,-0.488,0.0,0.488,0.0,0.0,-0.244,0.0,0.0
2010-07-08 19:00:00,house_1,2,48.0,0.0,0.0,48.0,34.041666666666664,1.634,48.0,0.0,0.0,0.2000008947368421,47.183,34.631117139647756,47.8467,34.631117139647756,-1.634,-1.634,0.0,1.634,0.0,0.0,-0.817,0.0,0.0
2010-07-08 19:00:00,house_2,3,48.0,0.0,0.0,48.0,19.666666666666668,0.944,48.0,0.0,0.0,0.2,47.528,19.86197609829995,47.8467,19.86197609829995,-0.944,-0.944,0.0,0.944,0.0,0.0,-0.472,0.0,0.0
2010-07-08 19:30:00,house_0,1,48.0,0.0,0.0,48.0,11.541666666666666,0.554,48.0,0.0,0.0,0.20000060526315788,47.723,11.60865829893343,47.8255,11.60865829893343,-0.554,-0.554,0.0,0.554,0.0,0.0,-0.277,0.0,0.0
2010-07-08 19:30:00,house_1,2,48.0,0.0,0.0,48.0,43.166666666666664,2.072,48.0,0.0,0.0,0.2000008947368421,46.964,44.11889958265906,47.8255,44.11889958265906,-2.072,-2.072,0.0,2.072,0.0,0.0,-1.036,0.0,0.0
2010-07-08 19:30:00,house_2,3,48.0,0.0,0.0,48.0,18.0,0.864,48.0,0.0,0.0,0.2,47.568,18.163471241170537,47.8255,18.163471241170537,-0.864,-0.864,0.0,0.864,0.0,0.0,-0.432,0.0,0.0
2010-07-08 20:00:00,house_0,1,48.0,0.0,0.0,48.0,11.625,0.558,48.0,0.0,0.0,0.20000060526315788,47.721,11.692965361161754,47.8845,11.692965361161754,-0.558,-0.558,0.0,0.558,0.0,0.0,-0.279,0.0,0.0
2010-07-08 20:00:00,house_1,2,48.0,0.0,0.0,48.0,18.666666666666668,0.896,48.0,0.0,0.0,0.2000008947368421,47.552,18.842530282637956,47.8845,18.842530282637956,-0.896,-0.896,0.0,0.896,0.0,0.0,-0.448,0.0,0.0
2010-07-08 20:00:00,house_2,3,48.0,0.0,0.0,48.0,17.833333333333332,0.856,48.0,0.0,0.0,0.2,47.572,17.99377785251829,47.8845,17.99377785251829,-0.856,-0.856,0.0,0.856,0.0,0.0,-0.428,0.0,0.0
2010-07-08 20:30:00,house_0,1,48.0,0.0,0.0,48.0,20.583333333333332,0.988,48.0,0.0,0.0,0.20000060526315788,47.506,20.797372963415146,47.6567,20.797372963415146,-0.988,-0.988,0.0,0.988,0.0,0.0,-0.494,0.0,0.0
2010-07-08 20:30:00,house_1,2,48.0,0.0,0.0,48.0,109.66666666666664,5.263999999999999,48.0,0.0,0.0,0.2000008947368421,45.5,109.89010989010988,47.6567,109.89010989010988,-5.0,-5.263999999999999,0.0,5.263999999999999,0.0,0.0,-2.5,0.0,0.26399999999999935
2010-07-08 20:30:00,house_2,3,48.0,0.0,0.0,48.0,18.291666666666668,0.878,48.0,0.0,0.0,0.2,47.561,18.460503353588024,47.6567,18.460503353588024,-0.878,-0.878,0.0,0.878,0.0,0.0,-0.439,0.0,0.0
2010-07-08 21:00:00,house_0,1,48.0,0.0,0.0,48.0,12.125,0.582,48.0,0.0,0.0,0.20000060526315788,47.709,12.198956171791485,47.6987,12.198956171791485,-0.582,-0.582,0.0,0.582,0.0,0.0,-0.291,0.0,0.0
2010-07-08 21:00:00,house_1,2,48.0,0.0,0.0,48.0,95.20833333333333,4.57,48.0,0.0,0.0,0.2000008947368421,45.715,99.96718801268729,47.6987,99.96718801268729,-4.57,-4.57,0.0,4.57,0.0,0.0,-2.285,0.0,0.0
2010-07-08 21:00:00,house_2,3,48.0,0.0,0.0,48.0,18.208333333333332,0.874,48.0,0.0,0.0,0.2,47.563,18.375628114290517,47.6987,18.375628114290517,-0.874,-0.874,0.0,0.874,0.0,0.0,-0.437,0.0,0.0
2010-07-08 21:30:00,house_0,1,48.0,0.0,0.0,48.0,9.75,0.468,48.0,0.0,0.0,0.20000060526315788,47.766,9.79776409998744,47.8866,9.79776409998744,-0.468,-0.468,0.0,0.468,0.0,0.0,-0.234,0.0,0.0
2010-07-08 21:30:00,house_1,2,48.0,0.0,0.0,48.0,19.75,0.948,48.0,0.0,0.0,0.2000008947368421,47.526,19.94697639186971,47.8866,19.94697639186971,-0.948,-0.948,0.0,0.948,0.0,0.0,-0.474,0.0,0.0
2010-07-08 21:30:00,house_2,3,48.0,0.0,0.0,48.0,17.75,0.852,48.0,0.0,0.0,0.2,47.574,17.908941858998613,47.8866,17.908941858998613,-0.852,-0.852,0.0,0.852,0.0,0.0,-0.426,0.0,0.0
2010-07-08 22:00:00,house_0,1,48.0,0.0,0.0,48.0,12.166666666666666,0.584,48.0,0.0,0.0,0.20000060526315788,47.708,12.24113356250524,47.8797,12.24113356250524,-0.584,-0.584,0.0,0.584,0.0,0.0,-0.292,0.0,0.0
2010-07-08 22:00:00,house_1,2,48.0,0.0,0.0,48.0,19.916666666666668,0.956,48.0,0.0,0.0,0.2000008947368421,47.522,20.116998442826482,47.8797,20.116998442826482,-0.956,-0.956,0.0,0.956,0.0,0.0,-0.478,0.0,0.0
2010-07-08 22:00:00,house_2,3,48.0,0.0,0.0,48.0,18.041666666666668,0.866,48.0,0.0,0.0,0.2,47.567,18.20589904765909,47.8797,18.20589904765909,-0.866,-0.866,0.0,0.866,0.0,0.0,-0.433,0.0,0.0
2010-07-08 22:30:00,house_0,1,48.0,0.0,0.0,48.0,25.375,1.218,48.0,0.0,0.0,0.20000060526315788,47.391,25.701082484015952,47.84921111111111,25.701082484015952,-1.218,-1.218,0.0,1.218,0.0,0.0,-0.609,0.0,0.0
2010-07-08 22:30:00,house_1,2,48.0,0.46296296296296285,0.02222222222222222,48.0,19.875,0.954,48.0,0.0,0.0,0.2000008947368421,47.53411111111111,20.069797829395032,47.84921111111111,19.602297297613177,-0.9317777777777777,-0.9317777777777777,0.0,0.9317777777777777,0.0,0.0,-0.46588888888888885,0.0,0.0
2010-07-08 22:30:00,house_2,3,48.0,0.0,0.0,48.0,18.041666666666668,0.866,48.0,0.0,0.0,0.2,47.567,18.20589904765909,47.84921111111111,18.20589904765909,-0.866,-0.866,0.0,0.866,0.0,0.0,-0.433,0.0,0.0
2010-07-08 23:00:00,house_0,1,48.0,0.0,0.0,48.0,15.75,0.756,48.0,0.0,0.0,0.20000060526315788,47.622,15.87501574902356,47.8788,15.87501574902356,-0.756,-0.756,0.0,0.756,0.0,0.0,-0.378,0.0,0.0
2010-07-08 23:00:00,house_1,2,48.0,0.0,0.0,48.0,17.125,0.822,48.0,0.0,0.0,0.2000008947368421,47.589,17.272899199394818,47.8788,17.272899199394818,-0.822,-0.822,0.0,0.822,0.0,0.0,-0.411,0.0,0.0
2010-07-08 23:00:00,house_2,3,48.0,0.0,0.0,48.0,17.625,0.846,48.0,0.0,0.0,0.2,47.577,17.78170124219686,47.8788,17.78170124219686,-0.846,-0.846,0.0,0.846,0.0,0.0,-0.423,0.0,0.0
2010-07-08 23:30:00,house_0,1,48.0,0.0,0.0,48.0,5.583333333333333,0.268,48.0,0.0,0.0,0.20000060526315788,47.866,5.598963773868717,47.9058,5.598963773868717,-0.268,-0.268,0.0,0.268,0.0,0.0,-0.134,0.0,0.0
2010-07-08 23:30:00,house_1,2,48.0,0.0,0.0,48.0,15.958333333333334,0.766,48.0,0.0,0.0,0.2000008947368421,47.617,16.086691727744295,47.9058,16.086691727744295,-0.766,-0.766,0.0,0.766,0.0,0.0,-0.383,0.0,0.0
2010-07-08 23:30:00,house_2,3,48.0,0.0,0.0,48.0,17.708333333333332,0.85,48.0,0.0,0.0,0.2,47.575,17.866526537046767,47.9058,17.866526537046767,-0.85,-0.85,0.0,0.85,0.0,0.0,-0.425,0.0,0.0
2010-07-09 00:00:00,house_0,1,48.0,0.0,0.0,48.0,48.208333333333336,2.314,48.0,0.0,0.0,0.20000060526315788,46.843,49.399056422517766,47.81,49.399056422517766,-2.314,-2.314,0.0,2.314,0.0,0.0,-1.157,0.0,0.0
2010-07-09 00:00:00,house_1,2,48.0,0.0,0.0,48.0,10.625,0.51,48.0,0.0,0.0,0.2000008947368421,47.745,10.681746779767515,47.81,10.681746779767515,-0.51,-0.51,0.0,0.51,0.0,0.0,-0.255,0.0,0.0
2010-07-09 00:00:00,house_2,3,48.0,0.0,0.0,48.0,20.333333333333332,0.976,48.0,0.0,0.0,0.2,47.512,20.542178817982826,47.81,20.542178817982826,-0.976,-0.976,0.0,0.976,0.0,0.0,-0.488,0.0,0.0
2010-07-09 00:30:00,house_0,1,48.0,0.0,0.0,48.0,56.75,2.724,48.0,0.0,0.0,0.20000060526315788,46.638,58.40730734594108,47.5908,58.40730734594108,-2.724,-2.724,0.0,2.724,0.0,0.0,-1.362,0.0,0.0
2010-07-09 00:30:00,house_1,2,48.0,0.0,0.0,48.0,10.333333333333334,0.496,48.0,0.0,0.0,0.2000008947368421,47.752,10.38699949740325,47.5908,10.38699949740325,-0.496,-0.496,0.0,0.496,0.0,0.0,-0.248,0.0,0.0
2010-07-09 00:30:00,house_2,3,48.0,0.0,0.0,48.0,103.41666666666667,4.964,48.0,0.0,0.0,0.2,45.518,109.05575816160639,47.5908,109.05575816160639,-4.964,-4.964,0.0,4.964,0.0,0.0,-2.482,0.0,0.0
2010-07-09 01:00:00,house_0,1,48.0,0.0,0.0,48.0,55.708333333333336,2.674,48.0,0.0,0.0,0.20000060526315788,46.663,57.304502496624735,47.593,57.304502496624735,-2.674,-2.674,0.0,2.674,0.0,0.0,-1.337,0.0,0.0
2010-07-09 01:00:00,house_1,2,48.0,0.0,0.0,48.0,10.166666666666666,0.488,48.0,0.0,0.0,0.2000008947368421,47.756,10.218611273976045,47.593,10.218611273976045,-0.488,-0.488,0.0,0.488,0.0,0.0,-0.244,0.0,0.0
2010-07-09 01:00:00,house_2,3,48.0,0.0,0.0,48.0,103.70833333333333,4.978,48.0,0.0,0.0,0.2,45.511,109.38014985388148,47.593,109.38014985388148,-4.978,-4.978,0.0,4.978,0.0,0.0,-2.489,0.0,0.0
2010-07-09 01:30:00,house_0,1,48.0,0.0,0.0,48.0,66.70833333333333,3.202,48.0,0.0,0.0,0.20000060526315788,46.399,69.01010797646501,47.6193,69.01010797646501,-3.202,-3.202,0.0,3.202,0.0,0.0,-1.601,0.0,0.0
2010-07-09 01:30:00,house_1,2,48.0,0.0,0.0,48.0,10.083333333333334,0.484,48.0,0.0,0.0,0.2000008947368421,47.758,10.134427739855102,47.6193,10.134427739855102,-0.484,-0.484,0.0,0.484,0.0,0.0,-0.242,0.0,0.0
2010-07-09 01:30:00,house_2,3,48.0,0.0,0.0,48.0,81.83333333333333,3.928,48.0,0.0,0.0,0.2,46.036,85.32452862976801,47.6193,85.32452862976801,-3.928,-3.928,0.0,3.928,0.0,0.0,-1.964,0.0,0.0
2010-07-09 02:00:00,house_0,1,48.0,0.0,0.0,48.0,22.166666666666668,1.064,48.0,0.0,0.0,0.20000060526315788,47.468,22.415100699418556,47.8739,22.415100699418556,-1.064,-1.064,0.0,1.064,0.0,0.0,-0.532,0.0,0.0
2010-07-09 02:00:00,house_1,2,48.0,0.0,0.0,48.0,10.0,0.48,48.0,0.0,0.0,0.2000008947368421,47.76,10.050251256281408,47.8739,10.050251256281408,-0.48,-0.48,0.0,0.48,0.0,0.0,-0.24,0.0,0.0
2010-07-09 02:00:00,house_2,3,48.0,0.0,0.0,48.0,20.375,0.978,48.0,0.0,0.0,0.2,47.511,20.58470669950117,47.8739,20.58470669950117,-0.978,-0.978,0.0,0.978,0.0,0.0,-0.489,0.0,0.0
2010-07-09 02:30:00,house_0,1,48.0,0.0,0.0,48.0,25.0,1.2,48.0,0.0,0.0,0.20000060526315788,47.4,25.31645569620253,47.8672,25.31645569620253,-1.2,-1.2,0.0,1.2,0.0,0.0,-0.6,0.0,0.0
2010-07-09 02:30:00,house_1,2,48.0,0.0,0.0,48.0,10.125,0.486,48.0,0.0,0.0,0.2000008947368421,47.757,10.176518625541807,47.8672,10.176518625541807,-0.486,-0.486,0.0,0.486,0.0,0.0,-0.243,0.0,0.0
2010-07-09 02:30:00,house_2,3,48.0,0.0,0.0,48.0,20.208333333333332,0.97,48.0,0.0,0.0,0.2,47.515,20.414605913921918,47.8672,20.414605913921918,-0.97,-0.97,0.0,0.97,0.0,0.0,-0.485,0.0,0.0
2010-07-09 03:00:00,house_0,1,48.0,0.0,0.0,48.0,41.25,1.98,48.0,0.0,0.0,0.20000060526315788,47.01,42.11869814932993,47.8247,42.11869814932993,-1.98,-1.98,0.0,1.98,0.0,0.0,-0.99,0.0,0.0
2010-07-09 03:00:00,house_1,2,48.0,0.0,0.0,48.0,11.916666666666666,0.572,48.0,0.0,0.0,0.2000008947368421,47.714,11.988095737100222,47.8247,11.988095737100222,-0.572,-0.572,0.0,0.572,0.0,0.0,-0.286,0.0,0.0
2010-07-09 03:00:00,house_2,3,48.0,0.0,0.0,48.0,19.875,0.954,48.0,0.0,0.0,0.2,47.523,20.07449024682785,47.8247,20.07449024682785,-0.954,-0.954,0.0,0.954,0.0,0.0,-0.477,0.0,0.0
2010-07-09 03:30:00,house_0,1,48.0,0.0,0.0,48.0,4.333333333333333,0.208,48.0,0.0,0.0,0.20000060526315788,47.896,4.3427426089861365,47.9182,4.3427426089861365,-0.208,-0.208,0.0,0.208,0.0,0.0,-0.104,0.0,0.0
2010-07-09 03:30:00,house_1,2,48.0,0.0,0.0,48.0,9.333333333333334,0.448,48.0,0.0,0.0,0.2000008947368421,47.776,9.377093101138646,47.9182,9.377093101138646,-0.448,-0.448,0.0,0.448,0.0,0.0,-0.224,0.0,0.0
2010-07-09 03:30:00,house_2,3,48.0,0.0,0.0,48.0,20.416666666666668,0.98,48.0,0.0,0.0,0.2,47.51,20.627236371290255,47.9182,20.627236371290255,-0.98,-0.98,0.0,0.98,0.0,0.0,-0.49,0.0,0.0
2010-07-09 04:00:00,house_0,1,48.0,0.0,0.0,48.0,14.875,0.714,48.0,0.0,0.0,0.20000060526315788,47.643,14.986461809709716,47.8695,14.986461809709716,-0.714,-0.714,0.0,0.714,0.0,0.0,-0.357,0.0,0.0
2010-07-09 04:00:00,house_1,2,48.0,0.0,0.0,48.0,10.333333333333334,0.496,48.0,0.0,0.0,0.2000008947368421,47.752,10.38699949740325,47.8695,10.38699949740325,-0.496,-0.496,0.0,0.496,0.0,0.0,-0.248,0.0,0.0
2010-07-09 04:00:00,house_2,3,48.0,0.0,0.0,48.0,29.166666666666668,1.4,48.0,0.0,0.0,0.2,47.3,29.59830866807611,47.8695,29.59830866807611,-1.4,-1.4,0.0,1.4,0.0,0.0,-0.7,0.0,0.0
2010-07-09 04:30:00,house_0,1,48.0,0.0,0.0,48.0,31.541666666666668,1.514,48.0,0.0,0.0,0.20000060526315788,47.243,32.047075757255044,47.7745,32.047075757255044,-1.514,-1.514,0.0,1.514,0.0,0.0,-0.757,0.0,0.0
2010-07-09 04:30:00,house_1,2,48.0,0.0,0.0,48.0,10.333333333333334,0.496,48.0,0.0,0.0,0.2000008947368421,47.752,10.38699949740325,47.7745,10.38699949740325,-0.496,-0.496,0.0,0.496,0.0,0.0,-0.248,0.0,0.0
2010-07-09 04:30:00,house_2,3,48.0,0.0,0.0,48.0,52.083333333333336,2.5,48.0,0.0,0.0,0.2,46.75,53.475935828877006,47.7745,53.475935828877006,-2.5,-2.5,0.0,2.5,0.0,0.0,-1.25,0.0,0.0
2010-07-09 05:00:00,house_0,1,48.0,0.0,0.0,48.0,22.208333333333332,1.066,48.0,0.0,0.0,0.20000060526315788,47.467,22.457707459919522,47.874,22.457707459919522,-1.066,-1.066,0.0,1.066,0.0,0.0,-0.533,0.0,0.0
2010-07-09 05:00:00,house_1,2,48.0,0.0,0.0,48.0,10.25,0.492,48.0,0.0,0.0,0.2000008947368421,47.754,10.302801859530092,47.874,10.302801859530092,-0.492,-0.492,0.0,0.492,0.0,0.0,-0.246,0.0,0.0
2010-07-09 05:00:00,house_2,3,48.0,0.0,0.0,48.0,20.041666666666668,0.962,48.0,0.0,0.0,0.2,47.519,20.244533765441194,47.874,20.244533765441194,-0.962,-0.962,0.0,0.962,0.0,0.0,-0.481,0.0,0.0
2010-07-09 05:30:00,house_0,1,48.0,0.0,0.0,48.0,5.125,0.246,48.0,0.0,0.0,0.20000060526315788,47.877,5.1381665517889585,47.9186,5.1381665517889585,-0.246,-0.246,0.0,0.246,0.0,0.0,-0.123,0.0,0.0
2010-07-09 05:30:00,house_1,2,48.0,0.0,0.0,48.0,9.625,0.462,48.0,0.0,0.0,0.2000008947368421,47.769,9.671544306977328,47.9186,9.671544306977328,-0.462,-0.462,0.0,0.462,0.0,0.0,-0.231,0.0,0.0
2010-07-09 05:30:00,house_2,3,48.0,0.0,0.0,48.0,19.166666666666668,0.92,48.0,0.0,0.0,0.2,47.54,19.352124526714345,47.9186,19.352124526714345,-0.92,-0.92,0.0,0.92,0.0,0.0,-0.46,0.0,0.0
2010-07-09 06:00:00,house_0,1,48.0,0.0,0.0,48.0,4.5,0.216,48.0,0.0,0.0,0.20000060526315788,47.892,4.510147832623402,47.9312,4.510147832623402,-0.216,-0.216,0.0,0.216,0.0,0.0,-0.108,0.0,0.0
2010-07-09 06:00:00,house_1,2,48.0,0.0,0.0,48.0,6.166666666666667,0.296,48.0,0.0,0.0,0.2000008947368421,47.852,6.185739363036028,47.9312,6.185739363036028,-0.296,-0.296,0.0,0.296,0.0,0.0,-0.148,0.0,0.0
2010-07-09 06:00:00,house_2,3,48.0,0.0,0.0,48.0,18.0,0.864,48.0,0.0,0.0,0.2,47.568,18.163471241170537,47.9312,18.163471241170537,-0.864,-0.864,0.0,0.864,0.0,0.0,-0.432,0.0,0.0
2010-07-09 06:30:00,house_0,1,48.0,0.0,0.0,48.0,14.75,0.708,48.0,0.0,0.0,0.20000060526315788,47.646,14.859589472358644,47.9018,14.859589472358644,-0.708,-0.708,0.0,0.708,0.0,0.0,-0.354,0.0,0.0
2010-07-09 06:30:00,house_1,2,48.0,0.0,0.0,48.0,7.916666666666667,0.38,48.0,0.0,0.0,0.2000008947368421,47.81,7.94812800669316,47.9018,7.94812800669316,-0.38,-0.38,0.0,0.38,0.0,0.0,-0.19,0.0,0.0
2010-07-09 06:30:00,house_2,3,48.0,0.0,0.0,48.0,18.25,0.876,48.0,0.0,0.0,0.2,47.562,18.418064841680334,47.9018,18.418064841680334,-0.876,-0.876,0.0,0.876,0.0,0.0,-0.438,0.0,0.0
2010-07-09 07:00:00,house_0,1,48.0,0.0,0.0,48.0,6.666666666666667,0.32,48.0,0.0,0.0,0.20000060526315788,47.84,6.68896321070234,47.9353,6.68896321070234,-0.32,-0.32,0.0,0.32,0.0,0.0,-0.16,0.0,0.0
2010-07-09 07:00:00,house_1,2,48.0,0.0,0.0,48.0,2.1666666666666665,0.104,48.0,0.0,0.0,0.2000008947368421,47.948,2.1690164344706764,47.9353,2.1690164344706764,-0.104,-0.104,0.0,0.104,0.0,0.0,-0.052,0.0,0.0
2010-07-09 07:00:00,house_2,3,48.0,0.0,0.0,48.0,18.125,0.87,48.0,0.0,0.0,0.2,47.565,18.290760012614317,47.9353,18.290760012614317,-0.87,-0.87,0.0,0.87,0.0,0.0,-0.435,0.0,0.0
2010-07-09 07:30:00,house_0,1,48.0,0.19841269841269846,0.009523809523809525,48.0,31.708333333333332,1.522,48.0,0.0,0.0,0.20000060526315788,47.243761904761904,32.21589345632933,47.86727619047619,32.01430473562144,-1.5124761904761905,-1.5124761904761905,0.0,1.5124761904761905,0.0,0.0,-0.7562380952380953,0.0,0.0
2010-07-09 07:30:00,house_1,2,48.0,0.0,0.0,48.0,5.25,0.252,48.0,0.0,0.0,0.2000008947368421,47.874,5.263817520992605,47.86727619047619,5.263817520992605,-0.252,-0.252,0.0,0.252,0.0,0.0,-0.126,0.0,0.0
2010-07-09 07:30:00,house_2,3,48.0,0.0,0.0,48.0,18.541666666666668,0.89,48.0,0.0,0.0,0.2,47.555,18.715171906213858,47.86727619047619,18.715171906213858,-0.89,-0.89,0.0,0.89,0.0,0.0,-0.445,0.0,0.0
2010-07-09 08:00:00,house_0,1,48.0,1.4550264550264551,0.06984126984126984,48.0,70.875,3.402,48.0,0.0,0.0,0.20000060526315788,46.33392063492064,73.42352974628275,47.78510317460317,71.9161833166212,-3.33215873015873,-3.33215873015873,0.0,3.33215873015873,0.0,0.0,-1.666079365079365,0.0,0.0
2010-07-09 08:00:00,house_1,2,48.0,0.46296296296296285,0.02222222222222222,48.0,2.25,0.108,48.0,0.0,0.0,0.2000008947368421,47.95711111111111,2.2520122146176913,47.78510317460317,1.788635215725162,-0.08577777777777779,-0.08577777777777779,0.0,0.08577777777777779,0.0,0.0,-0.04288888888888889,0.0,0.0
2010-07-09 08:00:00,house_2,3,48.0,0.0,0.0,48.0,18.333333333333332,0.88,48.0,0.0,0.0,0.2,47.56,18.502943650126156,47.78510317460317,18.502943650126156,-0.88,-0.88,0.0,0.88,0.0,0.0,-0.44,0.0,0.0
2010-07-09 08:30:00,house_0,1,48.0,2.6785714285714284,0.12857142857142856,48.0,39.375,1.89,48.0,0.0,0.0,0.20000060526315788,47.119285714285716,40.11096457319569,47.72114708994709,37.38232752740006,-1.7614285714285713,-1.7614285714285713,0.0,1.7614285714285713,0.0,0.0,-0.8807142857142857,0.0,0.0
2010-07-09 08:30:00,house_1,2,48.0,1.4660493827160492,0.07037037037037036,48.0,66.12500000000001,3.1740000000000004,48.0,0.0,0.0,0.2000008947368421,46.44818518518518,68.33420912669715,47.72114708994709,66.81917963545202,-3.10362962962963,-3.10362962962963,0.0,3.10362962962963,0.0,0.0,-1.551814814814815,0.0,0.0
2010-07-09 08:30:00,house_2,3,48.0,3.1250000000000004,0.15000000000000002,48.0,17.958333333333332,0.862,48.0,0.0,0.0,0.2,47.644,18.092519519771642,47.72114708994709,14.944169255310218,-0.712,-0.712,0.0,0.712,0.0,0.0,-0.356,0.0,0.0
2010-07-09 09:00:00,house_0,1,48.0,6.415343915343915,0.30793650793650795,48.0,41.458333333333336,1.99,48.0,0.0,0.0,0.20000060526315788,47.158968253968254,42.19770011258778,47.84703386243386,35.66794512986303,-1.682063492063492,-1.682063492063492,0.0,1.682063492063492,0.0,0.0,-0.841031746031746,0.0,0.0
2010-07-09 09:00:00,house_1,2,48.0,2.9320987654320985,0.14074074074074072,48.0,20.666666666666668,0.992,48.0,0.0,0.0,0.2000008947368421,47.57437037037037,20.8515634001501,47.84703386243386,17.893232272589973,-0.8512592592592593,-0.8512592592592593,0.0,0.8512592592592593,0.0,0.0,-0.42562962962962964,0.0,0.0
2010-07-09 09:00:00,house_2,3,48.0,6.250000000000001,0.30000000000000004,48.0,17.208333333333332,0.826,48.0,0.0,0.0,0.2,47.737,17.30314012191801,47.84703386243386,11.018706663594275,-0.5259999999999999,-0.5259999999999999,0.0,0.5259999999999999,0.0,0.0,-0.26299999999999996,0.0,0.0
2010-07-09 09:30:00,house_0,1,48.0,13.029100529100532,0.6253968253968255,48.0,22.833333333333332,1.096,48.0,0.0,0.0,0.20000060526315788,47.764698412698415,22.945816396249338,47.96697113756614,9.852531058336234,-0.4706031746031746,-0.4706031746031746,0.0,0.4706031746031746,0.0,0.0,-0.2353015873015873,0.0,0.0
2010-07-09 09:30:00,house_1,2,48.0,19.290123456790123,0.9259259259259258,48.0,12.833333333333334,0.616,48.0,-6.456250000000001,-0.3099,0.2294413947368421,48.00001296296296,19.290118247267447,47.96697113756614,0.0005401233109212446,2.5925925925818216e-05,0.3099259259259258,0.3099259259259258,0.0,0.3099,0.0,1.2962962962909108e-05,0.0,0.0
2010-07-09 09:30:00,house_2,3,48.0,13.25,0.636,48.0,17.208333333333332,0.826,48.0,0.0,0.0,0.2,47.905,17.24245903350381,47.96697113756614,3.9661830706606813,-0.18999999999999995,-0.18999999999999995,0.0,0.18999999999999995,0.0,0.0,-0.09499999999999997,0.0,0.0
2010-07-09 10:00:00,house_0,1,48.0,10.350529100529101,0.49682539682539684,48.0,37.666666666666664,1.808,48.0,0.0,0.0,0.20000060526315788,47.3444126984127,38.18824433449179,47.91293886243386,27.69438944204207,-1.3111746031746032,-1.3111746031746032,0.0,1.3111746031746032,0.0,0.0,-0.6555873015873016,0.0,0.0
2010-07-09 10:00:00,house_1,2,48.0,26.08024691358025,1.251851851851852,48.0,9.583333333333334,0.46,48.0,-16.49791666666667,-0.7919,0.3046718947368421,47.99997592592592,26.081263080880408,47.91293886243386,0.0010030869228418412,-4.814814814801949e-05,0.791851851851852,0.791851851851852,0.0,0.7919,0.0,-2.4074074074009744e-05,0.0,0.0
2010-07-09 10:00:00,house_2,3,48.0,9.374999999999998,0.44999999999999996,48.0,18.333333333333332,0.88,48.0,0.0,0.0,0.2,47.785,18.41582086428796,47.91293886243386,8.998639740504345,-0.43000000000000005,-0.43000000000000005,0.0,0.43000000000000005,0.0,0.0,-0.21500000000000002,0.0,0.0
2010-07-09 10:30:00,house_0,1,48.0,17.559523809523814,0.842857142857143,48.0,6.875,0.33,48.0,-10.685416666666667,-0.5129,0.2487261052631579,47.99997857142857,17.560424506141896,47.980100264550266,0.0008928575414538308,-4.285714285712228e-05,0.5128571428571429,0.5128571428571429,0.0,0.5129,0.0,-2.142857142856114e-05,0.0,0.0
2010-07-09 10:30:00,house_1,2,48.0,19.753086419753085,0.9481481481481482,48.0,12.875,0.618,48.0,-6.877083333333334,-0.3301,0.33603139473684207,48.00002407407408,19.753076512731685,47.980100264550266,0.001003085916662945,4.814814814818602e-05,0.3301481481481482,0.3301481481481482,0.0,0.3301,0.0,2.407407407409301e-05,0.0,0.0
2010-07-09 10:30:00,house_2,3,48.0,9.374999999999998,0.44999999999999996,48.0,17.666666666666668,0.848,48.0,0.0,0.0,0.2,47.801,17.74021463986109,47.980100264550266,8.326185644651785,-0.398,-0.398,0.0,0.398,0.0,0.0,-0.199,0.0,0.0
2010-07-09 11:00:00,house_0,1,48.0,25.82671957671958,1.2396825396825397,48.0,4.291666666666667,0.206,48.0,-21.535416666666666,-1.0337,0.3469276052631579,47.99999126984127,25.82708803072038,47.99999968253968,0.0003637566799158025,-1.7460317460304964e-05,1.0336825396825398,1.0336825396825398,0.0,1.0337,0.0,-8.730158730152482e-06,0.0,0.0
2010-07-09 11:00:00,house_1,2,48.0,16.89814814814815,0.8111111111111111,48.0,10.041666666666666,0.482,48.0,-6.85625,-0.3291,0.3672958947368421,48.00000555555555,16.898146192344193,47.99999968253968,0.00023148145469000645,1.1111111111128391e-05,0.32911111111111113,0.32911111111111113,0.0,0.3291,0.0,5.5555555555641956e-06,0.0,0.0
2010-07-09 11:00:00,house_2,3,48.0,22.624999999999996,1.0859999999999999,48.0,16.833333333333332,0.808,48.0,-5.791666666666667,-0.278,0.22641,48.0,22.625,47.99999968253968,4.625929269271485e-15,-2.220446049250313e-16,0.2779999999999998,0.2779999999999998,0.0,0.278,0.0,-1.1102230246251565e-16,0.0,0.0
2010-07-09 11:30:00,house_0,1,48.0,28.10846560846561,1.3492063492063493,48.0,15.5,0.744,48.0,-12.608333333333333,-0.6052,0.40442160526315785,48.00000317460317,28.108463749440233,47.99999791005291,0.00013227512352962666,6.349206349343106e-06,0.6052063492063493,0.6052063492063493,0.0,0.6052,0.0,3.174603174671553e-06,0.0,0.0
2010-07-09 11:30:00,house_1,2,48.0,32.33024691358025,1.5518518518518518,48.0,6.208333333333333,0.298,48.0,-26.12291666666667,-1.2539,0.48641639473684206,47.99997592592592,32.33126621552704,47.99999791005291,0.001003086922846467,-4.814814814824153e-05,1.2538518518518518,1.2538518518518518,0.0,1.2539,0.0,-2.4074074074120766e-05,0.0,0.0
2010-07-09 11:30:00,house_2,3,48.0,16.375,0.786,48.0,15.291666666666666,0.734,48.0,-1.0833333333333333,-0.052,0.23135,48.0,16.375,47.99999791005291,1.0119220276531375e-15,4.85722573273506e-17,0.052000000000000046,0.052000000000000046,0.0,0.052,0.0,2.42861286636753e-17,0.0,0.0
2010-07-09 12:00:00,house_0,1,48.0,29.133597883597886,1.3984126984126986,48.0,5.625,0.27,48.0,-23.508333333333336,-1.1284,0.5116196052631579,48.00000634920635,29.13359402994788,48.00000044973545,0.0002645502295579202,1.2698412698464168e-05,1.1284126984126985,1.1284126984126985,0.0,1.1284,0.0,6.349206349232084e-06,0.0,0.0
2010-07-09 12:00:00,house_1,2,48.0,20.75617283950617,0.9962962962962962,48.0,22.25,1.068,48.0,1.4937500000000001,0.0717,0.4788690263157895,47.99999814814815,22.250000858410527,48.00000044973545,7.716049680656084e-05,-3.703703703825112e-06,-0.07170370370370382,0.0,0.07170370370370382,0.0,0.0717,-1.851851851912556e-06,0.0,0.0
2010-07-09 12:00:00,house_2,3,48.0,16.375,0.786,48.0,17.041666666666668,0.818,48.0,0.6666666666666666,0.032,0.22798157894736842,48.0,17.041666666666668,48.00000044973545,1.734723475976807e-15,8.326672684688674e-17,-0.03199999999999992,0.0,0.03199999999999992,0.0,0.032,4.163336342344337e-17,0.0,0.0
2010-07-09 12:30:00,house_0,1,48.0,12.202380952380954,0.5857142857142857,48.0,3.5416666666666665,0.17,48.0,-8.660416666666666,-0.4157,0.5511111052631579,48.00000714285714,12.202379136550725,48.00000071428571,0.000297619003329977,1.4285714285688922e-05,0.4157142857142857,0.4157142857142857,0.0,0.4157,0.0,7.142857142844461e-06,0.0,0.0
2010-07-09 12:30:00,house_1,2,48.0,39.583333333333336,1.9,48.0,8.333333333333334,0.4,48.0,-31.25,-1.5,0.6213690263157894,48.0,39.583333333333336,48.00000071428571,0.0,0.0,1.5,1.5,0.0,1.5,0.0,0.0,0.0,0.0
2010-07-09 12:30:00,house_2,3,48.0,14.875,0.714,48.0,14.375,0.69,48.0,-0.5,-0.024,0.23026157894736843,48.0,14.875,48.00000071428571,4.3368086899420177e-16,2.0816681711721685e-17,0.02400000000000002,0.02400000000000002,0.0,0.024,0.0,1.0408340855860843e-17,0.0,0.0
2010-07-09 13:00:00,house_0,1,48.0,2.9100529100529102,0.13968253968253969,48.0,5.458333333333333,0.262,48.0,2.547916666666667,0.1223,0.5382374210526315,47.99999126984127,5.458334326085939,47.99999746031746,0.0003637566799160916,-1.746031746031884e-05,-0.12231746031746032,0.0,0.12231746031746032,0.0,0.1223,-8.73015873015942e-06,0.0,0.0
2010-07-09 13:00:00,house_1,2,48.0,34.72222222222222,1.6666666666666667,48.0,8.333333333333334,0.4,48.0,-26.389583333333334,-1.2667,0.7417055263157892,47.99998333333333,34.72292872323914,47.99999746031746,0.000694444685570995,-3.333333333332966e-05,1.2666666666666666,1.2666666666666666,0.0,1.2667,0.0,-1.666666666666483e-05,0.0,0.0
2010-07-09 13:00:00,house_2,3,48.0,17.250000000000004,0.8280000000000001,48.0,18.083333333333332,0.868,48.0,0.8333333333333334,0.04,0.22605105263157896,48.0,18.083333333333336,47.99999746031746,1.5901631863120731e-15,7.632783294297951e-17,-0.039999999999999925,0.0,0.039999999999999925,0.0,0.04,3.8163916471489756e-17,0.0,0.0
2010-07-09 13:30:00,house_0,1,48.0,5.158730158730159,0.24761904761904763,48.0,4.791666666666667,0.23,48.0,-0.3666666666666667,-0.0176,0.5399094210526315,48.000009523809524,5.15872913517279,48.000002433862434,0.0003968253180901606,1.9047619047616454e-05,0.017619047619047618,0.017619047619047618,0.0,0.0176,0.0,9.523809523808227e-06,0.0,0.0
2010-07-09 13:30:00,house_1,2,48.0,31.86728395061728,1.5296296296296297,48.0,6.708333333333333,0.322,48.0,-25.15833333333333,-1.2076,0.8564275263157892,48.00001481481481,31.867274115038853,48.000002433862434,0.000617283760097023,2.9629629629601695e-05,1.2076296296296296,1.2076296296296296,0.0,1.2076,0.0,1.4814814814800847e-05,0.0,0.0
2010-07-09 13:30:00,house_2,3,48.0,13.25,0.636,48.0,16.666666666666668,0.8,48.0,3.4166666666666665,0.164,0.20878789473684212,48.0,16.666666666666668,48.000002433862434,5.782411586589357e-16,-2.7755575615628914e-17,-0.16400000000000003,0.0,0.16400000000000003,0.0,0.164,-1.3877787807814457e-17,0.0,0.0
2010-07-09 14:00:00,house_0,1,48.0,11.574074074074074,0.5555555555555556,48.0,4.416666666666667,0.212,48.0,-7.158333333333334,-0.3436,0.5725514210526315,47.99997777777778,11.575005358798776,47.999996851851854,0.0009259263545946616,-4.444444444440254e-05,0.3435555555555556,0.3435555555555556,0.0,0.3436,0.0,-2.222222222220127e-05,0.0,0.0
2010-07-09 14:00:00,house_1,2,48.0,18.364197530864192,0.8814814814814813,48.0,9.0,0.432,48.0,-9.364583333333334,-0.4495,0.8991300263157893,47.99999074074074,18.364586875884815,47.999996851851854,0.0003858025435612734,-1.8518518518695348e-05,0.4494814814814813,0.4494814814814813,0.0,0.4495,0.0,-9.259259259347674e-06,0.0,0.0
2010-07-09 14:00:00,house_2,3,48.0,19.5,0.9359999999999999,48.0,12.583333333333334,0.604,48.0,-6.916666666666667,-0.332,0.24032789473684213,48.0,19.5,47.999996851851854,1.1564823173178713e-15,-5.551115123125783e-17,0.33199999999999996,0.33199999999999996,0.0,0.332,0.0,-2.7755575615628914e-17,0.0,0.0
2010-07-09 14:30:00,house_0,1,48.0,29.96031746031746,1.438095238095238,48.0,26.583333333333332,1.276,48.0,-3.377083333333333,-0.1621,0.5879509210526315,47.99999761904762,29.960418152798518,48.022208547685004,9.920635412770142e-05,-4.761904761924063e-06,0.16209523809523807,0.16209523809523807,0.0,0.1621,0.0,-2.3809523809620314e-06,0.0,0.0
2010-07-09 14:30:00,house_1,2,48.0,17.36111111111111,0.8333333333333334,48.0,7.916666666666667,0.38,48.0,-0.19078370267777311,-0.009157617728533109,0.8999999999999999,48.2220878578024,17.281154142281686,48.022208547685004,9.211042809149792,0.44417571560480024,0.45333333333333337,0.45333333333333337,0.0,0.009157617728533109,0.0,0.22208785780240012,0.0,0.0
2010-07-09 14:30:00,house_2,3,48.0,17.999999999999996,0.8639999999999999,48.0,14.041666666666666,0.674,48.0,-3.9583333333333335,-0.19,0.25837789473684214,48.0,18.000000000000004,48.022208547685004,3.469446951953614e-15,-1.6653345369377348e-16,0.18999999999999984,0.18999999999999984,0.0,0.19,0.0,-8.326672684688674e-17,0.0,0.0
2010-07-09 15:00:00,house_0,1,48.0,27.281746031746035,1.3095238095238095,48.0,4.375,0.21,48.0,-22.90625,-1.0995,0.6924034210526315,48.000011904761905,27.28173926544165,48.00000082010582,0.0004960316230106188,2.380952380964807e-05,1.0995238095238096,1.0995238095238096,0.0,1.0995,0.0,1.1904761904824035e-05,0.0,0.0
2010-07-09 15:00:00,house_1,2,48.0,8.179012345679011,0.3925925925925925,48.0,10.0,0.48,48.0,1.8208333333333335,0.0874,0.8908,47.999996296296295,10.000000771604999,48.00000082010582,0.00015432099956339476,-7.40740740748369e-06,-0.08740740740740749,0.0,0.08740740740740749,0.0,0.0874,-3.703703703741845e-06,0.0,0.0
2010-07-09 15:00:00,house_2,3,48.0,12.500000000000002,0.6000000000000001,48.0,14.875,0.714,48.0,2.375,0.114,0.24637789473684213,48.0,14.875000000000002,48.00000082010582,2.6020852139652106e-15,1.249000902703301e-16,-0.11399999999999988,0.0,0.11399999999999988,0.0,0.114,6.245004513516506e-17,0.0,0.0
2010-07-09 15:30:00,house_0,1,48.0,4.133597883597884,0.19841269841269843,48.0,9.625,0.462,48.0,5.491666666666667,0.2636,0.664656052631579,48.00000634920635,9.625263277081578,48.00000193121693,0.00026455022955676374,1.2698412698408656e-05,-0.2635873015873016,0.0,0.2635873015873016,0.0,0.2636,6.349206349204328e-06,0.0,0.0
2010-07-09 15:30:00,house_1,2,48.0,6.790123456790123,0.3259259259259259,48.0,10.541666666666666,0.506,48.0,3.7520833333333337,0.1801,0.871842105263158,48.00001296296296,10.542203943077638,48.00000193121693,0.0005401233109229793,2.5925925925901483e-05,-0.1800740740740741,0.0,0.1800740740740741,0.0,0.1801,1.2962962962950741e-05,0.0,0.0
2010-07-09 15:30:00,house_2,3,48.0,11.75,0.5640000000000001,48.0,15.25,0.732,48.0,3.5,0.168,0.22869368421052633,48.0,15.250000000000002,48.00000193121693,1.734723475976807e-15,8.326672684688674e-17,-0.16799999999999993,0.0,0.16799999999999993,0.0,0.168,4.163336342344337e-17,0.0,0.0
2010-07-09 16:00:00,house_0,1,48.0,2.9100529100529102,0.13968253968253969,48.0,73.08333333333333,3.508,48.0,41.666666666666664,2.0,0.45412973684210534,47.31584126984127,74.14007456813349,47.921613626984126,28.918802320642975,-1.3683174603174604,-3.3683174603174604,0.0,3.3683174603174604,0.0,2.0,-0.6841587301587302,0.0,0.0
2010-07-09 16:00:00,house_1,2,48.0,6.25,0.3,48.0,6.0,0.288,48.0,-0.25,-0.012,0.8729821052631581,48.0,6.25,47.921613626984126,2.1684043449710089e-16,1.0408340855860843e-17,0.01200000000000001,0.01200000000000001,0.0,0.012,0.0,5.204170427930421e-18,0.0,0.0
2010-07-09 16:00:00,house_2,3,48.0,3.875,0.186,48.0,13.708333333333334,0.658,48.0,5.678958333333333,0.27259,0.2,47.900295,13.736867382549523,47.921613626984126,4.1630223780458975,-0.19941000000000003,-0.47200000000000003,0.0,0.47200000000000003,0.0,0.27259,-0.09970500000000002,0.0,0.0
2010-07-09 16:30:00,house_0,1,48.0,2.0833333333333335,0.1,48.0,70.125,3.366,48.0,41.666666666666664,2.0,0.24360342105263166,47.367,71.06213186395593,47.906198518518515,26.72746849072139,-1.266,-3.266,0.0,3.266,0.0,2.0,-0.633,0.0,0.0
2010-07-09 16:30:00,house_1,2,48.0,1.4660493827160492,0.07037037037037036,48.0,9.625,0.462,48.0,8.158333333333333,0.3916,0.8317610526315793,47.99998518518519,9.625002970679928,47.906198518518515,0.000617284141137655,-2.9629629629657206e-05,-0.39162962962962966,0.0,0.39162962962962966,0.0,0.3916,-1.4814814814828603e-05,0.0,0.0
2010-07-09 16:30:00,house_2,3,48.0,2.3749999999999996,0.11399999999999999,48.0,15.083333333333334,0.724,48.0,0.0,0.0,0.2,47.695,15.179788237760771,47.906198518518515,12.789600587063633,-0.61,-0.61,0.0,0.61,0.0,0.0,-0.305,0.0,0.0
2010-07-09 17:00:00,house_0,1,48.0,0.42989417989417994,0.020634920634920634,48.0,70.16666666666667,3.368,48.0,8.629166666666666,0.4142,0.20000342105263166,46.53341746031746,72.37809264432698,47.81624174603174,63.03351955326319,-2.933165079365079,-3.3473650793650793,0.0,3.3473650793650793,0.0,0.4142,-1.4665825396825396,0.0,0.0
2010-07-09 17:00:00,house_1,2,48.0,0.0,0.0,48.0,6.541666666666667,0.314,48.0,6.541666666666667,0.314,0.7987084210526318,48.0,6.541666666666667,47.81624174603174,0.0,0.0,-0.314,0.0,0.314,0.0,0.314,0.0,0.0,0.0
2010-07-09 17:00:00,house_2,3,48.0,0.0,0.0,48.0,15.458333333333334,0.742,48.0,0.0,0.0,0.2,47.629,15.578744042495119,47.81624174603174,15.578744042495119,-0.742,-0.742,0.0,0.742,0.0,0.0,-0.371,0.0,0.0
2010-07-09 17:30:00,house_0,1,48.0,0.0,0.0,48.0,41.666666666666664,2.0,48.0,0.0,0.0,0.20000342105263166,47.0,42.5531914893617,47.8625,42.5531914893617,-2.0,-2.0,0.0,2.0,0.0,0.0,-1.0,0.0,0.0
2010-07-09 17:30:00,house_1,2,48.0,0.0,0.0,48.0,14.083333333333334,0.676,48.0,14.083333333333334,0.676,0.7275505263157898,48.0,14.083333333333334,47.8625,0.0,0.0,-0.676,0.0,0.676,0.0,0.676,0.0,0.0,0.0
2010-07-09 17:30:00,house_2,3,48.0,0.0,0.0,48.0,15.625,0.75,48.0,0.0,0.0,0.2,47.625,15.748031496062993,47.8625,15.748031496062993,-0.75,-0.75,0.0,0.75,0.0,0.0,-0.375,0.0,0.0
2010-07-09 18:00:00,house_0,1,48.0,0.0,0.0,48.0,37.875,1.818,48.0,0.0,0.0,0.20000342105263166,47.091,38.60610307702109,47.8596,38.60610307702109,-1.818,-1.818,0.0,1.818,0.0,0.0,-0.909,0.0,0.0
2010-07-09 18:00:00,house_1,2,48.0,0.0,0.0,48.0,45.5,2.184,48.0,41.666666666666664,2.0,0.5170242105263161,47.908,45.58737580362361,47.8596,3.840694664774154,-0.18400000000000016,-2.184,0.0,2.184,0.0,2.0,-0.09200000000000008,0.0,0.0
2010-07-09 18:00:00,house_2,3,48.0,0.0,0.0,48.0,16.791666666666668,0.806,48.0,0.0,0.0,0.2,47.597,16.933840368090426,47.8596,16.933840368090426,-0.806,-0.806,0.0,0.806,0.0,0.0,-0.403,0.0,0.0
2010-07-09 18:30:00,house_0,1,48.0,0.0,0.0,48.0,22.833333333333332,1.096,48.0,0.0,0.0,0.20000342105263166,47.452,23.09702436146,47.9021,23.09702436146,-1.096,-1.096,0.0,1.096,0.0,0.0,-0.548,0.0,0.0
2010-07-09 18:30:00,house_1,2,48.0,0.0,0.0,48.0,33.375,1.602,48.0,33.375,1.602,0.3483926315789476,48.0,33.375,47.9021,0.0,0.0,-1.602,0.0,1.602,0.0,1.602,0.0,0.0,0.0
2010-07-09 18:30:00,house_2,3,48.0,0.0,0.0,48.0,17.958333333333332,0.862,48.0,0.0,0.0,0.2,47.569,18.121045218524667,47.9021,18.121045218524667,-0.862,-0.862,0.0,0.862,0.0,0.0,-0.431,0.0,0.0
2010-07-09 19:00:00,house_0,1,48.0,0.0,0.0,48.0,16.125,0.774,48.0,0.0,0.0,0.20000342105263166,47.613,16.256064520194066,47.853085,16.256064520194066,-0.774,-0.774,0.0,0.774,0.0,0.0,-0.387,0.0,0.0
2010-07-09 19:00:00,house_1,2,48.0,0.0,0.0,48.0,56.416666666666664,2.708,48.0,29.368750000000002,1.4097,0.2000031578947371,47.35085,57.19010323996296,47.853085,27.41872637977988,-1.2983000000000002,-2.708,0.0,2.708,0.0,1.4097,-0.6491500000000001,0.0,0.0
2010-07-09 19:00:00,house_2,3,48.0,0.0,0.0,48.0,18.041666666666668,0.866,48.0,0.0,0.0,0.2,47.567,18.20589904765909,47.853085,18.20589904765909,-0.866,-0.866,0.0,0.866,0.0,0.0,-0.433,0.0,0.0
2010-07-09 19:30:00,house_0,1,48.0,0.0,0.0,48.0,22.416666666666668,1.076,48.0,0.0,0.0,0.20000342105263166,47.462,22.67076819350217,47.8306,22.67076819350217,-1.076,-1.076,0.0,1.076,0.0,0.0,-0.538,0.0,0.0
2010-07-09 19:30:00,house_1,2,48.0,0.0,0.0,48.0,30.333333333333332,1.456,48.0,0.0,0.0,0.2000031578947371,47.272,30.8004738534439,47.8306,30.8004738534439,-1.456,-1.456,0.0,1.456,0.0,0.0,-0.728,0.0,0.0
2010-07-09 19:30:00,house_2,3,48.0,0.0,0.0,48.0,17.833333333333332,0.856,48.0,0.0,0.0,0.2,47.572,17.99377785251829,47.8306,17.99377785251829,-0.856,-0.856,0.0,0.856,0.0,0.0,-0.428,0.0,0.0
2010-07-09 20:00:00,house_0,1,48.0,0.0,0.0,48.0,10.166666666666666,0.488,48.0,0.0,0.0,0.20000342105263166,47.756,10.218611273976045,47.881,10.218611273976045,-0.488,-0.488,0.0,0.488,0.0,0.0,-0.244,0.0,0.0
2010-07-09 20:00:00,house_1,2,48.0,0.0,0.0,48.0,20.625,0.99,48.0,0.0,0.0,0.2000031578947371,47.505,20.839911588253866,47.881,20.839911588253866,-0.99,-0.99,0.0,0.99,0.0,0.0,-0.495,0.0,0.0
2010-07-09 20:00:00,house_2,3,48.0,0.0,0.0,48.0,18.791666666666668,0.902,48.0,0.0,0.0,0.2,47.549,18.96990472985762,47.881,18.96990472985762,-0.902,-0.902,0.0,0.902,0.0,0.0,-0.451,0.0,0.0
2010-07-09 20:30:00,house_0,1,48.0,0.0,0.0,48.0,12.041666666666666,0.578,48.0,0.0,0.0,0.20000342105263166,47.711,12.114606694472974,47.7044,12.114606694472974,-0.578,-0.578,0.0,0.578,0.0,0.0,-0.289,0.0,0.0
2010-07-09 20:30:00,house_1,2,48.0,0.0,0.0,48.0,92.75,4.452,48.0,0.0,0.0,0.2000031578947371,45.774,97.26045353257308,47.7044,97.26045353257308,-4.452,-4.452,0.0,4.452,0.0,0.0,-2.226,0.0,0.0
2010-07-09 20:30:00,house_2,3,48.0,0.0,0.0,48.0,18.375,0.882,48.0,0.0,0.0,0.2,47.559,18.545385731407304,47.7044,18.545385731407304,-0.882,-0.882,0.0,0.882,0.0,0.0,-0.441,0.0,0.0
2010-07-09 21:00:00,house_0,1,48.0,0.0,0.0,48.0,9.75,0.468,48.0,0.0,0.0,0.20000342105263166,47.766,9.79776409998744,47.9001,9.79776409998744,-0.468,-0.468,0.0,0.468,0.0,0.0,-0.234,0.0,0.0
2010-07-09 21:00:00,house_1,2,48.0,0.0,0.0,48.0,13.375,0.642,48.0,0.0,0.0,0.2000031578947371,47.679,13.465047505190965,47.9001,13.465047505190965,-0.642,-0.642,0.0,0.642,0.0,0.0,-0.321,0.0,0.0
2010-07-09 21:00:00,house_2,3,48.0,0.0,0.0,48.0,18.5,0.888,48.0,0.0,0.0,0.2,47.556,18.67272268483472,47.9001,18.67272268483472,-0.888,-0.888,0.0,0.888,0.0,0.0,-0.444,0.0,0.0
2010-07-09 21:30:00,house_0,1,48.0,0.0,0.0,48.0,12.083333333333334,0.58,48.0,0.0,0.0,0.20000342105263166,47.71,12.15678054915112,47.888,12.15678054915112,-0.58,-0.58,0.0,0.58,0.0,0.0,-0.29,0.0,0.0
2010-07-09 21:30:00,house_1,2,48.0,0.0,0.0,48.0,10.666666666666666,0.512,48.0,0.0,0.0,0.2000031578947371,47.744,10.723860589812332,47.888,10.723860589812332,-0.512,-0.512,0.0,0.512,0.0,0.0,-0.256,0.0,0.0
2010-07-09 21:30:00,house_2,3,48.0,0.0,0.0,48.0,23.916666666666668,1.148,48.0,0.0,0.0,0.2,47.426,24.206131657740478,47.888,24.206131657740478,-1.148,-1.148,0.0,1.148,0.0,0.0,-0.574,0.0,0.0
2010-07-09 22:00:00,house_0,1,48.0,0.0,0.0,48.0,21.541666666666668,1.034,48.0,0.0,0.0,0.20000342105263166,47.483,21.776214645241456,47.8609,21.776214645241456,-1.034,-1.034,0.0,1.034,0.0,0.0,-0.517,0.0,0.0
2010-07-09 22:00:00,house_1,2,48.0,0.0,0.0,48.0,14.458333333333334,0.694,48.0,0.0,0.0,0.2000031578947371,47.653,14.563616141690975,47.8609,14.563616141690975,-0.694,-0.694,0.0,0.694,0.0,0.0,-0.347,0.0,0.0
2010-07-09 22:00:00,house_2,3,48.0,0.0,0.0,48.0,21.958333333333332,1.054,48.0,0.0,0.0,0.2,47.473,22.202093821751312,47.8609,22.202093821751312,-1.054,-1.054,0.0,1.054,0.0,0.0,-0.527,0.0,0.0
2010-07-09 22:30:00,house_0,1,48.0,0.0,0.0,48.0,27.208333333333332,1.306,48.0,0.0,0.0,0.20000342105263166,47.347,27.583585021226266,47.8646,27.583585021226266,-1.306,-1.306,0.0,1.306,0.0,0.0,-0.653,0.0,0.0
2010-07-09 22:30:00,house_1,2,48.0,0.0,0.0,48.0,11.041666666666666,0.53,48.0,0.0,0.0,0.2000031578947371,47.735,11.102964281973396,47.8646,11.102964281973396,-0.53,-0.53,0.0,0.53,0.0,0.0,-0.265,0.0,0.0
2010-07-09 22:30:00,house_2,3,48.0,0.0,0.0,48.0,18.166666666666668,0.872,48.0,0.0,0.0,0.2,47.564,18.33319317130603,47.8646,18.33319317130603,-0.872,-0.872,0.0,0.872,0.0,0.0,-0.436,0.0,0.0
2010-07-09 23:00:00,house_0,1,48.0,0.0,0.0,48.0,5.625,0.27,48.0,0.0,0.0,0.20000342105263166,47.865,5.640864932623002,47.8611,5.640864932623002,-0.27,-0.27,0.0,0.27,0.0,0.0,-0.135,0.0,0.0
2010-07-09 23:00:00,house_1,2,48.0,0.0,0.0,48.0,12.375,0.594,48.0,0.0,0.0,0.2000031578947371,47.703,12.4520470410666,47.8611,12.4520470410666,-0.594,-0.594,0.0,0.594,0.0,0.0,-0.297,0.0,0.0
2010-07-09 23:00:00,house_2,3,48.0,0.0,0.0,48.0,39.875,1.914,48.0,0.0,0.0,0.2,47.043,40.68618072826988,47.8611,40.68618072826988,-1.914,-1.914,0.0,1.914,0.0,0.0,-0.957,0.0,0.0
2010-07-09 23:30:00,house_0,1,48.0,0.0,0.0,48.0,35.625,1.71,48.0,0.0,0.0,0.20000342105263166,47.145,36.27107858733694,47.8486,36.27107858733694,-1.71,-1.71,0.0,1.71,0.0,0.0,-0.855,0.0,0.0
2010-07-09 23:30:00,house_1,2,48.0,0.0,0.0,48.0,9.625,0.462,48.0,0.0,0.0,0.2000031578947371,47.769,9.671544306977328,47.8486,9.671544306977328,-0.462,-0.462,0.0,0.462,0.0,0.0,-0.231,0.0,0.0
2010-07-09 23:30:00,house_2,3,48.0,0.0,0.0,48.0,17.833333333333332,0.856,48.0,0.0,0.0,0.2,47.572,17.99377785251829,47.8486,17.99377785251829,-0.856,-0.856,0.0,0.856,0.0,0.0,-0.428,0.0,0.0
2010-07-10 00:00:00,house_0,1,48.0,0.0,0.0,48.0,89.08333333333333,4.276,48.0,0.0,0.0,0.20000342105263166,45.862,93.2362304304217,47.7196,93.2362304304217,-4.276,-4.276,0.0,4.276,0.0,0.0,-2.138,0.0,0.0
2010-07-10 00:00:00,house_1,2,48.0,0.0,0.0,48.0,11.208333333333334,0.538,48.0,0.0,0.0,0.2000031578947371,47.731,11.27150070184995,47.7196,11.27150070184995,-0.538,-0.538,0.0,0.538,0.0,0.0,-0.269,0.0,0.0
2010-07-10 00:00:00,house_2,3,48.0,0.0,0.0,48.0,16.541666666666668,0.794,48.0,0.0,0.0,0.2,47.603,16.67962103228788,47.7196,16.67962103228788,-0.794,-0.794,0.0,0.794,0.0,0.0,-0.397,0.0,0.0
2010-07-10 00:30:00,house_0,1,48.0,0.0,0.0,48.0,90.16666666666667,4.328,48.0,0.0,0.0,0.20000342105263166,45.836,94.42359717252815,47.5249,94.42359717252815,-4.328,-4.328,0.0,4.328,0.0,0.0,-2.164,0.0,0.0
2010-07-10 00:30:00,house_1,2,48.0,0.0,0.0,48.0,5.208333333333333,0.25,48.0,0.0,0.0,0.2000031578947371,47.875,5.221932114882507,47.5249,5.221932114882507,-0.25,-0.25,0.0,0.25,0.0,0.0,-0.125,0.0,0.0
2010-07-10 00:30:00,house_2,3,48.0,0.0,0.0,48.0,102.58333333333333,4.924,48.0,0.0,0.0,0.2,45.538,108.12947428521235,47.5249,108.12947428521235,-4.924,-4.924,0.0,4.924,0.0,0.0,-2.462,0.0,0.0
2010-07-10 01:00:00,house_0,1,48.0,0.0,0.0,48.0,79.95833333333333,3.838,48.0,0.0,0.0,0.20000342105263166,46.081,83.2881230876066,47.5439,83.2881230876066,-3.838,-3.838,0.0,3.838,0.0,0.0,-1.919,0.0,0.0
2010-07-10 01:00:00,house_1,2,48.0,0.0,0.0,48.0,7.0,0.336,48.0,0.0,0.0,0.2000031578947371,47.832,7.024586051179127,47.5439,7.024586051179127,-0.336,-0.336,0.0,0.336,0.0,0.0,-0.168,0.0,0.0
2010-07-10 01:00:00,house_2,3,48.0,0.0,0.0,48.0,103.08333333333331,4.9479999999999995,48.0,0.0,0.0,0.2,45.526,108.68514694899615,47.5439,108.68514694899615,-4.9479999999999995,-4.9479999999999995,0.0,4.9479999999999995,0.0,0.0,-2.4739999999999998,0.0,0.0
2010-07-10 01:30:00,house_0,1,48.0,0.0,0.0,48.0,79.95833333333333,3.838,48.0,0.0,0.0,0.20000342105263166,46.081,83.2881230876066,47.71061111111111,83.2881230876066,-3.838,-3.838,0.0,3.838,0.0,0.0,-1.919,0.0,0.0
2010-07-10 01:30:00,house_1,2,48.0,0.46296296296296285,0.02222222222222222,48.0,6.916666666666667,0.332,48.0,0.0,0.0,0.2000031578947371,47.84511111111111,6.939057978755522,47.71061111111111,6.47459626665676,-0.3097777777777778,-0.3097777777777778,0.0,0.3097777777777778,0.0,0.0,-0.1548888888888889,0.0,0.0
2010-07-10 01:30:00,house_2,3,48.0,0.0,0.0,48.0,34.16666666666667,1.6400000000000001,48.0,0.0,0.0,0.2,47.18,34.76049173378551,47.71061111111111,34.76049173378551,-1.6400000000000001,-1.6400000000000001,0.0,1.6400000000000001,0.0,0.0,-0.8200000000000001,0.0,0.0
2010-07-10 02:00:00,house_0,1,48.0,0.0,0.0,48.0,72.125,3.462,48.0,0.0,0.0,0.20000342105263166,46.269,74.82331582701161,47.7754,74.82331582701161,-3.462,-3.462,0.0,3.462,0.0,0.0,-1.731,0.0,0.0
2010-07-10 02:00:00,house_1,2,48.0,0.0,0.0,48.0,2.8333333333333335,0.136,48.0,0.0,0.0,0.2000031578947371,47.932,2.837352916631895,47.7754,2.837352916631895,-0.136,-0.136,0.0,0.136,0.0,0.0,-0.068,0.0,0.0
2010-07-10 02:00:00,house_2,3,48.0,0.0,0.0,48.0,18.625,0.894,48.0,0.0,0.0,0.2,47.553,18.80007570500284,47.7754,18.80007570500284,-0.894,-0.894,0.0,0.894,0.0,0.0,-0.447,0.0,0.0
2010-07-10 02:30:00,house_0,1,48.0,0.0,0.0,48.0,28.708333333333332,1.378,48.0,0.0,0.0,0.20000342105263166,47.311,29.12641880323815,47.873,29.12641880323815,-1.378,-1.378,0.0,1.378,0.0,0.0,-0.689,0.0,0.0
2010-07-10 02:30:00,house_1,2,48.0,0.0,0.0,48.0,5.75,0.276,48.0,0.0,0.0,0.2000031578947371,47.862,5.766578914378839,47.873,5.766578914378839,-0.276,-0.276,0.0,0.276,0.0,0.0,-0.138,0.0,0.0
2010-07-10 02:30:00,house_2,3,48.0,0.0,0.0,48.0,18.458333333333332,0.886,48.0,0.0,0.0,0.2,47.557,18.63027524864899,47.873,18.63027524864899,-0.886,-0.886,0.0,0.886,0.0,0.0,-0.443,0.0,0.0
2010-07-10 03:00:00,house_0,1,48.0,0.0,0.0,48.0,57.5,2.76,48.0,0.0,0.0,0.20000342105263166,46.62,59.2020592020592,47.8098,59.2020592020592,-2.76,-2.76,0.0,2.76,0.0,0.0,-1.38,0.0,0.0
2010-07-10 03:00:00,house_1,2,48.0,0.0,0.0,48.0,2.0833333333333335,0.1,48.0,0.0,0.0,0.2000031578947371,47.95,2.0855057351407713,47.8098,2.0855057351407713,-0.1,-0.1,0.0,0.1,0.0,0.0,-0.05,0.0,0.0
2010-07-10 03:00:00,house_2,3,48.0,0.0,0.0,48.0,19.666666666666668,0.944,48.0,0.0,0.0,0.2,47.528,19.86197609829995,47.8098,19.86197609829995,-0.944,-0.944,0.0,0.944,0.0,0.0,-0.472,0.0,0.0
2010-07-10 03:30:00,house_0,1,48.0,0.0,0.0,48.0,46.666666666666664,2.24,48.0,0.0,0.0,0.20000342105263166,46.88,47.781569965870304,47.8318,47.781569965870304,-2.24,-2.24,0.0,2.24,0.0,0.0,-1.12,0.0,0.0
2010-07-10 03:30:00,house_1,2,48.0,0.0,0.0,48.0,5.416666666666667,0.26,48.0,0.0,0.0,0.2000031578947371,47.87,5.431376645080427,47.8318,5.431376645080427,-0.26,-0.26,0.0,0.26,0.0,0.0,-0.13,0.0,0.0
2010-07-10 03:30:00,house_2,3,48.0,0.0,0.0,48.0,18.0,0.864,48.0,0.0,0.0,0.2,47.568,18.163471241170537,47.8318,18.163471241170537,-0.864,-0.864,0.0,0.864,0.0,0.0,-0.432,0.0,0.0
2010-07-10 04:00:00,house_0,1,48.0,0.0,0.0,48.0,5.25,0.252,48.0,0.0,0.0,0.20000342105263166,47.874,5.263817520992605,47.8877,5.263817520992605,-0.252,-0.252,0.0,0.252,0.0,0.0,-0.126,0.0,0.0
2010-07-10 04:00:00,house_1,2,48.0,0.0,0.0,48.0,2.9166666666666665,0.14,48.0,0.0,0.0,0.2000031578947371,47.93,2.920926350928437,47.8877,2.920926350928437,-0.14,-0.14,0.0,0.14,0.0,0.0,-0.07,0.0,0.0
2010-07-10 04:00:00,house_2,3,48.0,0.0,0.0,48.0,38.625,1.854,48.0,0.0,0.0,0.2,47.073,39.38563507743292,47.8877,39.38563507743292,-1.854,-1.854,0.0,1.854,0.0,0.0,-0.927,0.0,0.0
2010-07-10 04:30:00,house_0,1,48.0,0.0,0.0,48.0,3.4166666666666665,0.164,48.0,0.0,0.0,0.20000342105263166,47.918,3.4225134604950123,47.8943,3.4225134604950123,-0.164,-0.164,0.0,0.164,0.0,0.0,-0.082,0.0,0.0
2010-07-10 04:30:00,house_1,2,48.0,0.0,0.0,48.0,3.25,0.156,48.0,0.0,0.0,0.2000031578947371,47.922,3.2552898459997497,47.8943,3.2552898459997497,-0.156,-0.156,0.0,0.156,0.0,0.0,-0.078,0.0,0.0
2010-07-10 04:30:00,house_2,3,48.0,0.0,0.0,48.0,37.375,1.794,48.0,0.0,0.0,0.2,47.103,38.08674606712948,47.8943,38.08674606712948,-1.794,-1.794,0.0,1.794,0.0,0.0,-0.897,0.0,0.0
2010-07-10 05:00:00,house_0,1,48.0,0.0,0.0,48.0,10.708333333333334,0.514,48.0,0.0,0.0,0.20000342105263166,47.743,10.765976164044991,47.9209,10.765976164044991,-0.514,-0.514,0.0,0.514,0.0,0.0,-0.257,0.0,0.0
2010-07-10 05:00:00,house_1,2,48.0,0.0,0.0,48.0,4.791666666666667,0.23,48.0,0.0,0.0,0.2000031578947371,47.885,4.803174271692597,47.9209,4.803174271692597,-0.23,-0.23,0.0,0.23,0.0,0.0,-0.115,0.0,0.0
2010-07-10 05:00:00,house_2,3,48.0,0.0,0.0,48.0,17.458333333333332,0.838,48.0,0.0,0.0,0.2,47.581,17.612072045564403,47.9209,17.612072045564403,-0.838,-0.838,0.0,0.838,0.0,0.0,-0.419,0.0,0.0
2010-07-10 05:30:00,house_0,1,48.0,0.0,0.0,48.0,58.333333333333336,2.8,48.0,0.0,0.0,0.20000342105263166,46.6,60.08583690987124,47.8103,60.08583690987124,-2.8,-2.8,0.0,2.8,0.0,0.0,-1.4,0.0,0.0
2010-07-10 05:30:00,house_1,2,48.0,0.0,0.0,48.0,2.25,0.108,48.0,0.0,0.0,0.2000031578947371,47.946,2.2525341008634716,47.8103,2.2525341008634716,-0.108,-0.108,0.0,0.108,0.0,0.0,-0.054,0.0,0.0
2010-07-10 05:30:00,house_2,3,48.0,0.0,0.0,48.0,18.458333333333332,0.886,48.0,0.0,0.0,0.2,47.557,18.63027524864899,47.8103,18.63027524864899,-0.886,-0.886,0.0,0.886,0.0,0.0,-0.443,0.0,0.0
2010-07-10 06:00:00,house_0,1,48.0,0.0,0.0,48.0,4.708333333333333,0.226,48.0,0.0,0.0,0.20000342105263166,47.887,4.7194436903543755,47.9368,4.7194436903543755,-0.226,-0.226,0.0,0.226,0.0,0.0,-0.113,0.0,0.0
2010-07-10 06:00:00,house_1,2,48.0,0.0,0.0,48.0,3.7083333333333335,0.178,48.0,0.0,0.0,0.2000031578947371,47.911,3.7152219740769343,47.9368,3.7152219740769343,-0.178,-0.178,0.0,0.178,0.0,0.0,-0.089,0.0,0.0
2010-07-10 06:00:00,house_2,3,48.0,0.0,0.0,48.0,17.916666666666668,0.86,48.0,0.0,0.0,0.2,47.57,18.078620979608996,47.9368,18.078620979608996,-0.86,-0.86,0.0,0.86,0.0,0.0,-0.43,0.0,0.0
2010-07-10 06:30:00,house_0,1,48.0,0.0,0.0,48.0,5.083333333333333,0.244,48.0,0.0,0.0,0.20000342105263166,47.878,5.09628639458624,47.9323,5.09628639458624,-0.244,-0.244,0.0,0.244,0.0,0.0,-0.122,0.0,0.0
2010-07-10 06:30:00,house_1,2,48.0,0.0,0.0,48.0,4.5,0.216,48.0,0.0,0.0,0.2000031578947371,47.892,4.510147832623402,47.9323,4.510147832623402,-0.216,-0.216,0.0,0.216,0.0,0.0,-0.108,0.0,0.0
2010-07-10 06:30:00,house_2,3,48.0,0.0,0.0,48.0,18.625,0.894,48.0,0.0,0.0,0.2,47.553,18.80007570500284,47.9323,18.80007570500284,-0.894,-0.894,0.0,0.894,0.0,0.0,-0.447,0.0,0.0
2010-07-10 07:00:00,house_0,1,48.0,0.0,0.0,48.0,3.5,0.168,48.0,0.0,0.0,0.20000342105263166,47.916,3.5061357375406965,47.943,3.5061357375406965,-0.168,-0.168,0.0,0.168,0.0,0.0,-0.084,0.0,0.0
2010-07-10 07:00:00,house_1,2,48.0,0.0,0.0,48.0,1.8333333333333333,0.088,48.0,0.0,0.0,0.2000031578947371,47.956,1.8350154308115771,47.943,1.8350154308115771,-0.088,-0.088,0.0,0.088,0.0,0.0,-0.044,0.0,0.0
2010-07-10 07:00:00,house_2,3,48.0,0.0,0.0,48.0,18.416666666666668,0.884,48.0,0.0,0.0,0.2,47.558,18.58782959754405,47.943,18.58782959754405,-0.884,-0.884,0.0,0.884,0.0,0.0,-0.442,0.0,0.0
2010-07-10 07:30:00,house_0,1,48.0,0.19841269841269846,0.009523809523809525,48.0,33.333333333333336,1.6,48.0,0.0,0.0,0.20000342105263166,47.2047619047619,33.89488550388379,47.64857619047619,33.69313023302734,-1.5904761904761906,-1.5904761904761906,0.0,1.5904761904761906,0.0,0.0,-0.7952380952380953,0.0,0.0
2010-07-10 07:30:00,house_1,2,48.0,0.0,0.0,48.0,95.70833333333333,4.594,48.0,0.0,0.0,0.2000031578947371,45.703,100.51856552086295,47.64857619047619,100.51856552086295,-4.594,-4.594,0.0,4.594,0.0,0.0,-2.297,0.0,0.0
2010-07-10 07:30:00,house_2,3,48.0,1.625,0.078,48.0,19.208333333333332,0.922,48.0,0.0,0.0,0.2,47.578,19.378704443230063,47.64857619047619,17.73929126907394,-0.8440000000000001,-0.8440000000000001,0.0,0.8440000000000001,0.0,0.0,-0.42200000000000004,0.0,0.0
2010-07-10 08:00:00,house_0,1,48.0,1.0251322751322751,0.04920634920634921,48.0,44.291666666666664,2.126,48.0,0.0,0.0,0.20000342105263166,46.96160317460318,45.271026887551834,47.66147883597883,44.22322728362009,-2.076793650793651,-2.076793650793651,0.0,2.076793650793651,0.0,0.0,-1.0383968253968254,0.0,0.0
2010-07-10 08:00:00,house_1,2,48.0,1.4660493827160492,0.07037037037037036,48.0,90.91666666666667,4.364,48.0,0.0,0.0,0.2000031578947371,45.85318518518518,95.17332290821915,47.66147883597883,93.63863409464669,-4.2936296296296295,-4.2936296296296295,0.0,4.2936296296296295,0.0,0.0,-2.1468148148148147,0.0,0.0
2010-07-10 08:00:00,house_2,3,48.0,11.0,0.528,48.0,19.333333333333332,0.928,48.0,0.0,0.0,0.2,47.8,19.414225941422597,47.66147883597883,8.368200836820083,-0.4,-0.4,0.0,0.4,0.0,0.0,-0.2,0.0,0.0
2010-07-10 08:30:00,house_0,1,48.0,3.505291005291005,0.16825396825396827,48.0,14.541666666666666,0.698,48.0,0.0,0.0,0.20000342105263166,47.735126984126985,14.62235557123585,47.686012698412696,11.097614382008121,-0.5297460317460316,-0.5297460317460316,0.0,0.5297460317460316,0.0,0.0,-0.2648730158730158,0.0,0.0
2010-07-10 08:30:00,house_1,2,48.0,11.111111111111109,0.5333333333333332,48.0,123.37500000000001,5.922000000000001,48.0,0.0,0.0,0.2000031578947371,45.5,121.6117216117216,47.686012698412696,109.89010989010988,-5.0,-5.388666666666667,0.0,5.388666666666667,0.0,0.0,-2.5,0.0,0.3886666666666674
2010-07-10 08:30:00,house_2,3,48.0,3.1250000000000004,0.15000000000000002,48.0,18.75,0.9,48.0,0.0,0.0,0.2,47.625,18.89763779527559,47.686012698412696,15.748031496062993,-0.75,-0.75,0.0,0.75,0.0,0.0,-0.375,0.0,0.0
2010-07-10 09:00:00,house_0,1,48.0,8.267195767195767,0.39682539682539686,48.0,8.25,0.396,48.0,-0.016666666666666666,-0.0008,0.20007942105263166,48.0000126984127,8.26719358010752,47.833475343915346,0.0005291003891271894,2.539682539684019e-05,0.0008253968253968402,0.0008253968253968402,0.0,0.0008,0.0,1.2698412698420095e-05,0.0,0.0
2010-07-10 09:00:00,house_1,2,48.0,30.864197530864192,1.4814814814814814,48.0,86.875,4.17,48.0,0.0,0.0,0.2000031578947371,46.65574074074074,89.37806867480879,47.833475343915346,57.624602585525984,-2.6885185185185185,-2.6885185185185185,0.0,2.6885185185185185,0.0,0.0,-1.3442592592592593,0.0,0.0
2010-07-10 09:00:00,house_2,3,48.0,3.875,0.186,48.0,17.25,0.828,48.0,0.0,0.0,0.2,47.679,17.366136034732268,47.833475343915346,13.465047505190961,-0.6419999999999999,-0.6419999999999999,0.0,0.6419999999999999,0.0,0.0,-0.32099999999999995,0.0,0.0
2010-07-10 09:30:00,house_0,1,48.0,10.747354497354499,0.5158730158730159,48.0,4.541666666666667,0.218,48.0,-6.20625,-0.2979,0.22837992105263166,47.999986507936505,10.747919687741977,47.90910235449736,0.0005621694701847553,-2.6984126984042067e-05,0.29787301587301596,0.29787301587301596,0.0,0.2979,0.0,-1.3492063492021034e-05,0.0,0.0
2010-07-10 09:30:00,house_1,2,48.0,32.79320987654321,1.574074074074074,48.0,62.041666666666664,2.978,48.0,0.0,0.0,0.2000031578947371,47.298037037037034,62.96244382548176,47.90910235449736,29.682541049781264,-1.4039259259259262,-1.4039259259259262,0.0,1.4039259259259262,0.0,0.0,-0.7019629629629631,0.0,0.0
2010-07-10 09:30:00,house_2,3,48.0,7.875,0.378,48.0,16.5,0.792,48.0,0.0,0.0,0.2,47.793,16.57146444039922,47.90910235449736,8.662356412026867,-0.41400000000000003,-0.41400000000000003,0.0,0.41400000000000003,0.0,0.0,-0.20700000000000002,0.0,0.0
2010-07-10 10:00:00,house_0,1,48.0,13.029100529100532,0.6253968253968255,48.0,6.083333333333333,0.292,48.0,-6.945833333333333,-0.3334,0.26005292105263167,47.99999841269841,13.029167097525367,47.90007391534392,6.613756832145367e-05,-3.1746031744495085e-06,0.3333968253968255,0.3333968253968255,0.0,0.3334,0.0,-1.5873015872247542e-06,0.0,0.0
2010-07-10 10:00:00,house_1,2,48.0,24.6141975308642,1.1814814814814816,48.0,62.875,3.018,48.0,0.0,0.0,0.2000031578947371,47.08174074074074,64.1012832685786,47.90007391534392,39.00702245975675,-1.8365185185185182,-1.8365185185185182,0.0,1.8365185185185182,0.0,0.0,-0.9182592592592591,0.0,0.0
2010-07-10 10:00:00,house_2,3,48.0,14.875,0.714,48.0,18.25,0.876,48.0,0.0,0.0,0.2,47.919,18.28084893257372,47.90007391534392,3.3807049395855513,-0.16200000000000003,-0.16200000000000003,0.0,0.16200000000000003,0.0,0.0,-0.08100000000000002,0.0,0.0
2010-07-10 10:30:00,house_0,1,48.0,18.18783068783069,0.8730158730158731,48.0,32.0,1.536,48.0,11.885416666666666,0.5705,0.2000002894736843,47.953757936507934,32.03085776997301,47.89232023809524,1.92861062331295,-0.09248412698412689,-0.6629841269841269,0.0,0.6629841269841269,0.0,0.5705,-0.046242063492063445,0.0,0.0
2010-07-10 10:30:00,house_1,2,48.0,22.68518518518518,1.0888888888888888,48.0,65.625,3.15,48.0,0.0,0.0,0.2000031578947371,46.96944444444444,67.06487669288543,47.89232023809524,43.88195635460406,-2.061111111111111,-2.061111111111111,0.0,2.061111111111111,0.0,0.0,-1.0305555555555554,0.0,0.0
2010-07-10 10:30:00,house_2,3,48.0,21.125,1.014,48.0,16.541666666666668,0.794,48.0,-4.583333333333333,-0.22,0.2209,48.0,21.125,47.89232023809524,5.782411586589357e-16,-2.7755575615628914e-17,0.21999999999999997,0.21999999999999997,0.0,0.22,0.0,-1.3877787807814457e-17,0.0,0.0
2010-07-10 11:00:00,house_0,1,48.0,28.935185185185187,1.3888888888888888,48.0,51.166666666666664,2.456,48.0,0.0,0.0,0.2000002894736843,47.46644444444444,51.74181527067075,47.8662962962963,22.481378658139786,-1.0671111111111111,-1.0671111111111111,0.0,1.0671111111111111,0.0,0.0,-0.5335555555555556,0.0,0.0
2010-07-10 11:00:00,house_1,2,48.0,29.938271604938276,1.4370370370370371,48.0,63.416666666666664,3.044,48.0,0.0,0.0,0.2000031578947371,47.196518518518516,64.49628268249542,47.8662962962963,34.04833689867269,-1.606962962962963,-1.606962962962963,0.0,1.606962962962963,0.0,0.0,-0.8034814814814815,0.0,0.0
2010-07-10 11:00:00,house_2,3,48.0,28.875000000000004,1.3860000000000001,48.0,15.458333333333334,0.742,48.0,-13.416666666666666,-0.644,0.28208,48.0,28.875000000000004,47.8662962962963,2.3129646346357427e-15,1.1102230246251565e-16,0.6440000000000001,0.6440000000000001,0.0,0.644,0.0,5.551115123125783e-17,0.0,0.0
2010-07-10 11:30:00,house_0,1,48.0,21.924603174603178,1.0523809523809524,48.0,16.958333333333332,0.814,48.0,-4.966666666666667,-0.2384,0.2226482894736843,47.999990476190476,21.925004350199277,47.95176201058201,0.0003968254755587492,-1.9047619047529718e-05,0.23838095238095247,0.23838095238095247,0.0,0.2384,0.0,-9.523809523764859e-06,0.0,0.0
2010-07-10 11:30:00,house_1,2,48.0,42.901234567901234,2.0592592592592593,48.0,63.0,3.024,48.0,0.0,0.0,0.2000031578947371,47.51762962962963,63.639538073977995,47.95176201058201,20.302795999301622,-0.9647407407407407,-0.9647407407407407,0.0,0.9647407407407407,0.0,0.0,-0.48237037037037034,0.0,0.0
2010-07-10 11:30:00,house_2,3,48.0,36.74999999999999,1.7639999999999998,48.0,12.958333333333334,0.622,48.0,-23.791666666666668,-1.142,0.39057,48.0,36.74999999999999,47.95176201058201,0.0,0.0,1.142,1.142,0.0,1.142,0.0,0.0,0.0,0.0
2010-07-10 12:00:00,house_0,1,48.0,15.07936507936508,0.7238095238095239,48.0,4.666666666666667,0.224,48.0,-10.4125,-0.4998,0.2701292894736843,48.00000476190476,15.079363583396471,47.91723380952381,0.0001984126787308616,9.523809523903637e-06,0.4998095238095239,0.4998095238095239,0.0,0.4998,0.0,4.7619047619518184e-06,0.0,0.0
2010-07-10 12:00:00,house_1,2,48.0,28.472222222222218,1.3666666666666665,48.0,62.958333333333336,3.022,48.0,0.0,0.0,0.2000031578947371,47.172333333333334,64.0629747662825,47.91723380952381,35.091190457683524,-1.6553333333333333,-1.6553333333333333,0.0,1.6553333333333333,0.0,0.0,-0.8276666666666667,0.0,0.0
2010-07-10 12:00:00,house_2,3,48.0,36.74999999999999,1.7639999999999998,48.0,11.0,0.528,48.0,-25.75,-1.236,0.5079899999999999,48.0,36.75,47.91723380952381,4.625929269271485e-15,-2.220446049250313e-16,1.2359999999999998,1.2359999999999998,0.0,1.236,0.0,-1.1102230246251565e-16,0.0,0.0
2010-07-10 12:30:00,house_0,1,48.0,16.335978835978835,0.7841269841269841,48.0,5.791666666666667,0.278,48.0,-10.543750000000001,-0.5061,0.3182087894736843,48.000013492063495,16.33597424418713,47.911908756613755,0.0005621691541515761,2.698412698409758e-05,0.5061269841269841,0.5061269841269841,0.0,0.5061,0.0,1.349206349204879e-05,0.0,0.0
2010-07-10 12:30:00,house_1,2,48.0,19.753086419753085,0.9481481481481482,48.0,56.458333333333336,2.71,48.0,0.0,0.0,0.2000031578947371,47.11907407407407,57.51386361581966,47.911908756613755,37.391478641581806,-1.7618518518518518,-1.7618518518518518,0.0,1.7618518518518518,0.0,0.0,-0.8809259259259259,0.0,0.0
2010-07-10 12:30:00,house_2,3,48.0,22.624999999999996,1.0859999999999999,48.0,12.708333333333334,0.61,48.0,-9.916666666666666,-0.476,0.55321,48.0,22.624999999999996,47.911908756613755,2.3129646346357427e-15,-1.1102230246251565e-16,0.47599999999999987,0.47599999999999987,0.0,0.476,0.0,-5.551115123125783e-17,0.0,0.0
2010-07-10 13:00:00,house_0,1,48.0,28.306878306878307,1.3587301587301588,48.0,14.125,0.678,48.0,-14.181249999999999,-0.6807,0.3828752894736843,48.00001507936508,28.306869414177932,47.923368174603176,0.0006283066809229856,3.015873015876913e-05,0.6807301587301587,0.6807301587301587,0.0,0.6807,0.0,1.5079365079384566e-05,0.0,0.0
2010-07-10 13:00:00,house_1,2,48.0,23.61111111111111,1.1333333333333333,48.0,55.541666666666664,2.666,48.0,0.0,0.0,0.2000031578947371,47.233666666666664,56.44279151170422,47.923368174603176,32.448606572995246,-1.5326666666666666,-1.5326666666666666,0.0,1.5326666666666666,0.0,0.0,-0.7663333333333333,0.0,0.0
2010-07-10 13:00:00,house_2,3,48.0,21.125,1.014,48.0,12.958333333333334,0.622,48.0,-8.166666666666666,-0.392,0.5904499999999999,48.0,21.125,47.923368174603176,0.0,0.0,0.392,0.392,0.0,0.392,0.0,0.0,0.0,0.0
2010-07-10 13:30:00,house_0,1,48.0,18.18783068783069,0.8730158730158731,48.0,6.125,0.294,48.0,-12.0625,-0.579,0.4378802894736843,48.000007936507934,18.18782768058405,47.89316375661376,0.00033068777601542886,1.5873015873246743e-05,0.5790158730158732,0.5790158730158732,0.0,0.579,0.0,7.936507936623372e-06,0.0,0.0
2010-07-10 13:30:00,house_1,2,48.0,24.15123456790123,1.1592592592592592,48.0,68.66666666666667,3.2960000000000003,48.0,0.0,0.0,0.2000031578947371,46.931629629629626,70.22982210528477,47.89316375661376,45.52879918305117,-2.1367407407407413,-2.1367407407407413,0.0,2.1367407407407413,0.0,0.0,-1.0683703703703706,0.0,0.0
2010-07-10 13:30:00,house_2,3,48.0,28.875000000000004,1.3860000000000001,48.0,10.833333333333334,0.52,48.0,-18.041666666666668,-0.866,0.67272,48.0,28.875000000000004,47.89316375661376,2.3129646346357427e-15,1.1102230246251565e-16,0.8660000000000001,0.8660000000000001,0.0,0.866,0.0,5.551115123125783e-17,0.0,0.0
2010-07-10 14:00:00,house_0,1,48.0,25.42989417989418,1.2206349206349207,48.0,4.958333333333333,0.238,48.0,-20.470833333333335,-0.9826,0.5312272894736842,48.00001746031746,25.429884929605354,47.93738322751323,0.0007275129628773679,3.492063492072095e-05,0.9826349206349207,0.9826349206349207,0.0,0.9826,0.0,1.7460317460360475e-05,0.0,0.0
2010-07-10 14:00:00,house_1,2,48.0,31.86728395061728,1.5296296296296297,48.0,57.958333333333336,2.782,48.0,0.0,0.0,0.2000031578947371,47.373814814814814,58.72442426000299,47.93738322751323,26.435919827565314,-1.2523703703703704,-1.2523703703703704,0.0,1.2523703703703704,0.0,0.0,-0.6261851851851852,0.0,0.0
2010-07-10 14:00:00,house_2,3,48.0,26.625,1.278,48.0,10.75,0.516,48.0,-15.875,-0.762,0.7451099999999999,48.0,26.625,47.93738322751323,0.0,0.0,0.762,0.762,0.0,0.762,0.0,0.0,0.0,0.0
2010-07-10 14:30:00,house_0,1,48.0,4.332010582010583,0.20793650793650797,48.0,9.166666666666666,0.44,48.0,4.835416666666666,0.2321,0.5067957105263159,48.00001825396826,9.16742376238845,48.00000238095238,0.000760581721340393,3.650793650797346e-05,-0.23206349206349203,0.0,0.23206349206349203,0.0,0.2321,1.825396825398673e-05,0.0,0.0
2010-07-10 14:30:00,house_1,2,48.0,16.89814814814815,0.8111111111111111,48.0,12.375,0.594,48.0,-4.522916666666666,-0.2171,0.2206276578947371,48.00000555555555,16.898146192344193,48.00000238095238,0.0002314814546905847,1.1111111111156147e-05,0.21711111111111114,0.21711111111111114,0.0,0.2171,0.0,5.555555555578073e-06,0.0,0.0
2010-07-10 14:30:00,house_2,3,48.0,20.375,0.978,48.0,10.666666666666666,0.512,48.0,-9.708333333333334,-0.466,0.78938,48.0,20.375,48.00000238095238,1.1564823173178713e-15,-5.551115123125783e-17,0.46599999999999997,0.46599999999999997,0.0,0.466,0.0,-2.7755575615628914e-17,0.0,0.0
2010-07-10 15:00:00,house_0,1,48.0,4.133597883597884,0.19841269841269843,48.0,12.25,0.588,48.0,8.116666666666667,0.3896,0.46578518421052645,48.00000634920635,12.250262929859401,47.990169142791004,0.0002645502295579202,1.2698412698464168e-05,-0.38958730158730154,0.0,0.38958730158730154,0.0,0.3896,6.349206349232084e-06,0.0,0.0
2010-07-10 15:00:00,house_1,2,48.0,4.320987654320986,0.20740740740740737,48.0,12.5,0.6,48.0,4.082557291666714,0.1959627500000023,0.2,47.90168507870371,12.525655392168032,47.990169142791004,4.10486274688505,-0.1966298425925903,-0.3925925925925926,0.0,0.3925925925925926,0.0,0.1959627500000023,-0.09831492129629515,0.0,0.0
2010-07-10 15:00:00,house_2,3,48.0,4.749999999999999,0.22799999999999998,48.0,12.458333333333334,0.598,48.0,7.708333333333333,0.37,0.7504326315789474,48.0,12.458333333333334,47.990169142791004,0.0,0.0,-0.37,0.0,0.37,0.0,0.37,0.0,0.0,0.0
2010-07-10 15:30:00,house_0,1,48.0,7.242063492063491,0.3476190476190476,48.0,16.708333333333332,0.802,48.0,9.466666666666667,0.4544,0.41795360526315806,48.000009523809524,16.70872684350658,47.99371947089947,0.0003968253180895101,1.904761904758523e-05,-0.45438095238095244,0.0,0.45438095238095244,0.0,0.4544,9.523809523792615e-06,0.0,0.0
2010-07-10 15:30:00,house_1,2,48.0,7.716049382716048,0.37037037037037035,48.0,10.333333333333334,0.496,48.0,0.0,0.0,0.2,47.937185185185186,10.346873686552772,47.99371947089947,2.620713526343116,-0.12562962962962965,-0.12562962962962965,0.0,0.12562962962962965,0.0,0.0,-0.06281481481481482,0.0,0.0
2010-07-10 15:30:00,house_2,3,48.0,5.5,0.264,48.0,12.333333333333334,0.592,48.0,6.833333333333333,0.328,0.7159063157894736,48.0,12.333333333333336,47.99371947089947,1.1564823173178713e-15,5.551115123125783e-17,-0.32799999999999996,0.0,0.32799999999999996,0.0,0.328,2.7755575615628914e-17,0.0,0.0
2010-07-10 16:00:00,house_0,1,48.0,3.505291005291005,0.16825396825396827,48.0,11.625,0.558,48.0,8.11875,0.3897,0.3769325526315791,47.99997698412698,11.62500557415942,47.99162732804233,0.0009589951688313513,-4.603174603179383e-05,-0.3897460317460318,0.0,0.3897460317460318,0.0,0.3897,-2.3015873015896915e-05,0.0,0.0
2010-07-10 16:00:00,house_1,2,48.0,8.179012345679011,0.3925925925925925,48.0,11.666666666666666,0.56,48.0,0.0,0.0,0.2,47.916296296296295,11.687046856400823,47.99162732804233,3.493746811569561,-0.16740740740740756,-0.16740740740740756,0.0,0.16740740740740756,0.0,0.0,-0.08370370370370378,0.0,0.0
2010-07-10 16:00:00,house_2,3,48.0,6.250000000000001,0.30000000000000004,48.0,2.9166666666666665,0.14,48.0,-3.3333333333333335,-0.16,0.7311063157894737,48.0,6.250000000000001,47.99162732804233,5.782411586589357e-16,2.7755575615628914e-17,0.16000000000000003,0.16000000000000003,0.0,0.16,0.0,1.3877787807814457e-17,0.0,0.0
2010-07-10 16:30:00,house_0,1,48.0,1.6534391534391537,0.07936507936507937,48.0,7.25,0.348,48.0,5.595833333333334,0.2686,0.34865886842105276,47.99998253968254,7.250002637236409,47.982738994708996,0.0007275134921505512,-3.492063492060993e-05,-0.2686349206349206,0.0,0.2686349206349206,0.0,0.2686,-1.7460317460304964e-05,0.0,0.0
2010-07-10 16:30:00,house_1,2,48.0,2.391975308641975,0.1148148148148148,48.0,9.583333333333334,0.46,48.0,0.0,0.0,0.2,47.82740740740741,9.617916273018725,47.982738994708996,7.217309151733859,-0.3451851851851852,-0.3451851851851852,0.0,0.3451851851851852,0.0,0.0,-0.1725925925925926,0.0,0.0
2010-07-10 16:30:00,house_2,3,48.0,2.3749999999999996,0.11399999999999999,48.0,2.3333333333333335,0.112,48.0,-0.041666666666666664,-0.002,0.7312963157894738,48.0,2.375,47.982738994708996,2.529805069132844e-16,-1.214306433183765e-17,0.001999999999999988,0.001999999999999988,0.0,0.002,0.0,-6.071532165918825e-18,0.0,0.0
2010-07-10 17:00:00,house_0,1,48.0,0.42989417989417994,0.020634920634920634,48.0,10.0,0.48,48.0,9.570833333333333,0.4594,0.30030097368421066,48.00001746031746,10.00072387539806,47.975701746031746,0.000727512962875055,3.492063492060993e-05,-0.45936507936507937,0.0,0.45936507936507937,0.0,0.4594,1.7460317460304964e-05,0.0,0.0
2010-07-10 17:00:00,house_1,2,48.0,0.0,0.0,48.0,10.125,0.486,48.0,0.0,0.0,0.2,47.757,10.176518625541807,47.975701746031746,10.176518625541807,-0.486,-0.486,0.0,0.486,0.0,0.0,-0.243,0.0,0.0
2010-07-10 17:00:00,house_2,3,48.0,0.7500000000000001,0.036000000000000004,48.0,2.4583333333333335,0.118,48.0,1.7083333333333333,0.082,0.7226647368421055,48.0,2.4583333333333335,47.975701746031746,2.8912057932946783e-16,1.3877787807814457e-17,-0.08199999999999999,0.0,0.08199999999999999,0.0,0.082,6.938893903907228e-18,0.0,0.0
2010-07-10 17:30:00,house_0,1,48.0,0.0,0.0,48.0,39.083333333333336,1.876,48.0,19.851234375000022,0.9528592500000012,0.2,47.538429625,39.46280966364589,47.9260429625,19.418831401921782,-0.9231407499999987,-1.876,0.0,1.876,0.0,0.9528592500000012,-0.46157037499999937,0.0,0.0
2010-07-10 17:30:00,house_1,2,48.0,0.0,0.0,48.0,11.583333333333334,0.556,48.0,0.0,0.0,0.2,47.722,11.650810946733163,47.9260429625,11.650810946733163,-0.556,-0.556,0.0,0.556,0.0,0.0,-0.278,0.0,0.0
2010-07-10 17:30:00,house_2,3,48.0,0.0,0.0,48.0,2.2083333333333335,0.106,48.0,2.2083333333333335,0.106,0.7115068421052635,48.0,2.2083333333333335,47.9260429625,0.0,0.0,-0.106,0.0,0.106,0.0,0.106,0.0,0.0,0.0
2010-07-10 18:00:00,house_0,1,48.0,0.0,0.0,48.0,56.916666666666664,2.732,48.0,0.0,0.0,0.2,46.634,58.58386584895141,47.8402,58.58386584895141,-2.732,-2.732,0.0,2.732,0.0,0.0,-1.366,0.0,0.0
2010-07-10 18:00:00,house_1,2,48.0,0.0,0.0,48.0,9.666666666666666,0.464,48.0,0.0,0.0,0.2,47.768,9.713615809747111,47.8402,9.713615809747111,-0.464,-0.464,0.0,0.464,0.0,0.0,-0.232,0.0,0.0
2010-07-10 18:00:00,house_2,3,48.0,0.0,0.0,48.0,2.2083333333333335,0.106,48.0,2.2083333333333335,0.106,0.7003489473684215,48.0,2.2083333333333335,47.8402,0.0,0.0,-0.106,0.0,0.106,0.0,0.106,0.0,0.0,0.0
2010-07-10 18:30:00,house_0,1,48.0,0.0,0.0,48.0,48.416666666666664,2.324,48.0,0.0,0.0,0.2,46.838,49.61783167513557,47.8466,49.61783167513557,-2.324,-2.324,0.0,2.324,0.0,0.0,-1.162,0.0,0.0
2010-07-10 18:30:00,house_1,2,48.0,0.0,0.0,48.0,15.5,0.744,48.0,0.0,0.0,0.2,47.628,15.621063240110859,47.8466,15.621063240110859,-0.744,-0.744,0.0,0.744,0.0,0.0,-0.372,0.0,0.0
2010-07-10 18:30:00,house_2,3,48.0,0.0,0.0,48.0,2.25,0.108,48.0,2.25,0.108,0.68898052631579,48.0,2.25,47.8466,0.0,0.0,-0.108,0.0,0.108,0.0,0.108,0.0,0.0,0.0
2010-07-10 19:00:00,house_0,1,48.0,0.0,0.0,48.0,9.416666666666666,0.452,48.0,0.0,0.0,0.2,47.774,9.461213212207477,47.9156,9.461213212207477,-0.452,-0.452,0.0,0.452,0.0,0.0,-0.226,0.0,0.0
2010-07-10 19:00:00,house_1,2,48.0,0.0,0.0,48.0,25.75,1.236,48.0,0.0,0.0,0.2,47.382,26.085855388122074,47.9156,26.085855388122074,-1.236,-1.236,0.0,1.236,0.0,0.0,-0.618,0.0,0.0
2010-07-10 19:00:00,house_2,3,48.0,0.0,0.0,48.0,2.3333333333333335,0.112,48.0,2.3333333333333335,0.112,0.6771910526315794,48.0,2.3333333333333335,47.9156,0.0,0.0,-0.112,0.0,0.112,0.0,0.112,0.0,0.0,0.0
2010-07-10 19:30:00,house_0,1,48.0,0.0,0.0,48.0,43.458333333333336,2.086,48.0,0.0,0.0,0.2,46.957,44.42362161126137,47.8461,44.42362161126137,-2.086,-2.086,0.0,2.086,0.0,0.0,-1.043,0.0,0.0
2010-07-10 19:30:00,house_1,2,48.0,0.0,0.0,48.0,20.666666666666668,0.992,48.0,0.0,0.0,0.2,47.504,20.882452004041767,47.8461,20.882452004041767,-0.992,-0.992,0.0,0.992,0.0,0.0,-0.496,0.0,0.0
2010-07-10 19:30:00,house_2,3,48.0,0.0,0.0,48.0,2.375,0.114,48.0,2.375,0.114,0.6651910526315794,48.0,2.375,47.8461,0.0,0.0,-0.114,0.0,0.114,0.0,0.114,0.0,0.0,0.0
2010-07-10 20:00:00,house_0,1,48.0,0.0,0.0,48.0,37.25,1.788,48.0,0.0,0.0,0.2,47.106,37.95694815947013,47.8857,37.95694815947013,-1.788,-1.788,0.0,1.788,0.0,0.0,-0.894,0.0,0.0
2010-07-10 20:00:00,house_1,2,48.0,0.0,0.0,48.0,10.375,0.498,48.0,0.0,0.0,0.2,47.751,10.429100961236415,47.8857,10.429100961236415,-0.498,-0.498,0.0,0.498,0.0,0.0,-0.249,0.0,0.0
2010-07-10 20:00:00,house_2,3,48.0,0.0,0.0,48.0,2.375,0.114,48.0,2.375,0.114,0.6531910526315794,48.0,2.375,47.8857,0.0,0.0,-0.114,0.0,0.114,0.0,0.114,0.0,0.0,0.0
2010-07-10 20:30:00,house_0,1,48.0,0.0,0.0,48.0,15.0,0.72,48.0,0.0,0.0,0.2,47.64,15.113350125944585,47.717,15.113350125944585,-0.72,-0.72,0.0,0.72,0.0,0.0,-0.36,0.0,0.0
2010-07-10 20:30:00,house_1,2,48.0,0.0,0.0,48.0,102.91666666666664,4.9399999999999995,48.0,0.0,0.0,0.2,45.53,108.49989018229736,47.717,108.49989018229736,-4.9399999999999995,-4.9399999999999995,0.0,4.9399999999999995,0.0,0.0,-2.4699999999999998,0.0,0.0
2010-07-10 20:30:00,house_2,3,48.0,0.0,0.0,48.0,2.4166666666666665,0.116,48.0,2.4166666666666665,0.116,0.64098052631579,48.0,2.4166666666666665,47.717,0.0,0.0,-0.116,0.0,0.116,0.0,0.116,0.0,0.0,0.0
2010-07-10 21:00:00,house_0,1,48.0,0.0,0.0,48.0,19.958333333333332,0.958,48.0,0.0,0.0,0.2,47.521,20.15950842785295,47.8241,20.15950842785295,-0.958,-0.958,0.0,0.958,0.0,0.0,-0.479,0.0,0.0
2010-07-10 21:00:00,house_1,2,48.0,0.0,0.0,48.0,53.33333333333332,2.5599999999999996,48.0,0.0,0.0,0.2,46.72,54.7945205479452,47.8241,54.7945205479452,-2.5599999999999996,-2.5599999999999996,0.0,2.5599999999999996,0.0,0.0,-1.2799999999999998,0.0,0.0
2010-07-10 21:00:00,house_2,3,48.0,0.0,0.0,48.0,2.2916666666666665,0.11,48.0,2.2916666666666665,0.11,0.6294015789473689,48.0,2.2916666666666665,47.8241,0.0,0.0,-0.11,0.0,0.11,0.0,0.11,0.0,0.0,0.0
2010-07-10 21:30:00,house_0,1,48.0,0.0,0.0,48.0,20.041666666666668,0.962,48.0,0.0,0.0,0.2,47.519,20.244533765441194,47.8213,20.244533765441194,-0.962,-0.962,0.0,0.962,0.0,0.0,-0.481,0.0,0.0
2010-07-10 21:30:00,house_1,2,48.0,0.0,0.0,48.0,54.416666666666664,2.612,48.0,0.0,0.0,0.2,46.694,55.93866449650918,47.8213,55.93866449650918,-2.612,-2.612,0.0,2.612,0.0,0.0,-1.306,0.0,0.0
2010-07-10 21:30:00,house_2,3,48.0,0.0,0.0,48.0,1.9583333333333333,0.094,48.0,1.9583333333333333,0.094,0.6195068421052636,48.0,1.9583333333333333,47.8213,0.0,0.0,-0.094,0.0,0.094,0.0,0.094,0.0,0.0,0.0
2010-07-10 22:00:00,house_0,1,48.0,0.0,0.0,48.0,19.583333333333332,0.94,48.0,0.0,0.0,0.2,47.53,19.776982958131708,47.9301,19.776982958131708,-0.94,-0.94,0.0,0.94,0.0,0.0,-0.47,0.0,0.0
2010-07-10 22:00:00,house_1,2,48.0,0.0,0.0,48.0,9.541666666666666,0.458,48.0,0.0,0.0,0.2,47.771,9.587406585585397,47.9301,9.587406585585397,-0.458,-0.458,0.0,0.458,0.0,0.0,-0.229,0.0,0.0
2010-07-10 22:00:00,house_2,3,48.0,0.0,0.0,48.0,1.9166666666666667,0.092,48.0,1.9166666666666667,0.092,0.6098226315789479,48.0,1.9166666666666667,47.9301,0.0,0.0,-0.092,0.0,0.092,0.0,0.092,0.0,0.0,0.0
2010-07-10 22:30:00,house_0,1,48.0,0.0,0.0,48.0,6.625,0.318,48.0,0.0,0.0,0.2,47.841,6.647018247946322,47.9602,6.647018247946322,-0.318,-0.318,0.0,0.318,0.0,0.0,-0.159,0.0,0.0
2010-07-10 22:30:00,house_1,2,48.0,0.0,0.0,48.0,9.958333333333334,0.478,48.0,0.0,0.0,0.2,47.761,10.008165658172986,47.9602,10.008165658172986,-0.478,-0.478,0.0,0.478,0.0,0.0,-0.239,0.0,0.0
2010-07-10 22:30:00,house_2,3,48.0,0.0,0.0,48.0,1.8333333333333333,0.088,48.0,1.8333333333333333,0.088,0.600559473684211,48.0,1.8333333333333333,47.9602,0.0,0.0,-0.088,0.0,0.088,0.0,0.088,0.0,0.0,0.0
2010-07-10 23:00:00,house_0,1,48.0,0.0,0.0,48.0,4.75,0.228,48.0,0.0,0.0,0.2,47.886,4.761308106753539,47.9717,4.761308106753539,-0.228,-0.228,0.0,0.228,0.0,0.0,-0.114,0.0,0.0
2010-07-10 23:00:00,house_1,2,48.0,0.0,0.0,48.0,7.041666666666667,0.338,48.0,0.0,0.0,0.2,47.831,7.066546800192343,47.9717,7.066546800192343,-0.338,-0.338,0.0,0.338,0.0,0.0,-0.169,0.0,0.0
2010-07-10 23:00:00,house_2,3,48.0,0.0,0.0,48.0,4.916666666666667,0.236,48.0,4.916666666666667,0.236,0.5757173684210531,48.0,4.916666666666667,47.9717,0.0,0.0,-0.236,0.0,0.236,0.0,0.236,0.0,0.0,0.0
2010-07-10 23:30:00,house_0,1,48.0,0.0,0.0,48.0,15.333333333333334,0.736,48.0,0.0,0.0,0.2,47.632,15.451797111185758,47.95311111111111,15.451797111185758,-0.736,-0.736,0.0,0.736,0.0,0.0,-0.368,0.0,0.0
2010-07-10 23:30:00,house_1,2,48.0,0.46296296296296285,0.02222222222222222,48.0,4.666666666666667,0.224,48.0,0.0,0.0,0.2,47.89911111111111,4.67649596837798,47.95311111111111,4.212557876276989,-0.20177777777777778,-0.20177777777777778,0.0,0.20177777777777778,0.0,0.0,-0.10088888888888889,0.0,0.0
2010-07-10 23:30:00,house_2,3,48.0,0.0,0.0,48.0,3.7083333333333335,0.178,48.0,3.7083333333333335,0.178,0.55698052631579,48.0,3.7083333333333335,47.95311111111111,0.0,0.0,-0.178,0.0,0.178,0.0,0.178,0.0,0.0,0.0
2010-07-11 00:00:00,house_0,1,48.0,0.0,0.0,48.0,50.375,2.418,48.0,0.0,0.0,0.2,46.791,51.6766044752196,47.8619,51.6766044752196,-2.418,-2.418,0.0,2.418,0.0,0.0,-1.209,0.0,0.0
2010-07-11 00:00:00,house_1,2,48.0,0.0,0.0,48.0,7.166666666666667,0.344,48.0,0.0,0.0,0.2,47.828,7.192439575144267,47.8619,7.192439575144267,-0.344,-0.344,0.0,0.344,0.0,0.0,-0.172,0.0,0.0
2010-07-11 00:00:00,house_2,3,48.0,0.0,0.0,48.0,3.1666666666666665,0.152,48.0,3.1666666666666665,0.152,0.54098052631579,48.0,3.1666666666666665,47.8619,0.0,0.0,-0.152,0.0,0.152,0.0,0.152,0.0,0.0,0.0
2010-07-11 00:30:00,house_0,1,48.0,0.0,0.0,48.0,91.70833333333333,4.402,48.0,0.0,0.0,0.2,45.799,96.11563571257014,47.6547,96.11563571257014,-4.402,-4.402,0.0,4.402,0.0,0.0,-2.201,0.0,0.0
2010-07-11 00:30:00,house_1,2,48.0,0.0,0.0,48.0,7.083333333333333,0.34,48.0,0.0,0.0,0.2,47.83,7.108509303784236,47.6547,7.108509303784236,-0.34,-0.34,0.0,0.34,0.0,0.0,-0.17,0.0,0.0
2010-07-11 00:30:00,house_2,3,48.0,0.0,0.0,48.0,86.75,4.164,48.0,41.666666666666664,2.0,0.3304542105263163,46.918,88.750586128991,47.6547,46.12302314676669,-2.1639999999999997,-4.164,0.0,4.164,0.0,2.0,-1.0819999999999999,0.0,0.0
2010-07-11 01:00:00,house_0,1,48.0,0.0,0.0,48.0,86.62499999999999,4.1579999999999995,48.0,0.0,0.0,0.2,45.921,90.5468086496374,47.633265,90.5468086496374,-4.1579999999999995,-4.1579999999999995,0.0,4.1579999999999995,0.0,0.0,-2.0789999999999997,0.0,0.0
2010-07-11 01:00:00,house_1,2,48.0,0.0,0.0,48.0,4.791666666666667,0.23,48.0,0.0,0.0,0.2,47.885,4.803174271692597,47.633265,4.803174271692597,-0.23,-0.23,0.0,0.23,0.0,0.0,-0.115,0.0,0.0
2010-07-11 01:00:00,house_2,3,48.0,0.0,0.0,48.0,87.20833333333333,4.186,48.0,25.818750000000005,1.2393,0.20000157894736892,46.526650000000004,89.96994195799611,47.633265,63.33359483220906,-2.9467,-4.186,0.0,4.186,0.0,1.2393,-1.47335,0.0,0.0
2010-07-11 01:30:00,house_0,1,48.0,0.0,0.0,48.0,32.24999999999999,1.5479999999999998,48.0,0.0,0.0,0.2,47.226,32.77855418625333,47.8591,32.77855418625333,-1.5479999999999998,-1.5479999999999998,0.0,1.5479999999999998,0.0,0.0,-0.7739999999999999,0.0,0.0
2010-07-11 01:30:00,house_1,2,48.0,0.0,0.0,48.0,4.958333333333333,0.238,48.0,0.0,0.0,0.2,47.881,4.970656419038868,47.8591,4.970656419038868,-0.238,-0.238,0.0,0.238,0.0,0.0,-0.119,0.0,0.0
2010-07-11 01:30:00,house_2,3,48.0,0.0,0.0,48.0,21.5,1.032,48.0,0.0,0.0,0.20000157894736892,47.484,21.733636593378822,47.8591,21.733636593378822,-1.032,-1.032,0.0,1.032,0.0,0.0,-0.516,0.0,0.0
2010-07-11 02:00:00,house_0,1,48.0,0.0,0.0,48.0,61.333333333333336,2.944,48.0,0.0,0.0,0.2,46.528,63.27372764786795,47.8369,63.27372764786795,-2.944,-2.944,0.0,2.944,0.0,0.0,-1.472,0.0,0.0
2010-07-11 02:00:00,house_1,2,48.0,0.0,0.0,48.0,4.708333333333333,0.226,48.0,0.0,0.0,0.2,47.887,4.7194436903543755,47.8369,4.7194436903543755,-0.226,-0.226,0.0,0.226,0.0,0.0,-0.113,0.0,0.0
2010-07-11 02:00:00,house_2,3,48.0,0.0,0.0,48.0,1.9166666666666667,0.092,48.0,0.0,0.0,0.20000157894736892,47.954,1.9185052341827584,47.8369,1.9185052341827584,-0.092,-0.092,0.0,0.092,0.0,0.0,-0.046,0.0,0.0
2010-07-11 02:30:00,house_0,1,48.0,0.0,0.0,48.0,65.41666666666666,3.1399999999999997,48.0,0.0,0.0,0.2,46.43,67.62868834805082,47.8251,67.62868834805082,-3.1399999999999997,-3.1399999999999997,0.0,3.1399999999999997,0.0,0.0,-1.5699999999999998,0.0,0.0
2010-07-11 02:30:00,house_1,2,48.0,0.0,0.0,48.0,5.166666666666667,0.248,48.0,0.0,0.0,0.2,47.876,5.180048458517838,47.8251,5.180048458517838,-0.248,-0.248,0.0,0.248,0.0,0.0,-0.124,0.0,0.0
2010-07-11 02:30:00,house_2,3,48.0,0.0,0.0,48.0,2.2916666666666665,0.11,48.0,0.0,0.0,0.20000157894736892,47.945,2.2942955469809156,47.8251,2.2942955469809156,-0.11,-0.11,0.0,0.11,0.0,0.0,-0.055,0.0,0.0
2010-07-11 03:00:00,house_0,1,48.0,0.0,0.0,48.0,28.708333333333332,1.378,48.0,0.0,0.0,0.2,47.311,29.12641880323815,47.9184,29.12641880323815,-1.378,-1.378,0.0,1.378,0.0,0.0,-0.689,0.0,0.0
2010-07-11 03:00:00,house_1,2,48.0,0.0,0.0,48.0,2.7916666666666665,0.134,48.0,0.0,0.0,0.2,47.933,2.7955688148039974,47.9184,2.7955688148039974,-0.134,-0.134,0.0,0.134,0.0,0.0,-0.067,0.0,0.0
2010-07-11 03:00:00,house_2,3,48.0,0.0,0.0,48.0,2.5,0.12,48.0,0.0,0.0,0.20000157894736892,47.94,2.5031289111389237,47.9184,2.5031289111389237,-0.12,-0.12,0.0,0.12,0.0,0.0,-0.06,0.0,0.0
2010-07-11 03:30:00,house_0,1,48.0,0.0,0.0,48.0,24.458333333333332,1.174,48.0,0.0,0.0,0.2,47.413,24.761141459093498,47.9227,24.761141459093498,-1.174,-1.174,0.0,1.174,0.0,0.0,-0.587,0.0,0.0
2010-07-11 03:30:00,house_1,2,48.0,0.0,0.0,48.0,5.583333333333333,0.268,48.0,0.0,0.0,0.2,47.866,5.598963773868717,47.9227,5.598963773868717,-0.268,-0.268,0.0,0.268,0.0,0.0,-0.134,0.0,0.0
2010-07-11 03:30:00,house_2,3,48.0,0.0,0.0,48.0,2.1666666666666665,0.104,48.0,0.0,0.0,0.20000157894736892,47.948,2.1690164344706764,47.9227,2.1690164344706764,-0.104,-0.104,0.0,0.104,0.0,0.0,-0.052,0.0,0.0
2010-07-11 04:00:00,house_0,1,48.0,0.0,0.0,48.0,22.416666666666668,1.076,48.0,0.0,0.0,0.2,47.462,22.67076819350217,47.8298,22.67076819350217,-1.076,-1.076,0.0,1.076,0.0,0.0,-0.538,0.0,0.0
2010-07-11 04:00:00,house_1,2,48.0,0.0,0.0,48.0,4.208333333333333,0.202,48.0,0.0,0.0,0.2,47.899,4.21720703981294,47.8298,4.21720703981294,-0.202,-0.202,0.0,0.202,0.0,0.0,-0.101,0.0,0.0
2010-07-11 04:00:00,house_2,3,48.0,0.0,0.0,48.0,44.291666666666664,2.126,48.0,0.0,0.0,0.20000157894736892,46.937,45.294756801670324,47.8298,45.294756801670324,-2.126,-2.126,0.0,2.126,0.0,0.0,-1.063,0.0,0.0
2010-07-11 04:30:00,house_0,1,48.0,0.0,0.0,48.0,28.583333333333332,1.372,48.0,0.0,0.0,0.2,47.314,28.997759648307056,47.9201,28.997759648307056,-1.372,-1.372,0.0,1.372,0.0,0.0,-0.686,0.0,0.0
2010-07-11 04:30:00,house_1,2,48.0,0.0,0.0,48.0,3.0,0.144,48.0,0.0,0.0,0.2,47.928,3.0045067601402105,47.9201,3.0045067601402105,-0.144,-0.144,0.0,0.144,0.0,0.0,-0.072,0.0,0.0
2010-07-11 04:30:00,house_2,3,48.0,0.0,0.0,48.0,1.7083333333333333,0.082,48.0,0.0,0.0,0.20000157894736892,47.959,1.709793782188953,47.9201,1.709793782188953,-0.082,-0.082,0.0,0.082,0.0,0.0,-0.041,0.0,0.0
2010-07-11 05:00:00,house_0,1,48.0,0.0,0.0,48.0,15.583333333333334,0.748,48.0,0.0,0.0,0.2,47.626,15.70570696678285,47.9445,15.70570696678285,-0.748,-0.748,0.0,0.748,0.0,0.0,-0.374,0.0,0.0
2010-07-11 05:00:00,house_1,2,48.0,0.0,0.0,48.0,5.166666666666667,0.248,48.0,0.0,0.0,0.2,47.876,5.180048458517838,47.9445,5.180048458517838,-0.248,-0.248,0.0,0.248,0.0,0.0,-0.124,0.0,0.0
2010-07-11 05:00:00,house_2,3,48.0,0.0,0.0,48.0,2.375,0.114,48.0,0.0,0.0,0.20000157894736892,47.943,2.3778236656029037,47.9445,2.3778236656029037,-0.114,-0.114,0.0,0.114,0.0,0.0,-0.057,0.0,0.0
2010-07-11 05:30:00,house_0,1,48.0,0.0,0.0,48.0,3.9166666666666665,0.188,48.0,0.0,0.0,0.2,47.906,3.924351855717447,47.9751,3.924351855717447,-0.188,-0.188,0.0,0.188,0.0,0.0,-0.094,0.0,0.0
2010-07-11 05:30:00,house_1,2,48.0,0.0,0.0,48.0,4.25,0.204,48.0,0.0,0.0,0.2,47.898,4.259050482274834,47.9751,4.259050482274834,-0.204,-0.204,0.0,0.204,0.0,0.0,-0.102,0.0,0.0
2010-07-11 05:30:00,house_2,3,48.0,0.0,0.0,48.0,2.2083333333333335,0.106,48.0,0.0,0.0,0.20000157894736892,47.947,2.210774396729722,47.9751,2.210774396729722,-0.106,-0.106,0.0,0.106,0.0,0.0,-0.053,0.0,0.0
2010-07-11 06:00:00,house_0,1,48.0,0.0,0.0,48.0,5.375,0.258,48.0,0.0,0.0,0.2,47.871,5.389484238892022,47.9761,5.389484238892022,-0.258,-0.258,0.0,0.258,0.0,0.0,-0.129,0.0,0.0
2010-07-11 06:00:00,house_1,2,48.0,0.0,0.0,48.0,2.75,0.132,48.0,0.0,0.0,0.2,47.934,2.753786456377519,47.9761,2.753786456377519,-0.132,-0.132,0.0,0.132,0.0,0.0,-0.066,0.0,0.0
2010-07-11 06:00:00,house_2,3,48.0,0.0,0.0,48.0,1.8333333333333333,0.088,48.0,0.0,0.0,0.20000157894736892,47.956,1.8350154308115771,47.9761,1.8350154308115771,-0.088,-0.088,0.0,0.088,0.0,0.0,-0.044,0.0,0.0
2010-07-11 06:30:00,house_0,1,48.0,0.0,0.0,48.0,3.4166666666666665,0.164,48.0,0.0,0.0,0.2,47.918,3.4225134604950123,47.9764,3.4225134604950123,-0.164,-0.164,0.0,0.164,0.0,0.0,-0.082,0.0,0.0
2010-07-11 06:30:00,house_1,2,48.0,0.0,0.0,48.0,5.0,0.24,48.0,0.0,0.0,0.2,47.88,5.012531328320802,47.9764,5.012531328320802,-0.24,-0.24,0.0,0.24,0.0,0.0,-0.12,0.0,0.0
2010-07-11 06:30:00,house_2,3,48.0,0.0,0.0,48.0,1.4166666666666667,0.068,48.0,0.0,0.0,0.20000157894736892,47.966,1.4176708501855482,47.9764,1.4176708501855482,-0.068,-0.068,0.0,0.068,0.0,0.0,-0.034,0.0,0.0
2010-07-11 07:00:00,house_0,1,48.0,0.0,0.0,48.0,6.958333333333333,0.334,48.0,0.0,0.0,0.2,47.833,6.982627056634541,47.9683,6.982627056634541,-0.334,-0.334,0.0,0.334,0.0,0.0,-0.167,0.0,0.0
2010-07-11 07:00:00,house_1,2,48.0,0.0,0.0,48.0,4.375,0.21,48.0,0.0,0.0,0.2,47.895,4.384591293454431,47.9683,4.384591293454431,-0.21,-0.21,0.0,0.21,0.0,0.0,-0.105,0.0,0.0
2010-07-11 07:00:00,house_2,3,48.0,0.0,0.0,48.0,1.875,0.09,48.0,0.0,0.0,0.20000157894736892,47.955,1.876759461995621,47.9683,1.876759461995621,-0.09,-0.09,0.0,0.09,0.0,0.0,-0.045,0.0,0.0
2010-07-11 07:30:00,house_0,1,48.0,0.0,0.0,48.0,43.25,2.076,48.0,0.0,0.0,0.2,46.962,44.20595374984029,47.8842,44.20595374984029,-2.076,-2.076,0.0,2.076,0.0,0.0,-1.038,0.0,0.0
2010-07-11 07:30:00,house_1,2,48.0,0.0,0.0,48.0,3.375,0.162,48.0,0.0,0.0,0.2,47.919,3.380704939585551,47.8842,3.380704939585551,-0.162,-0.162,0.0,0.162,0.0,0.0,-0.081,0.0,0.0
2010-07-11 07:30:00,house_2,3,48.0,0.7500000000000001,0.036000000000000004,48.0,2.375,0.114,48.0,0.0,0.0,0.20000157894736892,47.961,2.376931256646025,47.8842,1.6263213861262276,-0.078,-0.078,0.0,0.078,0.0,0.0,-0.039,0.0,0.0
2010-07-11 08:00:00,house_0,1,48.0,1.0251322751322751,0.04920634920634921,48.0,35.291666666666664,1.694,48.0,0.0,0.0,0.2,47.17760317460318,35.9068686412607,47.76347883597884,34.86386632882363,-1.6447936507936507,-1.6447936507936507,0.0,1.6447936507936507,0.0,0.0,-0.8223968253968253,0.0,0.0
2010-07-11 08:00:00,house_1,2,48.0,1.4660493827160492,0.07037037037037036,48.0,64.29166666666667,3.0860000000000003,48.0,0.0,0.0,0.2,46.492185185185186,66.37674670932351,47.76347883597884,64.86315103533929,-3.01562962962963,-3.01562962962963,0.0,3.01562962962963,0.0,0.0,-1.507814814814815,0.0,0.0
2010-07-11 08:00:00,house_2,3,48.0,0.7500000000000001,0.036000000000000004,48.0,2.2083333333333335,0.106,48.0,0.0,0.0,0.20000157894736892,47.965,2.209944751381215,47.76347883597884,1.4593974773272174,-0.06999999999999999,-0.06999999999999999,0.0,0.06999999999999999,0.0,0.0,-0.034999999999999996,0.0,0.0
2010-07-11 08:30:00,house_0,1,48.0,3.935185185185185,0.18888888888888888,48.0,13.666666666666666,0.656,48.0,0.0,0.0,0.2,47.766444444444446,13.733490269784925,47.9173037037037,9.779063870964741,-0.46711111111111114,-0.46711111111111114,0.0,0.46711111111111114,0.0,0.0,-0.23355555555555557,0.0,0.0
2010-07-11 08:30:00,house_1,2,48.0,3.858024691358024,0.18518518518518517,48.0,28.583333333333332,1.3719999999999999,48.0,0.0,0.0,0.2,47.406592592592595,28.94112242554169,47.9173037037037,25.034805285715848,-1.1868148148148148,-1.1868148148148148,0.0,1.1868148148148148,0.0,0.0,-0.5934074074074074,0.0,0.0
2010-07-11 08:30:00,house_2,3,48.0,5.5,0.264,48.0,1.2916666666666667,0.062,48.0,-4.208333333333333,-0.202,0.21919157894736893,48.0,5.5,47.9173037037037,0.0,0.0,0.202,0.202,0.0,0.202,0.0,0.0,0.0,0.0
2010-07-11 09:00:00,house_0,1,48.0,5.985449735449735,0.2873015873015873,48.0,6.875,0.33,48.0,0.0,0.0,0.2,47.97865079365079,6.878059189685889,47.74786507936508,0.8899460904403588,-0.042698412698412735,-0.042698412698412735,0.0,0.042698412698412735,0.0,0.0,-0.021349206349206368,0.0,0.0
2010-07-11 09:00:00,house_1,2,48.0,5.787037037037037,0.2777777777777778,48.0,189.33333333333337,9.088000000000001,48.0,0.0,0.0,0.2,45.5,115.99511599511598,47.74786507936508,109.89010989010988,-5.0,-8.810222222222222,0.0,8.810222222222222,0.0,0.0,-2.5,0.0,3.8102222222222224
2010-07-11 09:00:00,house_2,3,48.0,7.0,0.336,48.0,2.0,0.096,48.0,-5.0,-0.24,0.24199157894736895,48.0,7.0,47.74786507936508,5.782411586589357e-16,2.7755575615628914e-17,0.24000000000000002,0.24000000000000002,0.0,0.24,0.0,1.3877787807814457e-17,0.0,0.0
2010-07-11 09:30:00,house_0,1,48.0,10.747354497354499,0.5158730158730159,48.0,6.416666666666667,0.308,48.0,-4.33125,-0.2079,0.21975050000000002,47.999986507936505,10.747919687741977,47.74999865079365,0.0005621694701853335,-2.6984126984069823e-05,0.20787301587301593,0.20787301587301593,0.0,0.2079,0.0,-1.3492063492034911e-05,0.0,0.0
2010-07-11 09:30:00,house_1,2,48.0,12.037037037037036,0.5777777777777777,48.0,199.0,9.552,48.0,0.0,0.0,0.2,45.5,122.58852258852258,47.74999865079365,109.89010989010988,-5.0,-8.974222222222222,0.0,8.974222222222222,0.0,0.0,-2.5,0.0,3.974222222222222
2010-07-11 09:30:00,house_2,3,48.0,10.125,0.486,48.0,2.7916666666666665,0.134,48.0,-7.333333333333333,-0.352,0.2754315789473689,48.0,10.125,47.74999865079365,0.0,0.0,0.352,0.352,0.0,0.352,0.0,0.0,0.0,0.0
2010-07-11 10:00:00,house_0,1,48.0,14.682539682539684,0.7047619047619048,48.0,5.791666666666667,0.278,48.0,-8.891666666666667,-0.4268,0.2602965,47.99998095238095,14.683339160055224,47.75395735449735,0.0007936511085914572,-3.809523809522597e-05,0.4267619047619048,0.4267619047619048,0.0,0.4268,0.0,-1.9047619047612985e-05,0.0,0.0
2010-07-11 10:00:00,house_1,2,48.0,10.108024691358024,0.48518518518518516,48.0,112.62500000000001,5.406000000000001,48.0,0.0,0.0,0.2,45.53959259259259,118.70988940026955,47.75395735449735,108.055749616329,-4.920814814814816,-4.920814814814816,0.0,4.920814814814816,0.0,0.0,-2.460407407407408,0.0,0.0
2010-07-11 10:00:00,house_2,3,48.0,8.625000000000002,0.41400000000000003,48.0,1.9583333333333333,0.094,48.0,-6.666666666666667,-0.32,0.3058315789473689,48.0,8.625000000000002,47.75395735449735,1.1564823173178713e-15,5.551115123125783e-17,0.32000000000000006,0.32000000000000006,0.0,0.32,0.0,2.7755575615628914e-17,0.0,0.0
2010-07-11 10:30:00,house_0,1,48.0,10.11904761904762,0.48571428571428577,48.0,16.041666666666668,0.77,48.0,5.922916666666667,0.2843,0.2303701842105263,48.00000714285714,16.041961898517574,47.84371552910053,0.00029761900333113354,1.4285714285744433e-05,-0.28428571428571425,0.0,0.28428571428571425,0.0,0.2843,7.1428571428722165e-06,0.0,0.0
2010-07-11 10:30:00,house_1,2,48.0,14.506172839506172,0.6962962962962963,48.0,79.625,3.822,48.0,0.0,0.0,0.2,46.43714814814815,82.30479588898734,47.84371552910053,67.31041479403065,-3.125703703703704,-3.125703703703704,0.0,3.125703703703704,0.0,0.0,-1.562851851851852,0.0,0.0
2010-07-11 10:30:00,house_2,3,48.0,16.375,0.786,48.0,1.375,0.066,48.0,-15.0,-0.72,0.3742315789473689,48.0,16.375,47.84371552910053,0.0,0.0,0.72,0.72,0.0,0.72,0.0,0.0,0.0,0.0
2010-07-11 11:00:00,house_0,1,48.0,15.07936507936508,0.7238095238095239,48.0,10.083333333333334,0.484,48.0,-4.995833333333334,-0.2398,0.2531511842105263,48.00000476190476,15.079363583396471,47.85833751322751,0.0001984126787308616,9.523809523903637e-06,0.23980952380952392,0.23980952380952392,0.0,0.2398,0.0,4.7619047619518184e-06,0.0,0.0
2010-07-11 11:00:00,house_1,2,48.0,9.182098765432096,0.44074074074074066,48.0,68.20833333333333,3.274,48.0,0.0,0.0,0.2,46.58337037037037,70.28259170535345,47.85833751322751,60.82125953388231,-2.8332592592592594,-2.8332592592592594,0.0,2.8332592592592594,0.0,0.0,-1.4166296296296297,0.0,0.0
2010-07-11 11:00:00,house_2,3,48.0,10.125,0.486,48.0,5.541666666666667,0.266,48.0,-4.583333333333333,-0.22,0.39513157894736894,48.0,10.125,47.85833751322751,5.782411586589357e-16,-2.7755575615628914e-17,0.21999999999999997,0.21999999999999997,0.0,0.22,0.0,-1.3877787807814457e-17,0.0,0.0
2010-07-11 11:30:00,house_0,1,48.0,19.212962962962965,0.9222222222222223,48.0,34.166666666666664,1.64,48.0,10.51875,0.5049,0.20000381578947365,47.89356111111111,34.24259883693481,47.85558203703704,4.4448099669162175,-0.2128777777777776,-0.7177777777777776,0.0,0.7177777777777776,0.0,0.5049,-0.1064388888888888,0.0,0.0
2010-07-11 11:30:00,house_1,2,48.0,8.719135802469136,0.4185185185185185,48.0,64.45833333333333,3.094,48.0,0.0,0.0,0.2,46.66225925925926,66.30626225810215,47.85558203703704,57.33716120808235,-2.6754814814814813,-2.6754814814814813,0.0,2.6754814814814813,0.0,0.0,-1.3377407407407407,0.0,0.0
2010-07-11 11:30:00,house_2,3,48.0,6.250000000000001,0.30000000000000004,48.0,2.7916666666666665,0.134,48.0,-3.4583333333333335,-0.166,0.41090157894736895,48.0,6.250000000000001,47.85558203703704,5.782411586589357e-16,2.7755575615628914e-17,0.16600000000000004,0.16600000000000004,0.0,0.166,0.0,1.3877787807814457e-17,0.0,0.0
2010-07-11 12:00:00,house_0,1,48.0,31.01851851851852,1.488888888888889,48.0,12.291666666666666,0.59,48.0,-18.727083333333333,-0.8989,0.28539931578947364,47.99999444444445,31.018753590133517,47.83589574074074,0.00023148150827252621,-1.111111111107288e-05,0.898888888888889,0.898888888888889,0.0,0.8989,0.0,-5.55555555553644e-06,0.0,0.0
2010-07-11 12:00:00,house_1,2,48.0,6.790123456790123,0.3259259259259259,48.0,75.16666666666667,3.608,48.0,0.0,0.0,0.2,46.35896296296296,77.82745275994414,47.83589574074074,70.79696922246049,-3.282074074074074,-3.282074074074074,0.0,3.282074074074074,0.0,0.0,-1.641037037037037,0.0,0.0
2010-07-11 12:00:00,house_2,3,48.0,7.0,0.336,48.0,3.7083333333333335,0.178,48.0,-3.2916666666666665,-0.158,0.425911578947369,48.0,7.0,47.83589574074074,5.782411586589357e-16,2.7755575615628914e-17,0.15800000000000003,0.15800000000000003,0.0,0.158,0.0,1.3877787807814457e-17,0.0,0.0
2010-07-11 12:30:00,house_0,1,48.0,26.25661375661376,1.2603174603174605,48.0,15.666666666666666,0.752,48.0,-10.589583333333332,-0.5083,0.3336878157894736,48.00000873015873,26.256608981106172,47.75000087301587,0.00036375654760155434,1.746031746052701e-05,0.5083174603174605,0.5083174603174605,0.0,0.5083,0.0,8.730158730263504e-06,0.0,0.0
2010-07-11 12:30:00,house_1,2,48.0,6.790123456790123,0.3259259259259259,48.0,140.16666666666666,6.728,48.0,0.0,0.0,0.2,45.5,117.05331705331706,47.75000087301587,109.89010989010988,-5.0,-6.402074074074074,0.0,6.402074074074074,0.0,0.0,-2.5,0.0,1.4020740740740738
2010-07-11 12:30:00,house_2,3,48.0,6.250000000000001,0.30000000000000004,48.0,5.625,0.27,48.0,-0.625,-0.03,0.428761578947369,48.0,6.250000000000001,47.75000087301587,5.782411586589357e-16,2.7755575615628914e-17,0.030000000000000027,0.030000000000000027,0.0,0.03,0.0,1.3877787807814457e-17,0.0,0.0
2010-07-11 13:00:00,house_0,1,48.0,13.029100529100532,0.6253968253968255,48.0,27.875,1.338,48.0,14.845833333333333,0.7126,0.2586772894736841,47.99999841269841,27.87500092179236,47.88478502645503,6.613756832376662e-05,-3.1746031745605308e-06,-0.7126031746031746,0.0,0.7126031746031746,0.0,0.7126,-1.5873015872802654e-06,0.0,0.0
2010-07-11 13:00:00,house_1,2,48.0,12.577160493827158,0.6037037037037036,48.0,60.583333333333336,2.908,48.0,0.0,0.0,0.2,46.84785185185185,62.073283726990134,47.88478502645503,49.18680804369068,-2.3042962962962963,-2.3042962962962963,0.0,2.3042962962962963,0.0,0.0,-1.1521481481481481,0.0,0.0
2010-07-11 13:00:00,house_2,3,48.0,9.374999999999998,0.44999999999999996,48.0,32.375,1.554,48.0,23.0,1.104,0.31255105263157945,48.0,32.375,47.88478502645503,0.0,0.0,-1.104,0.0,1.104,0.0,1.104,0.0,0.0,0.0
2010-07-11 13:30:00,house_0,1,48.0,6.415343915343915,0.30793650793650795,48.0,11.625,0.558,48.0,5.210416666666666,0.2501,0.23235097368421043,48.00001825396826,11.625756160840085,47.89102034391534,0.0007605817213386583,3.650793650789019e-05,-0.2500634920634921,0.0,0.2500634920634921,0.0,0.2501,1.8253968253945096e-05,0.0,0.0
2010-07-11 13:30:00,house_1,2,48.0,13.966049382716049,0.6703703703703703,48.0,59.375,2.85,48.0,0.0,0.0,0.2,46.910185185185185,60.75439669976116,47.89102034391534,46.463888834060356,-2.1796296296296296,-2.1796296296296296,0.0,2.1796296296296296,0.0,0.0,-1.0898148148148148,0.0,0.0
2010-07-11 13:30:00,house_2,3,48.0,13.25,0.636,48.0,21.958333333333332,1.054,48.0,8.708333333333334,0.418,0.2685510526315794,48.0,21.958333333333332,47.89102034391534,1.1564823173178713e-15,-5.551115123125783e-17,-0.41800000000000004,0.0,0.41800000000000004,0.0,0.418,-2.7755575615628914e-17,0.0,0.0
2010-07-11 14:00:00,house_0,1,48.0,8.267195767195767,0.39682539682539686,48.0,13.875,0.666,48.0,5.608333333333333,0.2692,0.20401413157894727,48.0000126984127,13.87552542975518,47.87472719576719,0.0005291003891267127,2.5396825396817313e-05,-0.2691746031746032,0.0,0.2691746031746032,0.0,0.2692,1.2698412698408656e-05,0.0,0.0
2010-07-11 14:00:00,house_1,2,48.0,8.719135802469136,0.4185185185185185,48.0,60.916666666666664,2.924,48.0,0.0,0.0,0.2,46.74725925925926,62.54912151712598,47.87472719576719,53.59632887964911,-2.5054814814814814,-2.5054814814814814,0.0,2.5054814814814814,0.0,0.0,-1.2527407407407407,0.0,0.0
2010-07-11 14:00:00,house_2,3,48.0,8.625000000000002,0.41400000000000003,48.0,18.833333333333332,0.904,48.0,10.208333333333334,0.49,0.21697210526315835,48.0,18.833333333333332,47.87472719576719,0.0,0.0,-0.49,0.0,0.49,0.0,0.49,0.0,0.0,0.0
2010-07-11 14:30:00,house_0,1,48.0,8.697089947089948,0.41746031746031753,48.0,10.0,0.48,48.0,0.7937500000000001,0.0381,0.2000036052631578,47.98778015873016,10.002546448539487,47.971426904761906,0.5092897078973607,-0.02443968253968245,-0.06253968253968245,0.0,0.06253968253968245,0.0,0.0381,-0.012219841269841224,0.0,0.0
2010-07-11 14:30:00,house_1,2,48.0,5.787037037037037,0.2777777777777778,48.0,8.25,0.396,48.0,0.0,0.0,0.2,47.94088888888889,8.260172249158686,47.971426904761906,2.4659997960451294,-0.11822222222222223,-0.11822222222222223,0.0,0.11822222222222223,0.0,0.0,-0.059111111111111114,0.0,0.0
2010-07-11 14:30:00,house_2,3,48.0,4.749999999999999,0.22799999999999998,48.0,17.041666666666668,0.818,48.0,3.358333333333334,0.1612,0.20000368421052678,47.7856,17.118127636777604,47.971426904761906,8.973414585146989,-0.42879999999999996,-0.59,0.0,0.59,0.0,0.1612,-0.21439999999999998,0.0,0.0
2010-07-11 15:00:00,house_0,1,48.0,9.722222222222223,0.4666666666666667,48.0,22.5,1.08,48.0,0.0,0.0,0.2000036052631578,47.693333333333335,22.644674308079395,47.92450370370371,12.859938495946324,-0.6133333333333334,-0.6133333333333334,0.0,0.6133333333333334,0.0,0.0,-0.3066666666666667,0.0,0.0
2010-07-11 15:00:00,house_1,2,48.0,4.320987654320986,0.20740740740740737,48.0,9.416666666666666,0.452,48.0,0.0,0.0,0.2,47.8777037037037,9.44072010632027,47.92450370370371,5.108695147667902,-0.24459259259259264,-0.24459259259259264,0.0,0.24459259259259264,0.0,0.0,-0.12229629629629632,0.0,0.0
2010-07-11 15:00:00,house_2,3,48.0,3.875,0.186,48.0,17.458333333333332,0.838,48.0,0.0,0.0,0.20000368421052678,47.674,17.577715316524728,47.92450370370371,13.676217644837855,-0.6519999999999999,-0.6519999999999999,0.0,0.6519999999999999,0.0,0.0,-0.32599999999999996,0.0,0.0
2010-07-11 15:30:00,house_0,1,48.0,16.964285714285715,0.8142857142857144,48.0,40.291666666666664,1.934,48.0,0.0,0.0,0.2000036052631578,47.44014285714286,40.767162228492445,47.91281317460317,23.60267525091769,-1.1197142857142857,-1.1197142857142857,0.0,1.1197142857142857,0.0,0.0,-0.5598571428571428,0.0,0.0
2010-07-11 15:30:00,house_1,2,48.0,12.037037037037036,0.5777777777777777,48.0,5.625,0.27,48.0,-6.4125000000000005,-0.3078,0.229241,47.999988888888886,12.03750278645898,47.91281317460317,0.0004629630701322168,-2.2222222222312293e-05,0.3077777777777777,0.3077777777777777,0.0,0.3078,0.0,-1.1111111111156147e-05,0.0,0.0
2010-07-11 15:30:00,house_2,3,48.0,4.749999999999999,0.22799999999999998,48.0,17.75,0.852,48.0,0.0,0.0,0.20000368421052678,47.688,17.866129843985906,47.91281317460317,13.085052843482636,-0.624,-0.624,0.0,0.624,0.0,0.0,-0.312,0.0,0.0
2010-07-11 16:00:00,house_0,1,48.0,1.6534391534391537,0.07936507936507937,48.0,70.66666666666667,3.392,48.0,0.0,0.0,0.2000036052631578,46.34368253968254,73.1922845599407,47.5895058771164,71.47975169643505,-3.3126349206349204,-3.3126349206349204,0.0,3.3126349206349204,0.0,0.0,-1.6563174603174602,0.0,0.0
2010-07-11 16:00:00,house_1,2,48.0,3.3950617283950617,0.16296296296296295,48.0,102.29166666666667,4.91,48.0,5.787281249999999,0.2777894999999999,0.2,45.76537623148148,107.28634623618514,47.5895058771164,97.65564942439374,-4.469247537037037,-4.747037037037037,0.0,4.747037037037037,0.0,0.2777894999999999,-2.2346237685185186,0.0,0.0
2010-07-11 16:00:00,house_2,3,48.0,5.5,0.264,48.0,14.416666666666666,0.692,48.0,0.0,0.0,0.20000368421052678,47.786,14.48122881178588,47.5895058771164,8.956598166827103,-0.42799999999999994,-0.42799999999999994,0.0,0.42799999999999994,0.0,0.0,-0.21399999999999997,0.0,0.0
2010-07-11 16:30:00,house_0,1,48.0,1.2566137566137565,0.06031746031746032,48.0,83.54166666666667,4.01,48.0,0.0,0.0,0.2000036052631578,46.02515873015873,87.12626117185735,47.71312328042328,85.81572880257002,-3.9496825396825397,-3.9496825396825397,0.0,3.9496825396825397,0.0,0.0,-1.9748412698412698,0.0,0.0
2010-07-11 16:30:00,house_1,2,48.0,1.0030864197530862,0.04814814814814814,48.0,22.583333333333332,1.084,48.0,0.0,0.0,0.2,47.48207407407408,22.829668272470858,47.71312328042328,21.815640366422883,-1.035851851851852,-1.035851851851852,0.0,1.035851851851852,0.0,0.0,-0.517925925925926,0.0,0.0
2010-07-11 16:30:00,house_2,3,48.0,0.7500000000000001,0.036000000000000004,48.0,16.416666666666668,0.788,48.0,0.0,0.0,0.20000368421052678,47.624,16.546279186964554,47.71312328042328,15.79035780278851,-0.752,-0.752,0.0,0.752,0.0,0.0,-0.376,0.0,0.0
2010-07-11 17:00:00,house_0,1,48.0,0.19841269841269846,0.009523809523809525,48.0,68.91666666666667,3.308,48.0,0.0,0.0,0.2000036052631578,46.3507619047619,71.36883762120313,47.76667619047619,71.16336506514507,-3.2984761904761903,-3.2984761904761903,0.0,3.2984761904761903,0.0,0.0,-1.6492380952380952,0.0,0.0
2010-07-11 17:00:00,house_1,2,48.0,0.0,0.0,48.0,9.916666666666666,0.476,48.0,0.0,0.0,0.2,47.762,9.966081822369247,47.76667619047619,9.966081822369247,-0.476,-0.476,0.0,0.476,0.0,0.0,-0.238,0.0,0.0
2010-07-11 17:00:00,house_2,3,48.0,0.0,0.0,48.0,18.583333333333332,0.892,48.0,0.0,0.0,0.20000368421052678,47.554,18.75762291289902,47.76667619047619,18.75762291289902,-0.892,-0.892,0.0,0.892,0.0,0.0,-0.446,0.0,0.0
2010-07-11 17:30:00,house_0,1,48.0,0.0,0.0,48.0,56.416666666666664,2.708,48.0,0.0,0.0,0.2000036052631578,46.646,58.05428118166616,47.7522,58.05428118166616,-2.708,-2.708,0.0,2.708,0.0,0.0,-1.354,0.0,0.0
2010-07-11 17:30:00,house_1,2,48.0,0.0,0.0,48.0,31.333333333333332,1.504,48.0,0.0,0.0,0.2,47.248,31.832035218421947,47.7522,31.832035218421947,-1.504,-1.504,0.0,1.504,0.0,0.0,-0.752,0.0,0.0
2010-07-11 17:30:00,house_2,3,48.0,0.0,0.0,48.0,15.5,0.744,48.0,0.0,0.0,0.20000368421052678,47.628,15.621063240110859,47.7522,15.621063240110859,-0.744,-0.744,0.0,0.744,0.0,0.0,-0.372,0.0,0.0
2010-07-11 18:00:00,house_0,1,48.0,0.0,0.0,48.0,67.75,3.252,48.0,0.0,0.0,0.2000036052631578,46.374,70.12550135851986,47.7558,70.12550135851986,-3.252,-3.252,0.0,3.252,0.0,0.0,-1.626,0.0,0.0
2010-07-11 18:00:00,house_1,2,48.0,0.0,0.0,48.0,17.708333333333332,0.85,48.0,0.0,0.0,0.2,47.575,17.866526537046767,47.7558,17.866526537046767,-0.85,-0.85,0.0,0.85,0.0,0.0,-0.425,0.0,0.0
2010-07-11 18:00:00,house_2,3,48.0,0.0,0.0,48.0,16.291666666666668,0.782,48.0,0.0,0.0,0.20000368421052678,47.609,16.425465773278162,47.7558,16.425465773278162,-0.782,-0.782,0.0,0.782,0.0,0.0,-0.391,0.0,0.0
2010-07-11 18:30:00,house_0,1,48.0,0.0,0.0,48.0,51.125,2.454,48.0,0.0,0.0,0.2000036052631578,46.773,52.46616637803861,47.716,52.46616637803861,-2.454,-2.454,0.0,2.454,0.0,0.0,-1.227,0.0,0.0
2010-07-11 18:30:00,house_1,2,48.0,0.0,0.0,48.0,51.916666666666664,2.492,48.0,0.0,0.0,0.2,46.754,53.30025238482269,47.716,53.30025238482269,-2.492,-2.492,0.0,2.492,0.0,0.0,-1.246,0.0,0.0
2010-07-11 18:30:00,house_2,3,48.0,0.0,0.0,48.0,15.291666666666666,0.734,48.0,0.0,0.0,0.20000368421052678,47.633,15.409485020888878,47.716,15.409485020888878,-0.734,-0.734,0.0,0.734,0.0,0.0,-0.367,0.0,0.0
2010-07-11 19:00:00,house_0,1,48.0,0.0,0.0,48.0,38.208333333333336,1.834,48.0,0.0,0.0,0.2000036052631578,47.083,38.95248815920821,47.7943,38.95248815920821,-1.834,-1.834,0.0,1.834,0.0,0.0,-0.917,0.0,0.0
2010-07-11 19:00:00,house_1,2,48.0,0.0,0.0,48.0,31.375,1.506,48.0,0.0,0.0,0.2,47.247,31.87503968505937,47.7943,31.87503968505937,-1.506,-1.506,0.0,1.506,0.0,0.0,-0.753,0.0,0.0
2010-07-11 19:00:00,house_2,3,48.0,0.0,0.0,48.0,16.125,0.774,48.0,0.0,0.0,0.20000368421052678,47.613,16.256064520194066,47.7943,16.256064520194066,-0.774,-0.774,0.0,0.774,0.0,0.0,-0.387,0.0,0.0
2010-07-11 19:30:00,house_0,1,48.0,0.0,0.0,48.0,23.791666666666668,1.142,48.0,0.0,0.0,0.2000036052631578,47.429,24.078095679858315,47.824,24.078095679858315,-1.142,-1.142,0.0,1.142,0.0,0.0,-0.571,0.0,0.0
2010-07-11 19:30:00,house_1,2,48.0,0.0,0.0,48.0,34.625,1.662,48.0,0.0,0.0,0.2,47.169,35.235006042103926,47.824,35.235006042103926,-1.662,-1.662,0.0,1.662,0.0,0.0,-0.831,0.0,0.0
2010-07-11 19:30:00,house_2,3,48.0,0.0,0.0,48.0,14.916666666666666,0.716,48.0,0.0,0.0,0.20000368421052678,47.642,15.028756139540741,47.824,15.028756139540741,-0.716,-0.716,0.0,0.716,0.0,0.0,-0.358,0.0,0.0
2010-07-11 20:00:00,house_0,1,48.0,0.0,0.0,48.0,13.5,0.648,48.0,0.0,0.0,0.2000036052631578,47.676,13.591744273848477,47.8591,13.591744273848477,-0.648,-0.648,0.0,0.648,0.0,0.0,-0.324,0.0,0.0
2010-07-11 20:00:00,house_1,2,48.0,0.0,0.0,48.0,28.375,1.362,48.0,0.0,0.0,0.2,47.319,28.78336397641539,47.8591,28.78336397641539,-1.362,-1.362,0.0,1.362,0.0,0.0,-0.681,0.0,0.0
2010-07-11 20:00:00,house_2,3,48.0,0.0,0.0,48.0,16.833333333333332,0.808,48.0,0.0,0.0,0.20000368421052678,47.596,16.976216488780572,47.8591,16.976216488780572,-0.808,-0.808,0.0,0.808,0.0,0.0,-0.404,0.0,0.0
2010-07-11 20:30:00,house_0,1,48.0,0.0,0.0,48.0,9.75,0.468,48.0,0.0,0.0,0.2000036052631578,47.766,9.79776409998744,47.8445,9.79776409998744,-0.468,-0.468,0.0,0.468,0.0,0.0,-0.234,0.0,0.0
2010-07-11 20:30:00,house_1,2,48.0,0.0,0.0,48.0,38.375,1.842,48.0,0.0,0.0,0.2,47.079,39.125724845472504,47.8445,39.125724845472504,-1.842,-1.842,0.0,1.842,0.0,0.0,-0.921,0.0,0.0
2010-07-11 20:30:00,house_2,3,48.0,0.0,0.0,48.0,16.666666666666668,0.8,48.0,0.0,0.0,0.20000368421052678,47.6,16.80672268907563,47.8445,16.80672268907563,-0.8,-0.8,0.0,0.8,0.0,0.0,-0.4,0.0,0.0
2010-07-11 21:00:00,house_0,1,48.0,0.0,0.0,48.0,12.333333333333334,0.592,48.0,0.0,0.0,0.2000036052631578,47.704,12.40986080831796,47.8502,12.40986080831796,-0.592,-0.592,0.0,0.592,0.0,0.0,-0.296,0.0,0.0
2010-07-11 21:00:00,house_1,2,48.0,0.0,0.0,48.0,33.333333333333336,1.6,48.0,0.0,0.0,0.2,47.2,33.89830508474576,47.8502,33.89830508474576,-1.6,-1.6,0.0,1.6,0.0,0.0,-0.8,0.0,0.0
2010-07-11 21:00:00,house_2,3,48.0,0.0,0.0,48.0,16.75,0.804,48.0,0.0,0.0,0.20000368421052678,47.598,16.891466027984368,47.8502,16.891466027984368,-0.804,-0.804,0.0,0.804,0.0,0.0,-0.402,0.0,0.0
2010-07-11 21:30:00,house_0,1,48.0,0.0,0.0,48.0,20.916666666666668,1.004,48.0,0.0,0.0,0.2000036052631578,47.498,21.137732115036425,47.8337,21.137732115036425,-1.004,-1.004,0.0,1.004,0.0,0.0,-0.502,0.0,0.0
2010-07-11 21:30:00,house_1,2,48.0,0.0,0.0,48.0,31.708333333333332,1.522,48.0,0.0,0.0,0.2,47.239,32.219140964033954,47.8337,32.219140964033954,-1.522,-1.522,0.0,1.522,0.0,0.0,-0.761,0.0,0.0
2010-07-11 21:30:00,house_2,3,48.0,0.0,0.0,48.0,16.666666666666668,0.8,48.0,0.0,0.0,0.20000368421052678,47.6,16.80672268907563,47.8337,16.80672268907563,-0.8,-0.8,0.0,0.8,0.0,0.0,-0.4,0.0,0.0
2010-07-11 22:00:00,house_0,1,48.0,0.0,0.0,48.0,26.25,1.26,48.0,0.0,0.0,0.2000036052631578,47.37,26.599113362887906,47.8545,26.599113362887906,-1.26,-1.26,0.0,1.26,0.0,0.0,-0.63,0.0,0.0
2010-07-11 22:00:00,house_1,2,48.0,0.0,0.0,48.0,15.125,0.726,48.0,0.0,0.0,0.2,47.637,15.24025442408212,47.8545,15.24025442408212,-0.726,-0.726,0.0,0.726,0.0,0.0,-0.363,0.0,0.0
2010-07-11 22:00:00,house_2,3,48.0,0.0,0.0,48.0,19.25,0.924,48.0,0.0,0.0,0.20000368421052678,47.538,19.437081913416637,47.8545,19.437081913416637,-0.924,-0.924,0.0,0.924,0.0,0.0,-0.462,0.0,0.0
2010-07-11 22:30:00,house_0,1,48.0,0.0,0.0,48.0,6.25,0.3,48.0,0.0,0.0,0.2000036052631578,47.85,6.269592476489028,47.9061,6.269592476489028,-0.3,-0.3,0.0,0.3,0.0,0.0,-0.15,0.0,0.0
2010-07-11 22:30:00,house_1,2,48.0,0.0,0.0,48.0,14.708333333333334,0.706,48.0,0.0,0.0,0.2,47.647,14.817302243583017,47.9061,14.817302243583017,-0.706,-0.706,0.0,0.706,0.0,0.0,-0.353,0.0,0.0
2010-07-11 22:30:00,house_2,3,48.0,0.0,0.0,48.0,18.166666666666668,0.872,48.0,0.0,0.0,0.20000368421052678,47.564,18.33319317130603,47.9061,18.33319317130603,-0.872,-0.872,0.0,0.872,0.0,0.0,-0.436,0.0,0.0
2010-07-11 23:00:00,house_0,1,48.0,0.0,0.0,48.0,3.625,0.174,48.0,0.0,0.0,0.2000036052631578,47.913,3.6315822428151026,47.9245,3.6315822428151026,-0.174,-0.174,0.0,0.174,0.0,0.0,-0.087,0.0,0.0
2010-07-11 23:00:00,house_1,2,48.0,0.0,0.0,48.0,8.875,0.426,48.0,0.0,0.0,0.2,47.787,8.914558352690062,47.9245,8.914558352690062,-0.426,-0.426,0.0,0.426,0.0,0.0,-0.213,0.0,0.0
2010-07-11 23:00:00,house_2,3,48.0,0.0,0.0,48.0,18.958333333333332,0.91,48.0,0.0,0.0,0.20000368421052678,47.545,19.139762330423807,47.9245,19.139762330423807,-0.91,-0.91,0.0,0.91,0.0,0.0,-0.455,0.0,0.0
2010-07-11 23:30:00,house_0,1,48.0,0.0,0.0,48.0,5.875,0.282,48.0,0.0,0.0,0.2000036052631578,47.859,5.892308656678995,47.7883,5.892308656678995,-0.282,-0.282,0.0,0.282,0.0,0.0,-0.141,0.0,0.0
2010-07-11 23:30:00,house_1,2,48.0,0.0,0.0,48.0,63.958333333333336,3.07,48.0,0.0,0.0,0.2,46.465,66.07123641450553,47.7883,66.07123641450553,-3.07,-3.07,0.0,3.07,0.0,0.0,-1.535,0.0,0.0
2010-07-11 23:30:00,house_2,3,48.0,0.0,0.0,48.0,18.375,0.882,48.0,0.0,0.0,0.20000368421052678,47.559,18.545385731407304,47.7883,18.545385731407304,-0.882,-0.882,0.0,0.882,0.0,0.0,-0.441,0.0,0.0
2010-07-12 00:00:00,house_0,1,48.0,0.0,0.0,48.0,59.625,2.862,48.0,0.0,0.0,0.2000036052631578,46.569,61.45719255298589,47.815,61.45719255298589,-2.862,-2.862,0.0,2.862,0.0,0.0,-1.431,0.0,0.0
2010-07-12 00:00:00,house_1,2,48.0,0.0,0.0,48.0,3.8333333333333335,0.184,48.0,0.0,0.0,0.2,47.908,3.8406946647741504,47.815,3.8406946647741504,-0.184,-0.184,0.0,0.184,0.0,0.0,-0.092,0.0,0.0
2010-07-12 00:00:00,house_2,3,48.0,0.0,0.0,48.0,13.625,0.654,48.0,0.0,0.0,0.20000368421052678,47.673,13.718456988232333,47.815,13.718456988232333,-0.654,-0.654,0.0,0.654,0.0,0.0,-0.327,0.0,0.0
2010-07-12 00:30:00,house_0,1,48.0,0.0,0.0,48.0,57.208333333333336,2.746,48.0,0.0,0.0,0.2000036052631578,46.627,58.89291612156047,47.6373,58.89291612156047,-2.746,-2.746,0.0,2.746,0.0,0.0,-1.373,0.0,0.0
2010-07-12 00:30:00,house_1,2,48.0,0.0,0.0,48.0,7.333333333333333,0.352,48.0,0.0,0.0,0.2,47.824,7.360321177651389,47.6373,7.360321177651389,-0.352,-0.352,0.0,0.352,0.0,0.0,-0.176,0.0,0.0
2010-07-12 00:30:00,house_2,3,48.0,0.0,0.0,48.0,86.58333333333333,4.156,48.0,0.0,0.0,0.20000368421052678,45.922,90.50128478724795,47.6373,90.50128478724795,-4.156,-4.156,0.0,4.156,0.0,0.0,-2.078,0.0,0.0
2010-07-12 01:00:00,house_0,1,48.0,0.0,0.0,48.0,57.791666666666664,2.774,48.0,0.0,0.0,0.2000036052631578,46.613,59.51129513225924,47.8337,59.51129513225924,-2.774,-2.774,0.0,2.774,0.0,0.0,-1.387,0.0,0.0
2010-07-12 01:00:00,house_1,2,48.0,0.0,0.0,48.0,3.625,0.174,48.0,0.0,0.0,0.2,47.913,3.6315822428151026,47.8337,3.6315822428151026,-0.174,-0.174,0.0,0.174,0.0,0.0,-0.087,0.0,0.0
2010-07-12 01:00:00,house_2,3,48.0,0.0,0.0,48.0,7.875,0.378,48.0,0.0,0.0,0.20000368421052678,47.811,7.906130388404342,47.8337,7.906130388404342,-0.378,-0.378,0.0,0.378,0.0,0.0,-0.189,0.0,0.0
2010-07-12 01:30:00,house_0,1,48.0,0.0,0.0,48.0,55.75,2.676,48.0,0.0,0.0,0.2000036052631578,46.662,57.34859200205735,47.8494,57.34859200205735,-2.676,-2.676,0.0,2.676,0.0,0.0,-1.338,0.0,0.0
2010-07-12 01:30:00,house_1,2,48.0,0.0,0.0,48.0,4.833333333333333,0.232,48.0,0.0,0.0,0.2,47.884,4.845042185281096,47.8494,4.845042185281096,-0.232,-0.232,0.0,0.232,0.0,0.0,-0.116,0.0,0.0
2010-07-12 01:30:00,house_2,3,48.0,0.0,0.0,48.0,2.1666666666666665,0.104,48.0,0.0,0.0,0.20000368421052678,47.948,2.1690164344706764,47.8494,2.1690164344706764,-0.104,-0.104,0.0,0.104,0.0,0.0,-0.052,0.0,0.0
2010-07-12 02:00:00,house_0,1,48.0,0.0,0.0,48.0,24.875,1.194,48.0,0.0,0.0,0.2000036052631578,47.403,25.188279222833998,47.9211,25.188279222833998,-1.194,-1.194,0.0,1.194,0.0,0.0,-0.597,0.0,0.0
2010-07-12 02:00:00,house_1,2,48.0,0.0,0.0,48.0,5.958333333333333,0.286,48.0,0.0,0.0,0.2,47.857,5.976137242200723,47.9211,5.976137242200723,-0.286,-0.286,0.0,0.286,0.0,0.0,-0.143,0.0,0.0
2010-07-12 02:00:00,house_2,3,48.0,0.0,0.0,48.0,2.0416666666666665,0.098,48.0,0.0,0.0,0.20000368421052678,47.951,2.043752997851974,47.9211,2.043752997851974,-0.098,-0.098,0.0,0.098,0.0,0.0,-0.049,0.0,0.0
2010-07-12 02:30:00,house_0,1,48.0,0.0,0.0,48.0,35.25,1.692,48.0,0.0,0.0,0.2000036052631578,47.154,35.88242778979514,47.8996,35.88242778979514,-1.692,-1.692,0.0,1.692,0.0,0.0,-0.846,0.0,0.0
2010-07-12 02:30:00,house_1,2,48.0,0.0,0.0,48.0,4.166666666666667,0.2,48.0,0.0,0.0,0.2,47.9,4.175365344467641,47.8996,4.175365344467641,-0.2,-0.2,0.0,0.2,0.0,0.0,-0.1,0.0,0.0
2010-07-12 02:30:00,house_2,3,48.0,0.0,0.0,48.0,2.4166666666666665,0.116,48.0,0.0,0.0,0.20000368421052678,47.942,2.4195903383254764,47.8996,2.4195903383254764,-0.116,-0.116,0.0,0.116,0.0,0.0,-0.058,0.0,0.0
2010-07-12 03:00:00,house_0,1,48.0,0.0,0.0,48.0,49.75000000000001,2.3880000000000003,48.0,0.0,0.0,0.2000036052631578,46.806,51.01910011536984,47.8642,51.01910011536984,-2.3880000000000003,-2.3880000000000003,0.0,2.3880000000000003,0.0,0.0,-1.1940000000000002,0.0,0.0
2010-07-12 03:00:00,house_1,2,48.0,0.0,0.0,48.0,4.541666666666667,0.218,48.0,0.0,0.0,0.2,47.891,4.552003507966006,47.8642,4.552003507966006,-0.218,-0.218,0.0,0.218,0.0,0.0,-0.109,0.0,0.0
2010-07-12 03:00:00,house_2,3,48.0,0.0,0.0,48.0,2.2916666666666665,0.11,48.0,0.0,0.0,0.20000368421052678,47.945,2.2942955469809156,47.8642,2.2942955469809156,-0.11,-0.11,0.0,0.11,0.0,0.0,-0.055,0.0,0.0
2010-07-12 03:30:00,house_0,1,48.0,0.0,0.0,48.0,5.333333333333333,0.256,48.0,0.0,0.0,0.2000036052631578,47.872,5.347593582887701,47.967,5.347593582887701,-0.256,-0.256,0.0,0.256,0.0,0.0,-0.128,0.0,0.0
2010-07-12 03:30:00,house_1,2,48.0,0.0,0.0,48.0,6.125,0.294,48.0,0.0,0.0,0.2,47.853,6.14381543476898,47.967,6.14381543476898,-0.294,-0.294,0.0,0.294,0.0,0.0,-0.147,0.0,0.0
2010-07-12 03:30:00,house_2,3,48.0,0.0,0.0,48.0,2.2916666666666665,0.11,48.0,0.0,0.0,0.20000368421052678,47.945,2.2942955469809156,47.967,2.2942955469809156,-0.11,-0.11,0.0,0.11,0.0,0.0,-0.055,0.0,0.0
2010-07-12 04:00:00,house_0,1,48.0,0.0,0.0,48.0,3.4166666666666665,0.164,48.0,0.0,0.0,0.2000036052631578,47.918,3.4225134604950123,47.8728,3.4225134604950123,-0.164,-0.164,0.0,0.164,0.0,0.0,-0.082,0.0,0.0
2010-07-12 04:00:00,house_1,2,48.0,0.0,0.0,48.0,4.25,0.204,48.0,0.0,0.0,0.2,47.898,4.259050482274834,47.8728,4.259050482274834,-0.204,-0.204,0.0,0.204,0.0,0.0,-0.102,0.0,0.0
2010-07-12 04:00:00,house_2,3,48.0,0.0,0.0,48.0,45.333333333333336,2.176,48.0,0.0,0.0,0.20000368421052678,46.912,46.384720327421554,47.8728,46.384720327421554,-2.176,-2.176,0.0,2.176,0.0,0.0,-1.088,0.0,0.0
2010-07-12 04:30:00,house_0,1,48.0,0.0,0.0,48.0,5.333333333333333,0.256,48.0,0.0,0.0,0.2000036052631578,47.872,5.347593582887701,47.9751,5.347593582887701,-0.256,-0.256,0.0,0.256,0.0,0.0,-0.128,0.0,0.0
2010-07-12 04:30:00,house_1,2,48.0,0.0,0.0,48.0,3.875,0.186,48.0,0.0,0.0,0.2,47.907,3.882522387125055,47.9751,3.882522387125055,-0.186,-0.186,0.0,0.186,0.0,0.0,-0.093,0.0,0.0
2010-07-12 04:30:00,house_2,3,48.0,0.7500000000000001,0.036000000000000004,48.0,1.9166666666666667,0.092,48.0,0.0,0.0,0.20000368421052678,47.972,1.9177853748019678,47.9751,1.167347619444676,-0.055999999999999994,-0.055999999999999994,0.0,0.055999999999999994,0.0,0.0,-0.027999999999999997,0.0,0.0
2010-07-12 05:00:00,house_0,1,48.0,0.0,0.0,48.0,46.58333333333332,2.2359999999999998,48.0,0.0,0.0,0.2000036052631578,46.882,47.694210997824314,47.8701,47.694210997824314,-2.2359999999999998,-2.2359999999999998,0.0,2.2359999999999998,0.0,0.0,-1.1179999999999999,0.0,0.0
2010-07-12 05:00:00,house_1,2,48.0,0.0,0.0,48.0,5.708333333333333,0.274,48.0,0.0,0.0,0.2,47.863,5.724672502768318,47.8701,5.724672502768318,-0.274,-0.274,0.0,0.274,0.0,0.0,-0.137,0.0,0.0
2010-07-12 05:00:00,house_2,3,48.0,0.0,0.0,48.0,1.8333333333333333,0.088,48.0,0.0,0.0,0.20000368421052678,47.956,1.8350154308115771,47.8701,1.8350154308115771,-0.088,-0.088,0.0,0.088,0.0,0.0,-0.044,0.0,0.0
2010-07-12 05:30:00,house_0,1,48.0,0.0,0.0,48.0,14.333333333333334,0.688,48.0,0.0,0.0,0.2000036052631578,47.656,14.436797045492698,47.9488,14.436797045492698,-0.688,-0.688,0.0,0.688,0.0,0.0,-0.344,0.0,0.0
2010-07-12 05:30:00,house_1,2,48.0,0.0,0.0,48.0,5.208333333333333,0.25,48.0,0.0,0.0,0.2,47.875,5.221932114882507,47.9488,5.221932114882507,-0.25,-0.25,0.0,0.25,0.0,0.0,-0.125,0.0,0.0
2010-07-12 05:30:00,house_2,3,48.0,0.0,0.0,48.0,1.7916666666666667,0.086,48.0,0.0,0.0,0.20000368421052678,47.957,1.7932731405217173,47.9488,1.7932731405217173,-0.086,-0.086,0.0,0.086,0.0,0.0,-0.043,0.0,0.0
2010-07-12 06:00:00,house_0,1,48.0,0.0,0.0,48.0,5.166666666666667,0.248,48.0,0.0,0.0,0.2000036052631578,47.876,5.180048458517838,47.9749,5.180048458517838,-0.248,-0.248,0.0,0.248,0.0,0.0,-0.124,0.0,0.0
2010-07-12 06:00:00,house_1,2,48.0,0.0,0.0,48.0,3.5833333333333335,0.172,48.0,0.0,0.0,0.2,47.914,3.589764995617147,47.9749,3.589764995617147,-0.172,-0.172,0.0,0.172,0.0,0.0,-0.086,0.0,0.0
2010-07-12 06:00:00,house_2,3,48.0,0.0,0.0,48.0,1.7083333333333333,0.082,48.0,0.0,0.0,0.20000368421052678,47.959,1.709793782188953,47.9749,1.709793782188953,-0.082,-0.082,0.0,0.082,0.0,0.0,-0.041,0.0,0.0
2010-07-12 06:30:00,house_0,1,48.0,0.0,0.0,48.0,3.5416666666666665,0.17,48.0,0.0,0.0,0.2000036052631578,47.915,3.54794949389544,47.9757,3.54794949389544,-0.17,-0.17,0.0,0.17,0.0,0.0,-0.085,0.0,0.0
2010-07-12 06:30:00,house_1,2,48.0,0.0,0.0,48.0,4.666666666666667,0.224,48.0,0.0,0.0,0.2,47.888,4.677581022385566,47.9757,4.677581022385566,-0.224,-0.224,0.0,0.224,0.0,0.0,-0.112,0.0,0.0
2010-07-12 06:30:00,house_2,3,48.0,0.0,0.0,48.0,1.9166666666666667,0.092,48.0,0.0,0.0,0.20000368421052678,47.954,1.9185052341827584,47.9757,1.9185052341827584,-0.092,-0.092,0.0,0.092,0.0,0.0,-0.046,0.0,0.0
2010-07-12 07:00:00,house_0,1,48.0,0.0,0.0,48.0,5.958333333333333,0.286,48.0,0.0,0.0,0.2000036052631578,47.857,5.976137242200723,47.9623,5.976137242200723,-0.286,-0.286,0.0,0.286,0.0,0.0,-0.143,0.0,0.0
2010-07-12 07:00:00,house_1,2,48.0,0.0,0.0,48.0,7.583333333333333,0.364,48.0,0.0,0.0,0.2,47.818,7.612196244092183,47.9623,7.612196244092183,-0.364,-0.364,0.0,0.364,0.0,0.0,-0.182,0.0,0.0
2010-07-12 07:00:00,house_2,3,48.0,0.0,0.0,48.0,2.1666666666666665,0.104,48.0,0.0,0.0,0.20000368421052678,47.948,2.1690164344706764,47.9623,2.1690164344706764,-0.104,-0.104,0.0,0.104,0.0,0.0,-0.052,0.0,0.0
2010-07-12 07:30:00,house_0,1,48.0,0.42989417989417994,0.020634920634920634,48.0,34.083333333333336,1.636,48.0,0.0,0.0,0.2000036052631578,47.19231746031746,34.66665949125429,47.66373174603174,34.22940779976294,-1.6153650793650793,-1.6153650793650793,0.0,1.6153650793650793,0.0,0.0,-0.8076825396825397,0.0,0.0
2010-07-12 07:30:00,house_1,2,48.0,0.46296296296296285,0.02222222222222222,48.0,120.62499999999999,5.789999999999999,48.0,0.0,0.0,0.2,45.5,110.37851037851037,47.66373174603174,109.89010989010988,-5.0,-5.767777777777777,0.0,5.767777777777777,0.0,0.0,-2.5,0.0,0.767777777777777
2010-07-12 07:30:00,house_2,3,48.0,0.0,0.0,48.0,2.2916666666666665,0.11,48.0,0.0,0.0,0.20000368421052678,47.945,2.2942955469809156,47.66373174603174,2.2942955469809156,-0.11,-0.11,0.0,0.11,0.0,0.0,-0.055,0.0,0.0
2010-07-12 08:00:00,house_0,1,48.0,1.4550264550264551,0.06984126984126984,48.0,47.25,2.268,48.0,0.0,0.0,0.2000036052631578,46.90092063492064,48.35725971467037,47.66409947089947,46.86813607070358,-2.1981587301587298,-2.1981587301587298,0.0,2.1981587301587298,0.0,0.0,-1.0990793650793649,0.0,0.0
2010-07-12 08:00:00,house_1,2,48.0,1.0030864197530862,0.04814814814814814,48.0,95.16666666666669,4.5680000000000005,48.0,0.0,0.0,0.2,45.74007407407407,99.86866205337408,47.66409947089947,98.81601513220437,-4.519851851851852,-4.519851851851852,0.0,4.519851851851852,0.0,0.0,-2.259925925925926,0.0,0.0
2010-07-12 08:00:00,house_2,3,48.0,2.3749999999999996,0.11399999999999999,48.0,2.2083333333333335,0.106,48.0,-0.16666666666666666,-0.008,0.2007636842105268,48.0,2.3749999999999996,47.66409947089947,1.4456028966473392e-16,-6.938893903907228e-18,0.007999999999999993,0.007999999999999993,0.0,0.008,0.0,-3.469446951953614e-18,0.0,0.0
2010-07-12 08:30:00,house_0,1,48.0,4.332010582010583,0.20793650793650797,48.0,41.291666666666664,1.982,48.0,0.0,0.0,0.2000036052631578,47.112968253968255,42.06909633279282,47.89585957539683,37.65552368724009,-1.7740634920634921,-1.7740634920634921,0.0,1.7740634920634921,0.0,0.0,-0.8870317460317461,0.0,0.0
2010-07-12 08:30:00,house_1,2,48.0,0.0,0.0,48.0,5.583333333333333,0.268,48.0,0.0,0.0,0.2,47.866,5.598963773868717,47.89585957539683,5.598963773868717,-0.268,-0.268,0.0,0.268,0.0,0.0,-0.134,0.0,0.0
2010-07-12 08:30:00,house_2,3,48.0,0.7500000000000001,0.036000000000000004,48.0,1.75,0.084,48.0,0.15114583333342466,0.007255000000004383,0.2,47.9796275,1.7507430627717984,47.89585957539683,0.8492145963408244,-0.04074499999999562,-0.048,0.0,0.048,0.0,0.007255000000004383,-0.02037249999999781,0.0,0.0
2010-07-12 09:00:00,house_0,1,48.0,6.216931216931218,0.2984126984126984,48.0,32.25,1.548,48.0,0.0,0.0,0.2000036052631578,47.37520634920635,32.67531941897141,47.93752193121693,26.37639807574654,-1.2495873015873016,-1.2495873015873016,0.0,1.2495873015873016,0.0,0.0,-0.6247936507936508,0.0,0.0
2010-07-12 09:00:00,house_1,2,48.0,6.790123456790123,0.3259259259259259,48.0,4.791666666666667,0.23,48.0,-1.9979166666666668,-0.0959,0.2091105,48.00001296296296,6.790121623038142,47.93752193121693,0.0005401233109226903,2.5925925925887605e-05,0.09592592592592589,0.09592592592592589,0.0,0.0959,0.0,1.2962962962943803e-05,0.0,0.0
2010-07-12 09:00:00,house_2,3,48.0,3.875,0.186,48.0,1.5416666666666667,0.074,48.0,-2.3333333333333335,-0.112,0.21064000000000002,48.0,3.875,47.93752193121693,0.0,0.0,0.112,0.112,0.0,0.112,0.0,0.0,0.0,0.0
2010-07-12 09:30:00,house_0,1,48.0,8.465608465608465,0.40634920634920635,48.0,52.083333333333336,2.5,48.0,0.0,0.0,0.2000036052631578,46.9531746031746,53.24453609641487,47.89531838624339,44.59018610233093,-2.0936507936507938,-2.0936507936507938,0.0,2.0936507936507938,0.0,0.0,-1.0468253968253969,0.0,0.0
2010-07-12 09:30:00,house_1,2,48.0,8.719135802469136,0.4185185185185185,48.0,5.791666666666667,0.278,48.0,-2.9270833333333335,-0.1405,0.22245800000000002,48.00000925925926,8.719134120537401,47.89531838624339,0.00038580239471310224,1.8518518518473304e-05,0.1405185185185185,0.1405185185185185,0.0,0.1405,0.0,9.259259259236652e-06,0.0,0.0
2010-07-12 09:30:00,house_2,3,48.0,11.75,0.5640000000000001,48.0,4.041666666666667,0.194,48.0,-7.708333333333333,-0.37,0.24579,48.0,11.75,47.89531838624339,1.1564823173178713e-15,5.551115123125783e-17,0.37000000000000005,0.37000000000000005,0.0,0.37,0.0,2.7755575615628914e-17,0.0,0.0
2010-07-12 10:00:00,house_0,1,48.0,10.945767195767196,0.5253968253968254,48.0,41.95833333333333,2.014,48.0,0.0,0.0,0.2000036052631578,47.255698412698415,42.61919869242274,47.925571878306876,31.501030026109216,-1.4886031746031745,-1.4886031746031745,0.0,1.4886031746031745,0.0,0.0,-0.7443015873015872,0.0,0.0
2010-07-12 10:00:00,house_1,2,48.0,9.182098765432096,0.44074074074074066,48.0,7.291666666666667,0.35,48.0,-1.8895833333333334,-0.0907,0.23107450000000002,48.00002037037037,9.182094868709736,47.925571878306876,0.0008487650718961605,4.0740740740674575e-05,0.09074074074074068,0.09074074074074068,0.0,0.0907,0.0,2.0370370370337287e-05,0.0,0.0
2010-07-12 10:00:00,house_2,3,48.0,12.500000000000002,0.6000000000000001,48.0,3.7916666666666665,0.182,48.0,-8.708333333333334,-0.418,0.2855,48.0,12.500000000000002,47.925571878306876,2.3129646346357427e-15,1.1102230246251565e-16,0.4180000000000001,0.4180000000000001,0.0,0.418,0.0,5.551115123125783e-17,0.0,0.0
2010-07-12 10:30:00,house_0,1,48.0,17.36111111111111,0.8333333333333334,48.0,24.583333333333332,1.18,48.0,0.0,0.0,0.2000036052631578,47.82666666666667,24.672428212991356,47.98266481481482,7.248396989127403,-0.34666666666666657,-0.34666666666666657,0.0,0.34666666666666657,0.0,0.0,-0.17333333333333328,0.0,0.0
2010-07-12 10:30:00,house_1,2,48.0,9.645061728395062,0.4629629629629629,48.0,7.333333333333333,0.352,48.0,-2.3125,-0.111,0.24161950000000001,47.999981481481484,9.645837054721085,47.98266481481482,0.0007716052359595283,-3.703703703707151e-05,0.11096296296296293,0.11096296296296293,0.0,0.111,0.0,-1.8518518518535754e-05,0.0,0.0
2010-07-12 10:30:00,house_2,3,48.0,14.125,0.678,48.0,1.6666666666666667,0.08,48.0,-12.458333333333334,-0.598,0.34231,48.0,14.125,47.98266481481482,2.3129646346357427e-15,1.1102230246251565e-16,0.5980000000000001,0.5980000000000001,0.0,0.598,0.0,5.551115123125783e-17,0.0,0.0
2010-07-12 11:00:00,house_0,1,48.0,13.657407407407407,0.6555555555555556,48.0,17.458333333333332,0.838,48.0,0.0,0.0,0.2000036052631578,47.90877777777778,17.49157542459164,47.99087740740741,3.808163199042624,-0.1824444444444444,-0.1824444444444444,0.0,0.1824444444444444,0.0,0.0,-0.0912222222222222,0.0,0.0
2010-07-12 11:00:00,house_1,2,48.0,8.179012345679011,0.3925925925925925,48.0,3.375,0.162,48.0,-4.804166666666666,-0.2306,0.2635265,47.999996296296295,8.179167297775255,47.99087740740741,0.000154320999563973,-7.407407407511446e-06,0.2305925925925925,0.2305925925925925,0.0,0.2306,0.0,-3.703703703755723e-06,0.0,0.0
2010-07-12 11:00:00,house_2,3,48.0,12.500000000000002,0.6000000000000001,48.0,2.0833333333333335,0.1,48.0,-10.416666666666666,-0.5,0.38981,48.0,12.500000000000002,47.99087740740741,2.3129646346357427e-15,1.1102230246251565e-16,0.5000000000000001,0.5000000000000001,0.0,0.5,0.0,5.551115123125783e-17,0.0,0.0
2010-07-12 11:30:00,house_0,1,48.0,13.657407407407407,0.6555555555555556,48.0,41.416666666666664,1.988,48.0,0.0,0.0,0.2000036052631578,47.333777777777776,41.99960563750575,47.93337759259259,28.149970422812935,-1.3324444444444445,-1.3324444444444445,0.0,1.3324444444444445,0.0,0.0,-0.6662222222222223,0.0,0.0
2010-07-12 11:30:00,house_1,2,48.0,14.506172839506172,0.6962962962962963,48.0,6.666666666666667,0.32,48.0,-7.839583333333334,-0.3763,0.29927499999999996,47.99999814814815,14.50625055965473,47.93337759259259,7.7160496804537e-05,-3.7037037037279674e-06,0.3762962962962963,0.3762962962962963,0.0,0.3763,0.0,-1.8518518518639837e-06,0.0,0.0
2010-07-12 11:30:00,house_2,3,48.0,18.749999999999996,0.8999999999999999,48.0,2.2083333333333335,0.106,48.0,-16.541666666666668,-0.794,0.46524000000000004,48.0,18.75,47.93337759259259,2.3129646346357427e-15,-1.1102230246251565e-16,0.7939999999999999,0.7939999999999999,0.0,0.794,0.0,-5.551115123125783e-17,0.0,0.0
2010-07-12 12:00:00,house_0,1,48.0,7.043650793650794,0.3380952380952381,48.0,50.291666666666664,2.414,48.0,0.0,0.0,0.2000036052631578,46.96204761904762,51.4032100896063,47.89620605820106,44.20388094540374,-2.075904761904762,-2.075904761904762,0.0,2.075904761904762,0.0,0.0,-1.037952380952381,0.0,0.0
2010-07-12 12:00:00,house_1,2,48.0,6.790123456790123,0.3259259259259259,48.0,3.6666666666666665,0.176,48.0,-3.122916666666667,-0.1499,0.31351549999999995,48.00001296296296,6.790121623038142,47.89620605820106,0.0005401233109229793,2.5925925925901483e-05,0.1499259259259259,0.1499259259259259,0.0,0.1499,0.0,1.2962962962950741e-05,0.0,0.0
2010-07-12 12:00:00,house_2,3,48.0,10.125,0.486,48.0,2.125,0.102,48.0,-8.0,-0.384,0.5017199999999999,48.0,10.125,47.89620605820106,0.0,0.0,0.384,0.384,0.0,0.384,0.0,0.0,0.0,0.0
2010-07-12 12:30:00,house_0,1,48.0,6.613756613756615,0.3174603174603175,48.0,51.625,2.478,48.0,0.0,0.0,0.2000036052631578,46.91973015873016,52.81360296866347,47.891972275132275,46.04757263587288,-2.1605396825396825,-2.1605396825396825,0.0,2.1605396825396825,0.0,0.0,-1.0802698412698413,0.0,0.0
2010-07-12 12:30:00,house_1,2,48.0,10.108024691358024,0.48518518518518516,48.0,4.416666666666667,0.212,48.0,-5.691666666666666,-0.2732,0.3394694999999999,47.99999259259259,10.108334893261558,47.891972275132275,0.0003086420229382928,-1.4814814814800847e-05,0.2731851851851852,0.2731851851851852,0.0,0.2732,0.0,-7.407407407400424e-06,0.0,0.0
2010-07-12 12:30:00,house_2,3,48.0,15.625,0.75,48.0,2.3333333333333335,0.112,48.0,-13.291666666666666,-0.638,0.56233,48.0,15.625,47.891972275132275,0.0,0.0,0.638,0.638,0.0,0.638,0.0,0.0,0.0,0.0
2010-07-12 13:00:00,house_0,1,48.0,7.638888888888889,0.3666666666666667,48.0,59.541666666666664,2.858,48.0,0.0,0.0,0.2000036052631578,46.754333333333335,61.128023783891685,47.87543333333333,53.28561345472434,-2.4913333333333334,-2.4913333333333334,0.0,2.4913333333333334,0.0,0.0,-1.2456666666666667,0.0,0.0
2010-07-12 13:00:00,house_1,2,48.0,6.25,0.3,48.0,5.666666666666667,0.272,48.0,-0.5833333333333334,-0.028,0.3421294999999999,48.0,6.250000000000001,47.87543333333333,6.505213034913027e-16,-3.122502256758253e-17,0.02799999999999997,0.02799999999999997,0.0,0.028,0.0,-1.5612511283791264e-17,0.0,0.0
2010-07-12 13:00:00,house_2,3,48.0,8.625000000000002,0.41400000000000003,48.0,2.25,0.108,48.0,-6.375,-0.306,0.5913999999999999,48.0,8.625000000000002,47.87543333333333,1.1564823173178713e-15,5.551115123125783e-17,0.30600000000000005,0.30600000000000005,0.0,0.306,0.0,2.7755575615628914e-17,0.0,0.0
2010-07-12 13:30:00,house_0,1,48.0,27.083333333333332,1.3,48.0,51.458333333333336,2.47,48.0,0.0,0.0,0.2000036052631578,47.415,52.093219445323214,47.941501296296295,24.67573552673205,-1.1700000000000002,-1.1700000000000002,0.0,1.1700000000000002,0.0,0.0,-0.5850000000000001,0.0,0.0
2010-07-12 13:30:00,house_1,2,48.0,19.290123456790123,0.9259259259259258,48.0,3.75,0.18,48.0,-15.539583333333333,-0.7459,0.41298999999999997,48.00001296296296,19.290118247267447,47.941501296296295,0.0005401233109224011,2.5925925925873727e-05,0.7459259259259259,0.7459259259259259,0.0,0.7459,0.0,1.2962962962936864e-05,0.0,0.0
2010-07-12 13:30:00,house_2,3,48.0,17.250000000000004,0.8280000000000001,48.0,9.125,0.438,48.0,-8.125,-0.39,0.62845,48.0,17.250000000000004,47.941501296296295,1.1564823173178713e-15,5.551115123125783e-17,0.39000000000000007,0.39000000000000007,0.0,0.39,0.0,2.7755575615628914e-17,0.0,0.0
2010-07-12 14:00:00,house_0,1,48.0,10.11904761904762,0.48571428571428577,48.0,53.958333333333336,2.59,48.0,0.0,0.0,0.2000036052631578,46.947857142857146,55.16758714074885,47.89478775132275,44.821762745903506,-2.104285714285714,-2.104285714285714,0.0,2.104285714285714,0.0,0.0,-1.052142857142857,0.0,0.0
2010-07-12 14:00:00,house_1,2,48.0,2.9320987654320985,0.14074074074074072,48.0,4.041666666666667,0.194,48.0,1.1104166666666666,0.0533,0.4073794736842105,48.00002037037037,4.042513716525815,47.89478775132275,0.0008487650718970279,4.074074074071621e-05,-0.053259259259259284,0.0,0.053259259259259284,0.0,0.0533,2.0370370370358104e-05,0.0,0.0
2010-07-12 14:00:00,house_2,3,48.0,6.250000000000001,0.30000000000000004,48.0,5.625,0.27,48.0,-0.625,-0.03,0.6313,48.0,6.250000000000001,47.89478775132275,5.782411586589357e-16,2.7755575615628914e-17,0.030000000000000027,0.030000000000000027,0.0,0.03,0.0,1.3877787807814457e-17,0.0,0.0
2010-07-12 14:30:00,house_0,1,48.0,19.642857142857142,0.9428571428571428,48.0,71.83333333333333,3.448,48.0,0.0,0.0,0.2000036052631578,46.74742857142857,73.75806767064347,47.874740634920634,53.58889106199883,-2.5051428571428573,-2.5051428571428573,0.0,2.5051428571428573,0.0,0.0,-1.2525714285714287,0.0,0.0
2010-07-12 14:30:00,house_1,2,48.0,5.3240740740740735,0.25555555555555554,48.0,5.458333333333333,0.262,48.0,0.13333333333333333,0.0064,0.4067057894736842,47.99997777777778,5.458335860340676,47.874740634920634,0.0009259263545961613,-4.444444444447453e-05,-0.006444444444444475,0.0,0.006444444444444475,0.0,0.0064,-2.2222222222237267e-05,0.0,0.0
2010-07-12 14:30:00,house_2,3,48.0,2.3749999999999996,0.11399999999999999,48.0,4.041666666666667,0.194,48.0,1.6666666666666667,0.08,0.6228789473684211,48.0,4.041666666666667,47.874740634920634,2.8912057932946783e-16,-1.3877787807814457e-17,-0.08000000000000002,0.0,0.08000000000000002,0.0,0.08,-6.938893903907228e-18,0.0,0.0
2010-07-12 15:00:00,house_0,1,48.0,6.415343915343915,0.30793650793650795,48.0,10.25,0.492,48.0,0.0,0.0,0.2000036052631578,47.90796825396826,10.269690365323461,47.99079497354497,3.8420225021386902,-0.18406349206349204,-0.18406349206349204,0.0,0.18406349206349204,0.0,0.0,-0.09203174603174602,0.0,0.0
2010-07-12 15:00:00,house_1,2,48.0,9.645061728395062,0.4629629629629629,48.0,4.291666666666667,0.206,48.0,-5.354166666666667,-0.257,0.43112078947368415,47.999981481481484,9.645837054721085,47.99079497354497,0.0007716052359592391,-3.703703703705763e-05,0.25696296296296295,0.25696296296296295,0.0,0.257,0.0,-1.8518518518528815e-05,0.0,0.0
2010-07-12 15:00:00,house_2,3,48.0,7.875,0.378,48.0,16.125,0.774,48.0,8.25,0.396,0.5811947368421053,48.0,16.125,47.99079497354497,0.0,0.0,-0.396,0.0,0.396,0.0,0.396,0.0,0.0,0.0
2010-07-12 15:30:00,house_0,1,48.0,6.415343915343915,0.30793650793650795,48.0,9.791666666666666,0.47,48.0,0.0,0.0,0.2000036052631578,47.91896825396825,9.808224532486225,47.991898862433864,3.382032167398998,-0.16206349206349202,-0.16206349206349202,0.0,0.16206349206349202,0.0,0.0,-0.08103174603174601,0.0,0.0
2010-07-12 15:30:00,house_1,2,48.0,2.9320987654320985,0.14074074074074072,48.0,3.2916666666666665,0.158,48.0,0.36041666666666666,0.0173,0.4292997368421052,48.00002037037037,3.292514034812717,47.991898862433864,0.0008487650718971001,4.074074074071968e-05,-0.01725925925925928,0.0,0.01725925925925928,0.0,0.0173,2.037037037035984e-05,0.0,0.0
2010-07-12 15:30:00,house_2,3,48.0,2.3749999999999996,0.11399999999999999,48.0,2.125,0.102,48.0,-0.25,-0.012,0.5823347368421053,48.0,2.3749999999999996,47.991898862433864,7.228014483236696e-17,-3.469446951953614e-18,0.011999999999999997,0.011999999999999997,0.0,0.012,0.0,-1.734723475976807e-18,0.0,0.0
2010-07-12 16:00:00,house_0,1,48.0,4.96031746031746,0.23809523809523808,48.0,10.166666666666666,0.488,48.0,0.0,0.0,0.2000036052631578,47.87504761904762,10.193201349544847,47.987505502645504,5.219937615379719,-0.2499047619047619,-0.2499047619047619,0.0,0.2499047619047619,0.0,0.0,-0.12495238095238095,0.0,0.0
2010-07-12 16:00:00,house_1,2,48.0,2.391975308641975,0.1148148148148148,48.0,5.416666666666667,0.26,48.0,3.025,0.1452,0.4140155263157894,48.00000740740741,5.416974472689125,47.987505502645504,0.00030864192767842384,1.4814814814800847e-05,-0.1451851851851852,0.0,0.1451851851851852,0.0,0.1452,7.407407407400424e-06,0.0,0.0
2010-07-12 16:00:00,house_2,3,48.0,2.3749999999999996,0.11399999999999999,48.0,2.2083333333333335,0.106,48.0,-0.16666666666666666,-0.008,0.5830947368421053,48.0,2.3749999999999996,47.987505502645504,1.4456028966473392e-16,-6.938893903907228e-18,0.007999999999999993,0.007999999999999993,0.0,0.008,0.0,-3.469446951953614e-18,0.0,0.0
2010-07-12 16:30:00,house_0,1,48.0,3.505291005291005,0.16825396825396827,48.0,4.25,0.204,48.0,0.0,0.0,0.2000036052631578,47.982126984126985,4.251583096086704,47.99821121693122,0.7449863937431723,-0.03574603174603172,-0.03574603174603172,0.0,0.03574603174603172,0.0,0.0,-0.01787301587301586,0.0,0.0
2010-07-12 16:30:00,house_1,2,48.0,1.4660493827160492,0.07037037037037036,48.0,5.083333333333333,0.244,48.0,3.6166666666666667,0.1736,0.3957418421052631,47.99998518518519,5.083334902263858,47.99821121693122,0.0006172841411370768,-2.962962962962945e-05,-0.17362962962962963,0.0,0.17362962962962963,0.0,0.1736,-1.4814814814814725e-05,0.0,0.0
2010-07-12 16:30:00,house_2,3,48.0,0.7500000000000001,0.036000000000000004,48.0,2.5416666666666665,0.122,48.0,1.7916666666666667,0.086,0.5740421052631579,48.0,2.5416666666666665,47.99821121693122,0.0,0.0,-0.086,0.0,0.086,0.0,0.086,0.0,0.0,0.0
2010-07-12 17:00:00,house_0,1,48.0,0.0,0.0,48.0,5.083333333333333,0.244,48.0,0.0,0.0,0.2000036052631578,47.878,5.09628639458624,47.9878,5.09628639458624,-0.244,-0.244,0.0,0.244,0.0,0.0,-0.122,0.0,0.0
2010-07-12 17:00:00,house_1,2,48.0,0.0,0.0,48.0,3.2916666666666665,0.158,48.0,3.2916666666666665,0.158,0.37911026315789464,48.0,3.2916666666666665,47.9878,0.0,0.0,-0.158,0.0,0.158,0.0,0.158,0.0,0.0,0.0
2010-07-12 17:00:00,house_2,3,48.0,0.0,0.0,48.0,2.625,0.126,48.0,2.625,0.126,0.560778947368421,48.0,2.625,47.9878,0.0,0.0,-0.126,0.0,0.126,0.0,0.126,0.0,0.0,0.0
2010-07-12 17:30:00,house_0,1,48.0,0.0,0.0,48.0,35.0,1.68,48.0,0.0,0.0,0.2000036052631578,47.16,35.6234096692112,47.916,35.6234096692112,-1.68,-1.68,0.0,1.68,0.0,0.0,-0.84,0.0,0.0
2010-07-12 17:30:00,house_1,2,48.0,0.0,0.0,48.0,4.583333333333333,0.22,48.0,4.583333333333333,0.22,0.35595236842105255,48.0,4.583333333333333,47.916,0.0,0.0,-0.22,0.0,0.22,0.0,0.22,0.0,0.0,0.0
2010-07-12 17:30:00,house_2,3,48.0,0.0,0.0,48.0,2.625,0.126,48.0,2.625,0.126,0.5475157894736842,48.0,2.625,47.916,0.0,0.0,-0.126,0.0,0.126,0.0,0.126,0.0,0.0,0.0
2010-07-12 18:00:00,house_0,1,48.0,0.0,0.0,48.0,40.708333333333336,1.954,48.0,0.0,0.0,0.2000036052631578,47.023,41.55413308381005,47.9023,41.55413308381005,-1.954,-1.954,0.0,1.954,0.0,0.0,-0.977,0.0,0.0
2010-07-12 18:00:00,house_1,2,48.0,0.0,0.0,48.0,5.291666666666667,0.254,48.0,5.291666666666667,0.254,0.32921552631578943,48.0,5.291666666666667,47.9023,0.0,0.0,-0.254,0.0,0.254,0.0,0.254,0.0,0.0,0.0
2010-07-12 18:00:00,house_2,3,48.0,0.0,0.0,48.0,2.5416666666666665,0.122,48.0,2.5416666666666665,0.122,0.5346736842105263,48.0,2.5416666666666665,47.9023,0.0,0.0,-0.122,0.0,0.122,0.0,0.122,0.0,0.0,0.0
2010-07-12 18:30:00,house_0,1,48.0,0.0,0.0,48.0,25.583333333333332,1.228,48.0,0.0,0.0,0.2000036052631578,47.386,25.914827164141307,47.9386,25.914827164141307,-1.228,-1.228,0.0,1.228,0.0,0.0,-0.614,0.0,0.0
2010-07-12 18:30:00,house_1,2,48.0,0.0,0.0,48.0,4.166666666666667,0.2,48.0,4.166666666666667,0.2,0.3081628947368421,48.0,4.166666666666667,47.9386,0.0,0.0,-0.2,0.0,0.2,0.0,0.2,0.0,0.0,0.0
2010-07-12 18:30:00,house_2,3,48.0,0.0,0.0,48.0,2.0,0.096,48.0,2.0,0.096,0.5245684210526316,48.0,2.0,47.9386,0.0,0.0,-0.096,0.0,0.096,0.0,0.096,0.0,0.0,0.0
2010-07-12 19:00:00,house_0,1,48.0,0.0,0.0,48.0,18.5,0.888,48.0,0.0,0.0,0.2000036052631578,47.556,18.67272268483472,47.789775,18.67272268483472,-0.888,-0.888,0.0,0.888,0.0,0.0,-0.444,0.0,0.0
2010-07-12 19:00:00,house_1,2,48.0,0.0,0.0,48.0,90.5,4.344,48.0,21.40625,1.0275,0.200005,46.34175,93.73836767062099,47.789775,71.56613636731458,-3.3165000000000004,-4.344,0.0,4.344,0.0,1.0275,-1.6582500000000002,0.0,0.0
2010-07-12 19:00:00,house_2,3,48.0,0.0,0.0,48.0,2.0,0.096,48.0,2.0,0.096,0.5144631578947368,48.0,2.0,47.789775,0.0,0.0,-0.096,0.0,0.096,0.0,0.096,0.0,0.0,0.0
2010-07-12 19:30:00,house_0,1,48.0,0.0,0.0,48.0,30.708333333333332,1.474,48.0,0.0,0.0,0.2000036052631578,47.263,31.18718659416457,47.7252,31.18718659416457,-1.474,-1.474,0.0,1.474,0.0,0.0,-0.737,0.0,0.0
2010-07-12 19:30:00,house_1,2,48.0,0.0,0.0,48.0,83.79166666666667,4.022,48.0,0.0,0.0,0.200005,45.989,87.45569592728698,47.7252,87.45569592728698,-4.022,-4.022,0.0,4.022,0.0,0.0,-2.011,0.0,0.0
2010-07-12 19:30:00,house_2,3,48.0,0.0,0.0,48.0,2.7083333333333335,0.13,48.0,2.7083333333333335,0.13,0.500778947368421,48.0,2.7083333333333335,47.7252,0.0,0.0,-0.13,0.0,0.13,0.0,0.13,0.0,0.0,0.0
2010-07-12 20:00:00,house_0,1,48.0,0.0,0.0,48.0,51.083333333333336,2.452,48.0,0.0,0.0,0.2000036052631578,46.774,52.4222858853209,47.7333,52.4222858853209,-2.452,-2.452,0.0,2.452,0.0,0.0,-1.226,0.0,0.0
2010-07-12 20:00:00,house_1,2,48.0,0.0,0.0,48.0,60.041666666666664,2.882,48.0,0.0,0.0,0.200005,46.559,61.89995489593849,47.7333,61.89995489593849,-2.882,-2.882,0.0,2.882,0.0,0.0,-1.441,0.0,0.0
2010-07-12 20:00:00,house_2,3,48.0,0.0,0.0,48.0,2.7083333333333335,0.13,48.0,2.7083333333333335,0.13,0.4870947368421052,48.0,2.7083333333333335,47.7333,0.0,0.0,-0.13,0.0,0.13,0.0,0.13,0.0,0.0,0.0
2010-07-12 20:30:00,house_0,1,48.0,0.0,0.0,48.0,52.125,2.502,48.0,0.0,0.0,0.2000036052631578,46.749,53.51986138740936,47.6249,53.51986138740936,-2.502,-2.502,0.0,2.502,0.0,0.0,-1.251,0.0,0.0
2010-07-12 20:30:00,house_1,2,48.0,0.0,0.0,48.0,148.04166666666666,7.106,48.0,0.0,0.0,0.200005,45.5,109.89010989010988,47.6249,109.89010989010988,-5.0,-7.106,0.0,7.106,0.0,0.0,-2.5,0.0,2.106
2010-07-12 20:30:00,house_2,3,48.0,0.0,0.0,48.0,2.7083333333333335,0.13,48.0,2.7083333333333335,0.13,0.47341052631578945,48.0,2.7083333333333335,47.6249,0.0,0.0,-0.13,0.0,0.13,0.0,0.13,0.0,0.0,0.0
2010-07-12 21:00:00,house_0,1,48.0,0.0,0.0,48.0,79.45833333333333,3.814,48.0,0.0,0.0,0.2000036052631578,46.093,82.74575315123771,47.5593,82.74575315123771,-3.814,-3.814,0.0,3.814,0.0,0.0,-1.907,0.0,0.0
2010-07-12 21:00:00,house_1,2,48.0,0.0,0.0,48.0,120.08333333333331,5.763999999999999,48.0,0.0,0.0,0.200005,45.5,109.89010989010988,47.5593,109.89010989010988,-5.0,-5.763999999999999,0.0,5.763999999999999,0.0,0.0,-2.5,0.0,0.7639999999999993
2010-07-12 21:00:00,house_2,3,48.0,0.0,0.0,48.0,2.4166666666666665,0.116,48.0,2.4166666666666665,0.116,0.46119999999999994,48.0,2.4166666666666665,47.5593,0.0,0.0,-0.116,0.0,0.116,0.0,0.116,0.0,0.0,0.0
2010-07-12 21:30:00,house_0,1,48.0,0.0,0.0,48.0,36.875,1.77,48.0,0.0,0.0,0.2000036052631578,47.115,37.567653613498884,47.7432,37.567653613498884,-1.77,-1.77,0.0,1.77,0.0,0.0,-0.885,0.0,0.0
2010-07-12 21:30:00,house_1,2,48.0,0.0,0.0,48.0,70.125,3.366,48.0,0.0,0.0,0.200005,46.317,72.6731005894164,47.7432,72.6731005894164,-3.366,-3.366,0.0,3.366,0.0,0.0,-1.683,0.0,0.0
2010-07-12 21:30:00,house_2,3,48.0,0.0,0.0,48.0,3.9166666666666665,0.188,48.0,3.9166666666666665,0.188,0.44141052631578936,48.0,3.9166666666666665,47.7432,0.0,0.0,-0.188,0.0,0.188,0.0,0.188,0.0,0.0,0.0
2010-07-12 22:00:00,house_0,1,48.0,0.0,0.0,48.0,35.541666666666664,1.706,48.0,0.0,0.0,0.2000036052631578,47.147,36.184698920397906,47.7468,36.184698920397906,-1.706,-1.706,0.0,1.706,0.0,0.0,-0.853,0.0,0.0
2010-07-12 22:00:00,house_1,2,48.0,0.0,0.0,48.0,69.95833333333333,3.358,48.0,0.0,0.0,0.200005,46.321,72.49411713909458,47.7468,72.49411713909458,-3.358,-3.358,0.0,3.358,0.0,0.0,-1.679,0.0,0.0
2010-07-12 22:00:00,house_2,3,48.0,0.0,0.0,48.0,4.041666666666667,0.194,48.0,4.041666666666667,0.194,0.4209894736842104,48.0,4.041666666666667,47.7468,0.0,0.0,-0.194,0.0,0.194,0.0,0.194,0.0,0.0,0.0
2010-07-12 22:30:00,house_0,1,48.0,0.0,0.0,48.0,41.166666666666664,1.976,48.0,0.0,0.0,0.2000036052631578,47.012,42.03182166255424,47.7517,42.03182166255424,-1.976,-1.976,0.0,1.976,0.0,0.0,-0.988,0.0,0.0
2010-07-12 22:30:00,house_1,2,48.0,0.0,0.0,48.0,62.291666666666664,2.99,48.0,0.0,0.0,0.200005,46.505,64.29416191807333,47.7517,64.29416191807333,-2.99,-2.99,0.0,2.99,0.0,0.0,-1.495,0.0,0.0
2010-07-12 22:30:00,house_2,3,48.0,0.0,0.0,48.0,2.4583333333333335,0.118,48.0,2.4583333333333335,0.118,0.40856842105263147,48.0,2.4583333333333335,47.7517,0.0,0.0,-0.118,0.0,0.118,0.0,0.118,0.0,0.0,0.0
2010-07-12 23:00:00,house_0,1,48.0,0.0,0.0,48.0,42.666666666666664,2.048,48.0,0.0,0.0,0.2000036052631578,46.976,43.59673024523161,47.7461,43.59673024523161,-2.048,-2.048,0.0,2.048,0.0,0.0,-1.024,0.0,0.0
2010-07-12 23:00:00,house_1,2,48.0,0.0,0.0,48.0,63.125,3.03,48.0,0.0,0.0,0.200005,46.485,65.18231687641175,47.7461,65.18231687641175,-3.03,-3.03,0.0,3.03,0.0,0.0,-1.515,0.0,0.0
2010-07-12 23:00:00,house_2,3,48.0,0.0,0.0,48.0,2.9166666666666665,0.14,48.0,2.9166666666666665,0.14,0.3938315789473683,48.0,2.9166666666666665,47.7461,0.0,0.0,-0.14,0.0,0.14,0.0,0.14,0.0,0.0,0.0
2010-07-12 23:30:00,house_0,1,48.0,0.0,0.0,48.0,42.20833333333333,2.026,48.0,0.0,0.0,0.2000036052631578,46.987,43.11830931959903,47.846,43.11830931959903,-2.026,-2.026,0.0,2.026,0.0,0.0,-1.013,0.0,0.0
2010-07-12 23:30:00,house_1,2,48.0,0.0,0.0,48.0,21.958333333333332,1.054,48.0,0.0,0.0,0.200005,47.473,22.202093821751312,47.846,22.202093821751312,-1.054,-1.054,0.0,1.054,0.0,0.0,-0.527,0.0,0.0
2010-07-12 23:30:00,house_2,3,48.0,0.0,0.0,48.0,2.3333333333333335,0.112,48.0,2.3333333333333335,0.112,0.3820421052631578,48.0,2.3333333333333335,47.846,0.0,0.0,-0.112,0.0,0.112,0.0,0.112,0.0,0.0,0.0
2010-07-13 00:00:00,house_0,1,48.0,0.0,0.0,48.0,112.45833333333333,5.398,48.0,0.0,0.0,0.2000036052631578,45.5,109.89010989010988,47.72957,109.89010989010988,-5.0,-5.398,0.0,5.398,0.0,0.0,-2.5,0.0,0.3979999999999997
2010-07-13 00:00:00,house_1,2,48.0,0.0,0.0,48.0,4.25,0.204,48.0,0.0,0.0,0.200005,47.898,4.259050482274834,47.72957,4.259050482274834,-0.204,-0.204,0.0,0.204,0.0,0.0,-0.102,0.0,0.0
2010-07-13 00:00:00,house_2,3,48.0,0.0,0.0,48.0,40.291666666666664,1.934,48.0,36.02916666666665,1.729399999999999,0.2,47.8977,40.37772168600998,47.72957,4.271603855717519,-0.204600000000001,-1.934,0.0,1.934,0.0,1.729399999999999,-0.1023000000000005,0.0,0.0
2010-07-13 00:30:00,house_0,1,48.0,0.0,0.0,48.0,111.29166666666669,5.3420000000000005,48.0,0.0,0.0,0.2000036052631578,45.5,109.89010989010988,47.4846,109.89010989010988,-5.0,-5.3420000000000005,0.0,5.3420000000000005,0.0,0.0,-2.5,0.0,0.3420000000000005
2010-07-13 00:30:00,house_1,2,48.0,0.0,0.0,48.0,6.416666666666667,0.308,48.0,0.0,0.0,0.200005,47.846,6.437319734147056,47.4846,6.437319734147056,-0.308,-0.308,0.0,0.308,0.0,0.0,-0.154,0.0,0.0
2010-07-13 00:30:00,house_2,3,48.0,0.0,0.0,48.0,123.625,5.934,48.0,0.0,0.0,0.2,45.5,109.89010989010988,47.4846,109.89010989010988,-5.0,-5.934,0.0,5.934,0.0,0.0,-2.5,0.0,0.9340000000000002
2010-07-13 01:00:00,house_0,1,48.0,0.0,0.0,48.0,95.91666666666667,4.604,48.0,0.0,0.0,0.2000036052631578,45.698,100.74839161451267,47.6444,100.74839161451267,-4.604,-4.604,0.0,4.604,0.0,0.0,-2.302,0.0,0.0
2010-07-13 01:00:00,house_1,2,48.0,0.0,0.0,48.0,3.25,0.156,48.0,0.0,0.0,0.200005,47.922,3.2552898459997497,47.6444,3.2552898459997497,-0.156,-0.156,0.0,0.156,0.0,0.0,-0.078,0.0,0.0
2010-07-13 01:00:00,house_2,3,48.0,0.0,0.0,48.0,49.00000000000001,2.3520000000000003,48.0,0.0,0.0,0.2,46.824,50.23065094823169,47.6444,50.23065094823169,-2.3520000000000003,-2.3520000000000003,0.0,2.3520000000000003,0.0,0.0,-1.1760000000000002,0.0,0.0
2010-07-13 01:30:00,house_0,1,48.0,0.0,0.0,48.0,80.29166666666667,3.854,48.0,0.0,0.0,0.2000036052631578,46.073,83.64986000477504,47.7364,83.64986000477504,-3.854,-3.854,0.0,3.854,0.0,0.0,-1.927,0.0,0.0
2010-07-13 01:30:00,house_1,2,48.0,0.0,0.0,48.0,5.375,0.258,48.0,0.0,0.0,0.200005,47.871,5.389484238892022,47.7364,5.389484238892022,-0.258,-0.258,0.0,0.258,0.0,0.0,-0.129,0.0,0.0
2010-07-13 01:30:00,house_2,3,48.0,0.0,0.0,48.0,24.166666666666668,1.16,48.0,0.0,0.0,0.2,47.42,24.46225221425559,47.7364,24.46225221425559,-1.16,-1.16,0.0,1.16,0.0,0.0,-0.58,0.0,0.0
2010-07-13 02:00:00,house_0,1,48.0,0.0,0.0,48.0,30.333333333333332,1.456,48.0,0.0,0.0,0.2000036052631578,47.272,30.8004738534439,47.8587,30.8004738534439,-1.456,-1.456,0.0,1.456,0.0,0.0,-0.728,0.0,0.0
2010-07-13 02:00:00,house_1,2,48.0,0.0,0.0,48.0,4.958333333333333,0.238,48.0,0.0,0.0,0.200005,47.881,4.970656419038868,47.8587,4.970656419038868,-0.238,-0.238,0.0,0.238,0.0,0.0,-0.119,0.0,0.0
2010-07-13 02:00:00,house_2,3,48.0,0.0,0.0,48.0,23.583333333333332,1.132,48.0,0.0,0.0,0.2,47.434,23.86473837331872,47.8587,23.86473837331872,-1.132,-1.132,0.0,1.132,0.0,0.0,-0.566,0.0,0.0
2010-07-13 02:30:00,house_0,1,48.0,0.0,0.0,48.0,32.708333333333336,1.57,48.0,0.0,0.0,0.2000036052631578,47.215,33.25214444562109,47.8602,33.25214444562109,-1.57,-1.57,0.0,1.57,0.0,0.0,-0.785,0.0,0.0
2010-07-13 02:30:00,house_1,2,48.0,0.0,0.0,48.0,3.25,0.156,48.0,0.0,0.0,0.200005,47.922,3.2552898459997497,47.8602,3.2552898459997497,-0.156,-0.156,0.0,0.156,0.0,0.0,-0.078,0.0,0.0
2010-07-13 02:30:00,house_2,3,48.0,0.0,0.0,48.0,22.291666666666668,1.07,48.0,0.0,0.0,0.2,47.465,22.542926366796586,47.8602,22.542926366796586,-1.07,-1.07,0.0,1.07,0.0,0.0,-0.535,0.0,0.0
2010-07-13 03:00:00,house_0,1,48.0,0.0,0.0,48.0,63.083333333333336,3.028,48.0,0.0,0.0,0.2000036052631578,46.486,65.13789097792885,47.6732,65.13789097792885,-3.028,-3.028,0.0,3.028,0.0,0.0,-1.514,0.0,0.0
2010-07-13 03:00:00,house_1,2,48.0,0.0,0.0,48.0,4.875,0.234,48.0,0.0,0.0,0.200005,47.883,4.886911847628594,47.6732,4.886911847628594,-0.234,-0.234,0.0,0.234,0.0,0.0,-0.117,0.0,0.0
2010-07-13 03:00:00,house_2,3,48.0,0.0,0.0,48.0,68.20833333333333,3.274,48.0,0.0,0.0,0.2,46.363,70.61665552272287,47.6732,70.61665552272287,-3.274,-3.274,0.0,3.274,0.0,0.0,-1.637,0.0,0.0
2010-07-13 03:30:00,house_0,1,48.0,0.0,0.0,48.0,29.083333333333332,1.396,48.0,0.0,0.0,0.2000036052631578,47.302,29.512494186292333,47.8644,29.512494186292333,-1.396,-1.396,0.0,1.396,0.0,0.0,-0.698,0.0,0.0
2010-07-13 03:30:00,house_1,2,48.0,0.0,0.0,48.0,5.083333333333333,0.244,48.0,0.0,0.0,0.200005,47.878,5.09628639458624,47.8644,5.09628639458624,-0.244,-0.244,0.0,0.244,0.0,0.0,-0.122,0.0,0.0
2010-07-13 03:30:00,house_2,3,48.0,0.0,0.0,48.0,22.333333333333332,1.072,48.0,0.0,0.0,0.2,47.464,22.58553851339963,47.8644,22.58553851339963,-1.072,-1.072,0.0,1.072,0.0,0.0,-0.536,0.0,0.0
2010-07-13 04:00:00,house_0,1,48.0,0.0,0.0,48.0,26.583333333333332,1.276,48.0,0.0,0.0,0.2000036052631578,47.362,26.941429838266963,47.8841,26.941429838266963,-1.276,-1.276,0.0,1.276,0.0,0.0,-0.638,0.0,0.0
2010-07-13 04:00:00,house_1,2,48.0,0.0,0.0,48.0,3.625,0.174,48.0,0.0,0.0,0.200005,47.913,3.6315822428151026,47.8841,3.6315822428151026,-0.174,-0.174,0.0,0.174,0.0,0.0,-0.087,0.0,0.0
2010-07-13 04:00:00,house_2,3,48.0,0.0,0.0,48.0,18.083333333333332,0.868,48.0,0.0,0.0,0.2,47.566,18.248328638102844,47.8841,18.248328638102844,-0.868,-0.868,0.0,0.868,0.0,0.0,-0.434,0.0,0.0
2010-07-13 04:30:00,house_0,1,48.0,0.0,0.0,48.0,46.75,2.244,48.0,0.0,0.0,0.2000036052631578,46.878,47.86893638807116,47.8377,47.86893638807116,-2.244,-2.244,0.0,2.244,0.0,0.0,-1.122,0.0,0.0
2010-07-13 04:30:00,house_1,2,48.0,0.0,0.0,48.0,3.4166666666666665,0.164,48.0,0.0,0.0,0.200005,47.918,3.4225134604950123,47.8377,3.4225134604950123,-0.164,-0.164,0.0,0.164,0.0,0.0,-0.082,0.0,0.0
2010-07-13 04:30:00,house_2,3,48.0,0.0,0.0,48.0,17.458333333333332,0.838,48.0,0.0,0.0,0.2,47.581,17.612072045564403,47.8377,17.612072045564403,-0.838,-0.838,0.0,0.838,0.0,0.0,-0.419,0.0,0.0
2010-07-13 05:00:00,house_0,1,48.0,0.0,0.0,48.0,21.666666666666668,1.04,48.0,0.0,0.0,0.2000036052631578,47.48,21.90395956192081,47.894,21.90395956192081,-1.04,-1.04,0.0,1.04,0.0,0.0,-0.52,0.0,0.0
2010-07-13 05:00:00,house_1,2,48.0,0.0,0.0,48.0,5.041666666666667,0.242,48.0,0.0,0.0,0.200005,47.879,5.054407986800059,47.894,5.054407986800059,-0.242,-0.242,0.0,0.242,0.0,0.0,-0.121,0.0,0.0
2010-07-13 05:00:00,house_2,3,48.0,0.0,0.0,48.0,17.458333333333332,0.838,48.0,0.0,0.0,0.2,47.581,17.612072045564403,47.894,17.612072045564403,-0.838,-0.838,0.0,0.838,0.0,0.0,-0.419,0.0,0.0
2010-07-13 05:30:00,house_0,1,48.0,0.0,0.0,48.0,4.916666666666667,0.236,48.0,0.0,0.0,0.2000036052631578,47.882,4.92878325884466,47.9345,4.92878325884466,-0.236,-0.236,0.0,0.236,0.0,0.0,-0.118,0.0,0.0
2010-07-13 05:30:00,house_1,2,48.0,0.0,0.0,48.0,4.75,0.228,48.0,0.0,0.0,0.200005,47.886,4.761308106753539,47.9345,4.761308106753539,-0.228,-0.228,0.0,0.228,0.0,0.0,-0.114,0.0,0.0
2010-07-13 05:30:00,house_2,3,48.0,0.0,0.0,48.0,17.625,0.846,48.0,0.0,0.0,0.2,47.577,17.78170124219686,47.9345,17.78170124219686,-0.846,-0.846,0.0,0.846,0.0,0.0,-0.423,0.0,0.0
2010-07-13 06:00:00,house_0,1,48.0,0.0,0.0,48.0,5.333333333333333,0.256,48.0,0.0,0.0,0.2000036052631578,47.872,5.347593582887701,47.9373,5.347593582887701,-0.256,-0.256,0.0,0.256,0.0,0.0,-0.128,0.0,0.0
2010-07-13 06:00:00,house_1,2,48.0,0.0,0.0,48.0,3.0833333333333335,0.148,48.0,0.0,0.0,0.200005,47.926,3.088094145140425,47.9373,3.088094145140425,-0.148,-0.148,0.0,0.148,0.0,0.0,-0.074,0.0,0.0
2010-07-13 06:00:00,house_2,3,48.0,0.0,0.0,48.0,17.708333333333332,0.85,48.0,0.0,0.0,0.2,47.575,17.866526537046767,47.9373,17.866526537046767,-0.85,-0.85,0.0,0.85,0.0,0.0,-0.425,0.0,0.0
2010-07-13 06:30:00,house_0,1,48.0,0.0,0.0,48.0,3.6666666666666665,0.176,48.0,0.0,0.0,0.2000036052631578,47.912,3.6734012355985977,47.9388,3.6734012355985977,-0.176,-0.176,0.0,0.176,0.0,0.0,-0.088,0.0,0.0
2010-07-13 06:30:00,house_1,2,48.0,0.0,0.0,48.0,3.9583333333333335,0.19,48.0,0.0,0.0,0.200005,47.905,3.9661830706606827,47.9388,3.9661830706606827,-0.19,-0.19,0.0,0.19,0.0,0.0,-0.095,0.0,0.0
2010-07-13 06:30:00,house_2,3,48.0,0.0,0.0,48.0,17.875,0.858,48.0,0.0,0.0,0.2,47.571,18.03619852431103,47.9388,18.03619852431103,-0.858,-0.858,0.0,0.858,0.0,0.0,-0.429,0.0,0.0
2010-07-13 07:00:00,house_0,1,48.0,0.0,0.0,48.0,6.291666666666667,0.302,48.0,0.0,0.0,0.2000036052631578,47.849,6.3115216618947105,47.9311,6.3115216618947105,-0.302,-0.302,0.0,0.302,0.0,0.0,-0.151,0.0,0.0
2010-07-13 07:00:00,house_1,2,48.0,0.0,0.0,48.0,4.708333333333333,0.226,48.0,0.0,0.0,0.200005,47.887,4.7194436903543755,47.9311,4.7194436903543755,-0.226,-0.226,0.0,0.226,0.0,0.0,-0.113,0.0,0.0
2010-07-13 07:00:00,house_2,3,48.0,0.0,0.0,48.0,17.708333333333332,0.85,48.0,0.0,0.0,0.2,47.575,17.866526537046767,47.9311,17.866526537046767,-0.85,-0.85,0.0,0.85,0.0,0.0,-0.425,0.0,0.0
2010-07-13 07:30:00,house_0,1,48.0,0.19841269841269846,0.009523809523809525,48.0,40.458333333333336,1.942,48.0,0.0,0.0,0.2000036052631578,47.0337619047619,41.28948911065911,47.85047619047619,41.08700032094473,-1.9324761904761905,-1.9324761904761905,0.0,1.9324761904761905,0.0,0.0,-0.9662380952380952,0.0,0.0
2010-07-13 07:30:00,house_1,2,48.0,0.0,0.0,48.0,4.333333333333333,0.208,48.0,0.0,0.0,0.200005,47.896,4.3427426089861365,47.85047619047619,4.3427426089861365,-0.208,-0.208,0.0,0.208,0.0,0.0,-0.104,0.0,0.0
2010-07-13 07:30:00,house_2,3,48.0,0.0,0.0,48.0,17.708333333333332,0.85,48.0,0.0,0.0,0.2,47.575,17.866526537046767,47.85047619047619,17.866526537046767,-0.85,-0.85,0.0,0.85,0.0,0.0,-0.425,0.0,0.0
2010-07-13 08:00:00,house_0,1,48.0,1.0251322751322751,0.04920634920634921,48.0,38.666666666666664,1.856,48.0,0.0,0.0,0.2000036052631578,47.096603174603175,39.40836227868016,47.78577142857143,38.36356613862895,-1.8067936507936508,-1.8067936507936508,0.0,1.8067936507936508,0.0,0.0,-0.9033968253968254,0.0,0.0
2010-07-13 08:00:00,house_1,2,48.0,0.46296296296296285,0.02222222222222222,48.0,35.208333333333336,1.69,48.0,0.0,0.0,0.200005,47.166111111111114,35.830810728041556,47.78577142857143,35.359662657981836,-1.6677777777777778,-1.6677777777777778,0.0,1.6677777777777778,0.0,0.0,-0.8338888888888889,0.0,0.0
2010-07-13 08:00:00,house_2,3,48.0,0.7500000000000001,0.036000000000000004,48.0,17.625,0.846,48.0,0.0,0.0,0.2,47.595,17.77497636306335,47.78577142857143,17.01859439016703,-0.8099999999999999,-0.8099999999999999,0.0,0.8099999999999999,0.0,0.0,-0.40499999999999997,0.0,0.0
2010-07-13 08:30:00,house_0,1,48.0,3.505291005291005,0.16825396825396827,48.0,12.708333333333334,0.61,48.0,0.0,0.0,0.2000036052631578,47.77912698412698,12.767081328268139,47.79535343915344,9.245586088100502,-0.4417460317460317,-0.4417460317460317,0.0,0.4417460317460317,0.0,0.0,-0.22087301587301586,0.0,0.0
2010-07-13 08:30:00,house_1,2,48.0,2.391975308641975,0.1148148148148148,48.0,61.5,2.952,48.0,0.0,0.0,0.200005,46.581407407407404,63.37292418370706,47.79535343915344,60.9081035351889,-2.8371851851851853,-2.8371851851851853,0.0,2.8371851851851853,0.0,0.0,-1.4185925925925926,0.0,0.0
2010-07-13 08:30:00,house_2,3,48.0,2.3749999999999996,0.11399999999999999,48.0,19.333333333333332,0.928,48.0,0.0,0.0,0.2,47.593,19.498665770176284,47.79535343915344,17.103355535477906,-0.8140000000000001,-0.8140000000000001,0.0,0.8140000000000001,0.0,0.0,-0.40700000000000003,0.0,0.0
2010-07-13 09:00:00,house_0,1,48.0,4.133597883597884,0.19841269841269843,48.0,7.083333333333333,0.34,48.0,0.0,0.0,0.2000036052631578,47.929206349206346,7.093795743722554,47.76664656084656,2.954092345191652,-0.1415873015873016,-0.1415873015873016,0.0,0.1415873015873016,0.0,0.0,-0.0707936507936508,0.0,0.0
2010-07-13 09:00:00,house_1,2,48.0,8.719135802469136,0.4185185185185185,48.0,92.45833333333333,4.438,48.0,0.0,0.0,0.200005,45.99025925925926,96.49869497325118,47.76664656084656,87.39853930421658,-4.019481481481481,-4.019481481481481,0.0,4.019481481481481,0.0,0.0,-2.0097407407407406,0.0,0.0
2010-07-13 09:00:00,house_2,3,48.0,7.0,0.336,48.0,17.541666666666668,0.842,48.0,0.0,0.0,0.2,47.747,17.634615787379314,47.76664656084656,10.59752445179802,-0.506,-0.506,0.0,0.506,0.0,0.0,-0.253,0.0,0.0
2010-07-13 09:30:00,house_0,1,48.0,6.613756613756615,0.3174603174603175,48.0,8.583333333333334,0.412,48.0,0.0,0.0,0.2000036052631578,47.95273015873016,8.591794432480134,47.76523968253968,1.9715182477982602,-0.09453968253968248,-0.09453968253968248,0.0,0.09453968253968248,0.0,0.0,-0.04726984126984124,0.0,0.0
2010-07-13 09:30:00,house_1,2,48.0,11.111111111111109,0.5333333333333332,48.0,100.20833333333336,4.8100000000000005,48.0,0.0,0.0,0.200005,45.861666666666665,104.88061925355237,47.76523968253968,93.25144456154378,-4.276666666666667,-4.276666666666667,0.0,4.276666666666667,0.0,0.0,-2.1383333333333336,0.0,0.0
2010-07-13 09:30:00,house_2,3,48.0,8.625000000000002,0.41400000000000003,48.0,15.375,0.738,48.0,0.0,0.0,0.2,47.838,15.42706634892763,47.76523968253968,6.772858397090178,-0.32399999999999995,-0.32399999999999995,0.0,0.32399999999999995,0.0,0.0,-0.16199999999999998,0.0,0.0
2010-07-13 10:00:00,house_0,1,48.0,4.563492063492063,0.21904761904761905,48.0,8.875,0.426,48.0,0.0,0.0,0.2000036052631578,47.896523809523806,8.894173650140631,47.889985714285714,4.320822566902658,-0.20695238095238094,-0.20695238095238094,0.0,0.20695238095238094,0.0,0.0,-0.10347619047619047,0.0,0.0
2010-07-13 10:00:00,house_1,2,48.0,22.222222222222218,1.0666666666666664,48.0,63.75,3.06,48.0,0.0,0.0,0.200005,47.00333333333333,65.10176583221049,47.889985714285714,42.40833983405433,-1.9933333333333336,-1.9933333333333336,0.0,1.9933333333333336,0.0,0.0,-0.9966666666666668,0.0,0.0
2010-07-13 10:00:00,house_2,3,48.0,17.999999999999996,0.8639999999999999,48.0,14.583333333333334,0.7,48.0,-3.4166666666666665,-0.164,0.21558000000000002,48.0,18.0,47.889985714285714,1.734723475976807e-15,-8.326672684688674e-17,0.16399999999999992,0.16399999999999992,0.0,0.164,0.0,-4.163336342344337e-17,0.0,0.0
2010-07-13 10:30:00,house_0,1,48.0,12.59920634920635,0.6047619047619048,48.0,32.916666666666664,1.58,48.0,0.0,0.0,0.2000036052631578,47.51238095238095,33.25449005772931,47.724515873015875,20.52597819114817,-0.9752380952380952,-0.9752380952380952,0.0,0.9752380952380952,0.0,0.0,-0.4876190476190476,0.0,0.0
2010-07-13 10:30:00,house_1,2,48.0,17.824074074074073,0.8555555555555554,48.0,112.29166666666669,5.390000000000001,48.0,0.0,0.0,0.200005,45.73277777777778,117.85857456966195,47.724515873015875,99.15086432050926,-4.534444444444445,-4.534444444444445,0.0,4.534444444444445,0.0,0.0,-2.2672222222222227,0.0,0.0
2010-07-13 10:30:00,house_2,3,48.0,23.5,1.1280000000000001,48.0,12.458333333333334,0.598,48.0,-11.041666666666666,-0.53,0.26593,48.0,23.5,47.724515873015875,2.3129646346357427e-15,1.1102230246251565e-16,0.5300000000000001,0.5300000000000001,0.0,0.53,0.0,5.551115123125783e-17,0.0,0.0
2010-07-13 11:00:00,house_0,1,48.0,12.202380952380954,0.5857142857142857,48.0,38.583333333333336,1.852,48.0,0.0,0.0,0.2000036052631578,47.36685714285714,39.09906866766395,47.686685714285716,26.733581045215466,-1.2662857142857145,-1.2662857142857145,0.0,1.2662857142857145,0.0,0.0,-0.6331428571428572,0.0,0.0
2010-07-13 11:00:00,house_1,2,48.0,19.290123456790123,0.9259259259259258,48.0,131.33333333333334,6.304,48.0,0.0,0.0,0.200005,45.5,130.2401302401302,47.686685714285716,109.89010989010988,-5.0,-5.378074074074075,0.0,5.378074074074075,0.0,0.0,-2.5,0.0,0.3780740740740747
2010-07-13 11:00:00,house_2,3,48.0,28.125,1.35,48.0,31.708333333333332,1.522,48.0,3.5833333333333335,0.172,0.24782473684210526,48.0,31.708333333333332,47.686685714285716,1.1564823173178713e-15,5.551115123125783e-17,-0.17199999999999993,0.0,0.17199999999999993,0.0,0.172,2.7755575615628914e-17,0.0,0.0
2010-07-13 11:30:00,house_0,1,48.0,7.440476190476191,0.35714285714285715,48.0,57.291666666666664,2.75,48.0,0.0,0.0,0.2000036052631578,46.80357142857143,58.756199923693245,47.675712698412696,51.12552460892788,-2.392857142857143,-2.392857142857143,0.0,2.392857142857143,0.0,0.0,-1.1964285714285714,0.0,0.0
2010-07-13 11:30:00,house_1,2,48.0,10.648148148148147,0.5111111111111111,48.0,95.91666666666667,4.604,48.0,0.0,0.0,0.200005,45.95355555555555,100.18811263546286,47.675712698412696,89.06577172120645,-4.092888888888889,-4.092888888888889,0.0,4.092888888888889,0.0,0.0,-2.0464444444444445,0.0,0.0
2010-07-13 11:30:00,house_2,3,48.0,23.5,1.1280000000000001,48.0,3.1666666666666665,0.152,48.0,-20.333333333333332,-0.976,0.3405447368421053,48.0,23.5,47.675712698412696,2.3129646346357427e-15,1.1102230246251565e-16,0.9760000000000001,0.9760000000000001,0.0,0.976,0.0,5.551115123125783e-17,0.0,0.0
2010-07-13 12:00:00,house_0,1,48.0,6.216931216931218,0.2984126984126984,48.0,12.166666666666666,0.584,48.0,0.0,0.0,0.2000036052631578,47.85720634920635,12.202968884950069,47.969298412698414,5.967487936997761,-0.28558730158730156,-0.28558730158730156,0.0,0.28558730158730156,0.0,0.0,-0.14279365079365078,0.0,0.0
2010-07-13 12:00:00,house_1,2,48.0,5.3240740740740735,0.25555555555555554,48.0,12.166666666666666,0.584,48.0,0.0,0.0,0.200005,47.83577777777778,12.208435341283373,47.969298412698414,6.866083498636538,-0.32844444444444443,-0.32844444444444443,0.0,0.32844444444444443,0.0,0.0,-0.16422222222222221,0.0,0.0
2010-07-13 12:00:00,house_2,3,48.0,10.125,0.486,48.0,2.3333333333333335,0.112,48.0,-7.791666666666667,-0.374,0.3760747368421053,48.0,10.125,47.969298412698414,0.0,0.0,0.374,0.374,0.0,0.374,0.0,0.0,0.0,0.0
2010-07-13 12:30:00,house_0,1,48.0,3.935185185185185,0.18888888888888888,48.0,21.916666666666668,1.052,48.0,0.0,0.0,0.2000036052631578,47.568444444444445,22.115501406160945,47.95014074074074,18.144615010884902,-0.8631111111111112,-0.8631111111111112,0.0,0.8631111111111112,0.0,0.0,-0.4315555555555556,0.0,0.0
2010-07-13 12:30:00,house_1,2,48.0,6.790123456790123,0.3259259259259259,48.0,9.583333333333334,0.46,48.0,0.0,0.0,0.200005,47.93296296296296,9.596736182477072,47.95014074074074,2.7971163430408224,-0.13407407407407412,-0.13407407407407412,0.0,0.13407407407407412,0.0,0.0,-0.06703703703703706,0.0,0.0
2010-07-13 12:30:00,house_2,3,48.0,12.500000000000002,0.6000000000000001,48.0,2.3333333333333335,0.112,48.0,-10.166666666666666,-0.488,0.4224347368421053,48.0,12.500000000000002,47.95014074074074,2.3129646346357427e-15,1.1102230246251565e-16,0.4880000000000001,0.4880000000000001,0.0,0.488,0.0,5.551115123125783e-17,0.0,0.0
2010-07-13 13:00:00,house_0,1,48.0,9.523809523809522,0.4571428571428571,48.0,45.916666666666664,2.204,48.0,0.0,0.0,0.2000036052631578,47.12657142857143,46.7676712561309,47.87142380952381,37.06735053927721,-1.746857142857143,-1.746857142857143,0.0,1.746857142857143,0.0,0.0,-0.8734285714285716,0.0,0.0
2010-07-13 13:00:00,house_1,2,48.0,4.861111111111112,0.23333333333333334,48.0,22.041666666666668,1.058,48.0,0.0,0.0,0.200005,47.587666666666664,22.23265131721805,47.87142380952381,17.329420087837885,-0.8246666666666667,-0.8246666666666667,0.0,0.8246666666666667,0.0,0.0,-0.41233333333333333,0.0,0.0
2010-07-13 13:00:00,house_2,3,48.0,7.875,0.378,48.0,2.2916666666666665,0.11,48.0,-5.583333333333333,-0.268,0.44789473684210535,48.0,7.875,47.87142380952381,0.0,0.0,0.268,0.268,0.0,0.268,0.0,0.0,0.0,0.0
2010-07-13 13:30:00,house_0,1,48.0,9.92063492063492,0.47619047619047616,48.0,14.583333333333334,0.7,48.0,0.0,0.0,0.2000036052631578,47.88809523809524,14.617411624322576,47.97790952380952,4.6735941928106195,-0.2238095238095238,-0.2238095238095238,0.0,0.2238095238095238,0.0,0.0,-0.1119047619047619,0.0,0.0
2010-07-13 13:30:00,house_1,2,48.0,6.25,0.3,48.0,10.791666666666666,0.518,48.0,0.0,0.0,0.200005,47.891,10.8162285189284,47.97790952380952,4.552003507966007,-0.21800000000000003,-0.21800000000000003,0.0,0.21800000000000003,0.0,0.0,-0.10900000000000001,0.0,0.0
2010-07-13 13:30:00,house_2,3,48.0,4.749999999999999,0.22799999999999998,48.0,18.291666666666668,0.878,48.0,13.541666666666666,0.65,0.3794736842105264,48.0,18.291666666666668,47.97790952380952,0.0,0.0,-0.65,0.0,0.65,0.0,0.65,0.0,0.0,0.0
2010-07-13 14:00:00,house_0,1,48.0,8.267195767195767,0.39682539682539686,48.0,40.541666666666664,1.946,48.0,0.0,0.0,0.2000036052631578,47.2254126984127,41.20662772027839,47.92254126984127,32.80383409389819,-1.549174603174603,-1.549174603174603,0.0,1.549174603174603,0.0,0.0,-0.7745873015873015,0.0,0.0
2010-07-13 14:00:00,house_1,2,48.0,6.25,0.3,48.0,5.125,0.246,48.0,-1.125,-0.054,0.20513499999999998,48.0,6.25,47.92254126984127,1.4456028966473392e-16,-6.938893903907228e-18,0.05399999999999999,0.05399999999999999,0.0,0.054,0.0,-3.469446951953614e-18,0.0,0.0
2010-07-13 14:00:00,house_2,3,48.0,4.749999999999999,0.22799999999999998,48.0,19.166666666666668,0.92,48.0,14.416666666666666,0.692,0.3066315789473685,48.0,19.166666666666668,47.92254126984127,2.3129646346357427e-15,-1.1102230246251565e-16,-0.6920000000000001,0.0,0.6920000000000001,0.0,0.692,-5.551115123125783e-17,0.0,0.0
2010-07-13 14:30:00,house_0,1,48.0,7.242063492063491,0.3476190476190476,48.0,38.25,1.836,48.0,0.0,0.0,0.2000036052631578,47.255809523809525,38.85236584667847,47.925579841269844,31.496253421096124,-1.4883809523809526,-1.4883809523809526,0.0,1.4883809523809526,0.0,0.0,-0.7441904761904763,0.0,0.0
2010-07-13 14:30:00,house_1,2,48.0,12.037037037037036,0.5777777777777777,48.0,5.0,0.24,48.0,-7.0375000000000005,-0.3378,0.237226,47.999988888888886,12.037502786458978,47.925579841269844,0.00046296307013106035,-2.2222222222256782e-05,0.33777777777777773,0.33777777777777773,0.0,0.3378,0.0,-1.1111111111128391e-05,0.0,0.0
2010-07-13 14:30:00,house_2,3,48.0,8.625000000000002,0.41400000000000003,48.0,14.666666666666666,0.704,48.0,6.041666666666667,0.29,0.27610526315789474,48.0,14.666666666666666,47.925579841269844,1.1564823173178713e-15,5.551115123125783e-17,-0.2899999999999999,0.0,0.2899999999999999,0.0,0.29,2.7755575615628914e-17,0.0,0.0
2010-07-13 15:00:00,house_0,1,48.0,3.935185185185185,0.18888888888888888,48.0,39.5,1.896,48.0,0.0,0.0,0.2000036052631578,47.14644444444444,40.21512167760972,47.91464333333333,36.208692537200875,-1.707111111111111,-1.707111111111111,0.0,1.707111111111111,0.0,0.0,-0.8535555555555555,0.0,0.0
2010-07-13 15:00:00,house_1,2,48.0,5.787037037037037,0.2777777777777778,48.0,6.625,0.318,48.0,0.8375,0.0402,0.23299442105263157,47.999988888888886,6.62500153356517,47.91464333333333,0.000462963070130193,-2.222222222221515e-05,-0.040222222222222215,0.0,0.040222222222222215,0.0,0.0402,-1.1111111111107574e-05,0.0,0.0
2010-07-13 15:00:00,house_2,3,48.0,8.625000000000002,0.41400000000000003,48.0,6.375,0.306,48.0,-2.25,-0.108,0.28636526315789473,48.0,8.625000000000002,47.91464333333333,8.673617379884035e-16,4.163336342344337e-17,0.10800000000000004,0.10800000000000004,0.0,0.108,0.0,2.0816681711721685e-17,0.0,0.0
2010-07-13 15:30:00,house_0,1,48.0,1.8518518518518519,0.08888888888888889,48.0,37.916666666666664,1.82,48.0,0.0,0.0,0.2000036052631578,47.13444444444445,38.61295113269371,47.91344407407407,36.72709271351454,-1.7311111111111113,-1.7311111111111113,0.0,1.7311111111111113,0.0,0.0,-0.8655555555555556,0.0,0.0
2010-07-13 15:30:00,house_1,2,48.0,1.929012345679012,0.09259259259259259,48.0,6.333333333333333,0.304,48.0,4.404166666666667,0.2114,0.21074178947368422,47.999996296296295,6.333333822016499,47.91344407407407,0.00015432099956166003,-7.407407407400424e-06,-0.2114074074074074,0.0,0.2114074074074074,0.0,0.2114,-3.703703703700212e-06,0.0,0.0
2010-07-13 15:30:00,house_2,3,48.0,2.3749999999999996,0.11399999999999999,48.0,2.25,0.108,48.0,-0.125,-0.006,0.28693526315789475,48.0,2.375,47.91344407407407,1.8070036208091741e-16,-8.673617379884035e-18,0.0059999999999999915,0.0059999999999999915,0.0,0.006,0.0,-4.336808689942018e-18,0.0,0.0
2010-07-13 16:00:00,house_0,1,48.0,1.2566137566137565,0.06031746031746032,48.0,50.666666666666664,2.432,48.0,0.0,0.0,0.2000036052631578,46.81415873015873,51.95009514147802,47.87312328042328,50.66165032150089,-2.37168253968254,-2.37168253968254,0.0,2.37168253968254,0.0,0.0,-1.18584126984127,0.0,0.0
2010-07-13 16:00:00,house_1,2,48.0,1.0030864197530862,0.04814814814814814,48.0,6.583333333333333,0.316,48.0,2.125,0.102,0.20000494736842106,47.91707407407407,6.594726537590792,47.87312328042328,3.4612266098607085,-0.16585185185185186,-0.26785185185185184,0.0,0.26785185185185184,0.0,0.102,-0.08292592592592593,0.0,0.0
2010-07-13 16:00:00,house_2,3,48.0,1.625,0.078,48.0,2.5416666666666665,0.122,48.0,0.9166666666666666,0.044,0.2823036842105263,48.0,2.5416666666666665,47.87312328042328,0.0,0.0,-0.044,0.0,0.044,0.0,0.044,0.0,0.0,0.0
2010-07-13 16:30:00,house_0,1,48.0,0.19841269841269846,0.009523809523809525,48.0,38.625,1.854,48.0,0.0,0.0,0.2000036052631578,47.07776190476191,39.38165122952602,47.81637619047619,39.17935169066782,-1.8444761904761906,-1.8444761904761906,0.0,1.8444761904761906,0.0,0.0,-0.9222380952380953,0.0,0.0
2010-07-13 16:30:00,house_1,2,48.0,0.0,0.0,48.0,38.083333333333336,1.828,48.0,0.0,0.0,0.20000494736842106,47.086,38.82257996007306,47.81637619047619,38.82257996007306,-1.828,-1.828,0.0,1.828,0.0,0.0,-0.914,0.0,0.0
2010-07-13 16:30:00,house_2,3,48.0,0.0,0.0,48.0,2.3333333333333335,0.112,48.0,2.3333333333333335,0.112,0.2705142105263158,48.0,2.3333333333333335,47.81637619047619,0.0,0.0,-0.112,0.0,0.112,0.0,0.112,0.0,0.0,0.0
2010-07-13 17:00:00,house_0,1,48.0,0.0,0.0,48.0,53.291666666666664,2.558,48.0,0.0,0.0,0.2000036052631578,46.721000000000004,54.75054044219944,47.7276,54.75054044219944,-2.558,-2.558,0.0,2.558,0.0,0.0,-1.279,0.0,0.0
2010-07-13 17:00:00,house_1,2,48.0,0.0,0.0,48.0,60.208333333333336,2.89,48.0,0.0,0.0,0.20000494736842106,46.555,62.07711309204167,47.7276,62.07711309204167,-2.89,-2.89,0.0,2.89,0.0,0.0,-1.445,0.0,0.0
2010-07-13 17:00:00,house_2,3,48.0,0.0,0.0,48.0,2.3333333333333335,0.112,48.0,2.3333333333333335,0.112,0.2587247368421053,48.0,2.3333333333333335,47.7276,0.0,0.0,-0.112,0.0,0.112,0.0,0.112,0.0,0.0,0.0
2010-07-13 17:30:00,house_0,1,48.0,0.0,0.0,48.0,79.625,3.822,48.0,0.0,0.0,0.2000036052631578,46.089,82.92651174900736,47.6566,82.92651174900736,-3.822,-3.822,0.0,3.822,0.0,0.0,-1.911,0.0,0.0
2010-07-13 17:30:00,house_1,2,48.0,0.0,0.0,48.0,63.458333333333336,3.046,48.0,0.0,0.0,0.20000494736842106,46.477,65.53779288680423,47.6566,65.53779288680423,-3.046,-3.046,0.0,3.046,0.0,0.0,-1.523,0.0,0.0
2010-07-13 17:30:00,house_2,3,48.0,0.0,0.0,48.0,2.25,0.108,48.0,2.25,0.108,0.2473563157894737,48.0,2.25,47.6566,0.0,0.0,-0.108,0.0,0.108,0.0,0.108,0.0,0.0,0.0
2010-07-13 18:00:00,house_0,1,48.0,0.0,0.0,48.0,76.33333333333333,3.664,48.0,0.0,0.0,0.2000036052631578,46.168,79.36232888580835,47.7267,79.36232888580835,-3.664,-3.664,0.0,3.664,0.0,0.0,-1.832,0.0,0.0
2010-07-13 18:00:00,house_1,2,48.0,0.0,0.0,48.0,37.541666666666664,1.802,48.0,0.0,0.0,0.20000494736842106,47.099,38.259835665300756,47.7267,38.259835665300756,-1.802,-1.802,0.0,1.802,0.0,0.0,-0.901,0.0,0.0
2010-07-13 18:00:00,house_2,3,48.0,0.0,0.0,48.0,2.2083333333333335,0.106,48.0,2.2083333333333335,0.106,0.2361984210526316,48.0,2.2083333333333335,47.7267,0.0,0.0,-0.106,0.0,0.106,0.0,0.106,0.0,0.0,0.0
2010-07-13 18:30:00,house_0,1,48.0,0.0,0.0,48.0,41.291666666666664,1.982,48.0,0.0,0.0,0.2000036052631578,47.009,42.162139164840774,47.8442,42.162139164840774,-1.982,-1.982,0.0,1.982,0.0,0.0,-0.991,0.0,0.0
2010-07-13 18:30:00,house_1,2,48.0,0.0,0.0,48.0,23.625,1.134,48.0,0.0,0.0,0.20000494736842106,47.433,23.907406236164697,47.8442,23.907406236164697,-1.134,-1.134,0.0,1.134,0.0,0.0,-0.567,0.0,0.0
2010-07-13 18:30:00,house_2,3,48.0,0.0,0.0,48.0,2.2916666666666665,0.11,48.0,2.2916666666666665,0.11,0.22461947368421056,48.0,2.2916666666666665,47.8442,0.0,0.0,-0.11,0.0,0.11,0.0,0.11,0.0,0.0,0.0
2010-07-13 19:00:00,house_0,1,48.0,0.0,0.0,48.0,12.5,0.6,48.0,0.0,0.0,0.2000036052631578,47.7,12.578616352201257,47.9322,12.578616352201257,-0.6,-0.6,0.0,0.6,0.0,0.0,-0.3,0.0,0.0
2010-07-13 19:00:00,house_1,2,48.0,0.0,0.0,48.0,15.75,0.756,48.0,0.0,0.0,0.20000494736842106,47.622,15.87501574902356,47.9322,15.87501574902356,-0.756,-0.756,0.0,0.756,0.0,0.0,-0.378,0.0,0.0
2010-07-13 19:00:00,house_2,3,48.0,0.0,0.0,48.0,3.9583333333333335,0.19,48.0,3.9583333333333335,0.19,0.20461947368421057,48.0,3.9583333333333335,47.9322,0.0,0.0,-0.19,0.0,0.19,0.0,0.19,0.0,0.0,0.0
2010-07-13 19:30:00,house_0,1,48.0,0.0,0.0,48.0,11.125,0.534,48.0,0.0,0.0,0.2000036052631578,47.733,11.187228961096098,47.93739425,11.187228961096098,-0.534,-0.534,0.0,0.534,0.0,0.0,-0.267,0.0,0.0
2010-07-13 19:30:00,house_1,2,48.0,0.0,0.0,48.0,13.166666666666666,0.632,48.0,0.0,0.0,0.20000494736842106,47.684,13.253921650868216,47.93739425,13.253921650868216,-0.632,-0.632,0.0,0.632,0.0,0.0,-0.316,0.0,0.0
2010-07-13 19:30:00,house_2,3,48.0,0.0,0.0,48.0,2.7083333333333335,0.13,48.0,0.9142708333333404,0.04388500000000034,0.2,47.9569425,2.7107649742266204,47.93739425,1.7956732750424962,-0.08611499999999966,-0.13,0.0,0.13,0.0,0.04388500000000034,-0.04305749999999983,0.0,0.0
2010-07-13 20:00:00,house_0,1,48.0,0.0,0.0,48.0,9.75,0.468,48.0,0.0,0.0,0.2000036052631578,47.766,9.79776409998744,47.9408,9.79776409998744,-0.468,-0.468,0.0,0.468,0.0,0.0,-0.234,0.0,0.0
2010-07-13 20:00:00,house_1,2,48.0,0.0,0.0,48.0,12.125,0.582,48.0,0.0,0.0,0.20000494736842106,47.709,12.198956171791485,47.9408,12.198956171791485,-0.582,-0.582,0.0,0.582,0.0,0.0,-0.291,0.0,0.0
2010-07-13 20:00:00,house_2,3,48.0,0.0,0.0,48.0,2.7916666666666665,0.134,48.0,0.0,0.0,0.2,47.933,2.7955688148039974,47.9408,2.7955688148039974,-0.134,-0.134,0.0,0.134,0.0,0.0,-0.067,0.0,0.0
2010-07-13 20:30:00,house_0,1,48.0,0.0,0.0,48.0,10.0,0.48,48.0,0.0,0.0,0.2000036052631578,47.76,10.050251256281408,47.7806,10.050251256281408,-0.48,-0.48,0.0,0.48,0.0,0.0,-0.24,0.0,0.0
2010-07-13 20:30:00,house_1,2,48.0,0.0,0.0,48.0,78.29166666666667,3.758,48.0,0.0,0.0,0.20000494736842106,46.121,81.48132087335486,47.7806,81.48132087335486,-3.758,-3.758,0.0,3.758,0.0,0.0,-1.879,0.0,0.0
2010-07-13 20:30:00,house_2,3,48.0,0.0,0.0,48.0,3.125,0.15,48.0,0.0,0.0,0.2,47.925,3.129890453834116,47.7806,3.129890453834116,-0.15,-0.15,0.0,0.15,0.0,0.0,-0.075,0.0,0.0
2010-07-13 21:00:00,house_0,1,48.0,0.0,0.0,48.0,36.083333333333336,1.732,48.0,0.0,0.0,0.2000036052631578,47.134,36.74629778928162,47.8768,36.74629778928162,-1.732,-1.732,0.0,1.732,0.0,0.0,-0.866,0.0,0.0
2010-07-13 21:00:00,house_1,2,48.0,0.0,0.0,48.0,12.416666666666666,0.596,48.0,0.0,0.0,0.20000494736842106,47.702,12.494235042555868,47.8768,12.494235042555868,-0.596,-0.596,0.0,0.596,0.0,0.0,-0.298,0.0,0.0
2010-07-13 21:00:00,house_2,3,48.0,0.0,0.0,48.0,2.8333333333333335,0.136,48.0,0.0,0.0,0.2,47.932,2.837352916631895,47.8768,2.837352916631895,-0.136,-0.136,0.0,0.136,0.0,0.0,-0.068,0.0,0.0
2010-07-13 21:30:00,house_0,1,48.0,0.0,0.0,48.0,45.666666666666664,2.192,48.0,0.0,0.0,0.2000036052631578,46.903999999999996,46.73375405082722,47.8556,46.73375405082722,-2.192,-2.192,0.0,2.192,0.0,0.0,-1.096,0.0,0.0
2010-07-13 21:30:00,house_1,2,48.0,0.0,0.0,48.0,12.208333333333334,0.586,48.0,0.0,0.0,0.20000494736842106,47.707,12.283312721403567,47.8556,12.283312721403567,-0.586,-0.586,0.0,0.586,0.0,0.0,-0.293,0.0,0.0
2010-07-13 21:30:00,house_2,3,48.0,0.0,0.0,48.0,2.2916666666666665,0.11,48.0,0.0,0.0,0.2,47.945,2.2942955469809156,47.8556,2.2942955469809156,-0.11,-0.11,0.0,0.11,0.0,0.0,-0.055,0.0,0.0
2010-07-13 22:00:00,house_0,1,48.0,0.0,0.0,48.0,51.833333333333336,2.488,48.0,0.0,0.0,0.2000036052631578,46.756,53.212421935152705,47.8463,53.212421935152705,-2.488,-2.488,0.0,2.488,0.0,0.0,-1.244,0.0,0.0
2010-07-13 22:00:00,house_1,2,48.0,0.0,0.0,48.0,10.958333333333334,0.526,48.0,0.0,0.0,0.20000494736842106,47.737,11.018706663594276,47.8463,11.018706663594276,-0.526,-0.526,0.0,0.526,0.0,0.0,-0.263,0.0,0.0
2010-07-13 22:00:00,house_2,3,48.0,0.7500000000000001,0.036000000000000004,48.0,2.0,0.096,48.0,0.0,0.0,0.2,47.97,2.0012507817385865,47.8463,1.2507817385866167,-0.06,-0.06,0.0,0.06,0.0,0.0,-0.03,0.0,0.0
2010-07-13 22:30:00,house_0,1,48.0,0.0,0.0,48.0,30.916666666666668,1.484,48.0,0.0,0.0,0.2000036052631578,47.258,31.402090651318293,47.8931,31.402090651318293,-1.484,-1.484,0.0,1.484,0.0,0.0,-0.742,0.0,0.0
2010-07-13 22:30:00,house_1,2,48.0,0.0,0.0,48.0,11.666666666666666,0.56,48.0,0.0,0.0,0.20000494736842106,47.72,11.73512154233026,47.8931,11.73512154233026,-0.56,-0.56,0.0,0.56,0.0,0.0,-0.28,0.0,0.0
2010-07-13 22:30:00,house_2,3,48.0,0.0,0.0,48.0,1.9583333333333333,0.094,48.0,0.0,0.0,0.2,47.953,1.9602527474819091,47.8931,1.9602527474819091,-0.094,-0.094,0.0,0.094,0.0,0.0,-0.047,0.0,0.0
2010-07-13 23:00:00,house_0,1,48.0,0.0,0.0,48.0,25.75,1.236,48.0,0.0,0.0,0.2000036052631578,47.382,26.085855388122074,47.905,26.085855388122074,-1.236,-1.236,0.0,1.236,0.0,0.0,-0.618,0.0,0.0
2010-07-13 23:00:00,house_1,2,48.0,0.0,0.0,48.0,11.875,0.57,48.0,0.0,0.0,0.20000494736842106,47.715,11.945928953159383,47.905,11.945928953159383,-0.57,-0.57,0.0,0.57,0.0,0.0,-0.285,0.0,0.0
2010-07-13 23:00:00,house_2,3,48.0,0.0,0.0,48.0,1.9583333333333333,0.094,48.0,0.0,0.0,0.2,47.953,1.9602527474819091,47.905,1.9602527474819091,-0.094,-0.094,0.0,0.094,0.0,0.0,-0.047,0.0,0.0
2010-07-13 23:30:00,house_0,1,48.0,0.0,0.0,48.0,3.4583333333333335,0.166,48.0,0.0,0.0,0.2000036052631578,47.917,3.464323726443642,47.9735,3.464323726443642,-0.166,-0.166,0.0,0.166,0.0,0.0,-0.083,0.0,0.0
2010-07-13 23:30:00,house_1,2,48.0,0.0,0.0,48.0,5.0,0.24,48.0,0.0,0.0,0.20000494736842106,47.88,5.012531328320802,47.9735,5.012531328320802,-0.24,-0.24,0.0,0.24,0.0,0.0,-0.12,0.0,0.0
2010-07-13 23:30:00,house_2,3,48.0,0.0,0.0,48.0,2.5833333333333335,0.124,48.0,0.0,0.0,0.2,47.938,2.5866744545037337,47.9735,2.5866744545037337,-0.124,-0.124,0.0,0.124,0.0,0.0,-0.062,0.0,0.0
2010-07-14 00:00:00,house_0,1,48.0,0.0,0.0,48.0,61.291666666666664,2.942,48.0,0.0,0.0,0.2000036052631578,46.528999999999996,63.22938382514131,47.8286,63.22938382514131,-2.942,-2.942,0.0,2.942,0.0,0.0,-1.471,0.0,0.0
2010-07-14 00:00:00,house_1,2,48.0,0.0,0.0,48.0,5.208333333333333,0.25,48.0,0.0,0.0,0.20000494736842106,47.875,5.221932114882507,47.8286,5.221932114882507,-0.25,-0.25,0.0,0.25,0.0,0.0,-0.125,0.0,0.0
2010-07-14 00:00:00,house_2,3,48.0,0.0,0.0,48.0,4.916666666666667,0.236,48.0,0.0,0.0,0.2,47.882,4.92878325884466,47.8286,4.92878325884466,-0.236,-0.236,0.0,0.236,0.0,0.0,-0.118,0.0,0.0
2010-07-14 00:30:00,house_0,1,48.0,0.0,0.0,48.0,55.708333333333336,2.674,48.0,0.0,0.0,0.2000036052631578,46.663,57.304502496624735,47.64731111111111,57.304502496624735,-2.674,-2.674,0.0,2.674,0.0,0.0,-1.337,0.0,0.0
2010-07-14 00:30:00,house_1,2,48.0,0.46296296296296285,0.02222222222222222,48.0,5.541666666666667,0.266,48.0,0.0,0.0,0.20000494736842106,47.87811111111111,5.555774733524714,47.64731111111111,5.091633151776619,-0.2437777777777778,-0.2437777777777778,0.0,0.2437777777777778,0.0,0.0,-0.1218888888888889,0.0,0.0
2010-07-14 00:30:00,house_2,3,48.0,0.0,0.0,48.0,86.16666666666667,4.136,48.0,0.0,0.0,0.2,45.932,90.04615518592702,47.64731111111111,90.04615518592702,-4.136,-4.136,0.0,4.136,0.0,0.0,-2.068,0.0,0.0
2010-07-14 01:00:00,house_0,1,48.0,0.0,0.0,48.0,57.375,2.754,48.0,0.0,0.0,0.2000036052631578,46.623,59.06955794350428,47.643,59.06955794350428,-2.754,-2.754,0.0,2.754,0.0,0.0,-1.377,0.0,0.0
2010-07-14 01:00:00,house_1,2,48.0,0.0,0.0,48.0,3.5833333333333335,0.172,48.0,0.0,0.0,0.20000494736842106,47.914,3.589764995617147,47.643,3.589764995617147,-0.172,-0.172,0.0,0.172,0.0,0.0,-0.086,0.0,0.0
2010-07-14 01:00:00,house_2,3,48.0,0.0,0.0,48.0,87.79166666666664,4.2139999999999995,48.0,0.0,0.0,0.2,45.893,91.8222822652692,47.643,91.8222822652692,-4.2139999999999995,-4.2139999999999995,0.0,4.2139999999999995,0.0,0.0,-2.1069999999999998,0.0,0.0
2010-07-14 01:30:00,house_0,1,48.0,0.0,0.0,48.0,57.375,2.754,48.0,0.0,0.0,0.2000036052631578,46.623,59.06955794350428,47.7533,59.06955794350428,-2.754,-2.754,0.0,2.754,0.0,0.0,-1.377,0.0,0.0
2010-07-14 01:30:00,house_1,2,48.0,0.0,0.0,48.0,5.291666666666667,0.254,48.0,0.0,0.0,0.20000494736842106,47.873,5.3057046769577845,47.7533,5.3057046769577845,-0.254,-0.254,0.0,0.254,0.0,0.0,-0.127,0.0,0.0
2010-07-14 01:30:00,house_2,3,48.0,0.0,0.0,48.0,40.12500000000001,1.9260000000000002,48.0,0.0,0.0,0.2,47.037,40.94648893424326,47.7533,40.94648893424326,-1.9260000000000002,-1.9260000000000002,0.0,1.9260000000000002,0.0,0.0,-0.9630000000000001,0.0,0.0
2010-07-14 02:00:00,house_0,1,48.0,0.0,0.0,48.0,8.416666666666666,0.404,48.0,0.0,0.0,0.2000036052631578,47.798,8.452236495250848,47.9627,8.452236495250848,-0.404,-0.404,0.0,0.404,0.0,0.0,-0.202,0.0,0.0
2010-07-14 02:00:00,house_1,2,48.0,0.0,0.0,48.0,5.208333333333333,0.25,48.0,0.0,0.0,0.20000494736842106,47.875,5.221932114882507,47.9627,5.221932114882507,-0.25,-0.25,0.0,0.25,0.0,0.0,-0.125,0.0,0.0
2010-07-14 02:00:00,house_2,3,48.0,0.0,0.0,48.0,1.9166666666666667,0.092,48.0,0.0,0.0,0.2,47.954,1.9185052341827584,47.9627,1.9185052341827584,-0.092,-0.092,0.0,0.092,0.0,0.0,-0.046,0.0,0.0
2010-07-14 02:30:00,house_0,1,48.0,0.0,0.0,48.0,50.29166666666666,2.4139999999999997,48.0,0.0,0.0,0.2000036052631578,46.793,51.58891287158335,47.8662,51.58891287158335,-2.4139999999999997,-2.4139999999999997,0.0,2.4139999999999997,0.0,0.0,-1.2069999999999999,0.0,0.0
2010-07-14 02:30:00,house_1,2,48.0,0.0,0.0,48.0,3.5416666666666665,0.17,48.0,0.0,0.0,0.20000494736842106,47.915,3.54794949389544,47.8662,3.54794949389544,-0.17,-0.17,0.0,0.17,0.0,0.0,-0.085,0.0,0.0
2010-07-14 02:30:00,house_2,3,48.0,0.0,0.0,48.0,1.9166666666666667,0.092,48.0,0.0,0.0,0.2,47.954,1.9185052341827584,47.8662,1.9185052341827584,-0.092,-0.092,0.0,0.092,0.0,0.0,-0.046,0.0,0.0
2010-07-14 03:00:00,house_0,1,48.0,0.0,0.0,48.0,21.916666666666668,1.052,48.0,0.0,0.0,0.2000036052631578,47.474,22.159497830391373,47.9301,22.159497830391373,-1.052,-1.052,0.0,1.052,0.0,0.0,-0.526,0.0,0.0
2010-07-14 03:00:00,house_1,2,48.0,0.0,0.0,48.0,5.416666666666667,0.26,48.0,0.0,0.0,0.20000494736842106,47.87,5.431376645080427,47.9301,5.431376645080427,-0.26,-0.26,0.0,0.26,0.0,0.0,-0.13,0.0,0.0
2010-07-14 03:00:00,house_2,3,48.0,0.0,0.0,48.0,1.7916666666666667,0.086,48.0,0.0,0.0,0.2,47.957,1.7932731405217173,47.9301,1.7932731405217173,-0.086,-0.086,0.0,0.086,0.0,0.0,-0.043,0.0,0.0
2010-07-14 03:30:00,house_0,1,48.0,0.0,0.0,48.0,5.916666666666667,0.284,48.0,0.0,0.0,0.2000036052631578,47.858,5.934222073634502,47.9686,5.934222073634502,-0.284,-0.284,0.0,0.284,0.0,0.0,-0.142,0.0,0.0
2010-07-14 03:30:00,house_1,2,48.0,0.0,0.0,48.0,5.083333333333333,0.244,48.0,0.0,0.0,0.20000494736842106,47.878,5.09628639458624,47.9686,5.09628639458624,-0.244,-0.244,0.0,0.244,0.0,0.0,-0.122,0.0,0.0
2010-07-14 03:30:00,house_2,3,48.0,0.0,0.0,48.0,2.0833333333333335,0.1,48.0,0.0,0.0,0.2,47.95,2.0855057351407713,47.9686,2.0855057351407713,-0.1,-0.1,0.0,0.1,0.0,0.0,-0.05,0.0,0.0
2010-07-14 04:00:00,house_0,1,48.0,0.0,0.0,48.0,5.958333333333333,0.286,48.0,0.0,0.0,0.2000036052631578,47.857,5.976137242200723,47.9215,5.976137242200723,-0.286,-0.286,0.0,0.286,0.0,0.0,-0.143,0.0,0.0
2010-07-14 04:00:00,house_1,2,48.0,0.0,0.0,48.0,3.5416666666666665,0.17,48.0,0.0,0.0,0.20000494736842106,47.915,3.54794949389544,47.9215,3.54794949389544,-0.17,-0.17,0.0,0.17,0.0,0.0,-0.085,0.0,0.0
2010-07-14 04:00:00,house_2,3,48.0,0.0,0.0,48.0,23.208333333333332,1.114,48.0,0.0,0.0,0.2,47.443,23.48080854920642,47.9215,23.48080854920642,-1.114,-1.114,0.0,1.114,0.0,0.0,-0.557,0.0,0.0
2010-07-14 04:30:00,house_0,1,48.0,0.0,0.0,48.0,45.458333333333336,2.182,48.0,0.0,0.0,0.2000036052631578,46.909,46.51559402246904,47.8191,46.51559402246904,-2.182,-2.182,0.0,2.182,0.0,0.0,-1.091,0.0,0.0
2010-07-14 04:30:00,house_1,2,48.0,0.0,0.0,48.0,4.458333333333333,0.214,48.0,0.0,0.0,0.20000494736842106,47.893,4.468293905163594,47.8191,4.468293905163594,-0.214,-0.214,0.0,0.214,0.0,0.0,-0.107,0.0,0.0
2010-07-14 04:30:00,house_2,3,48.0,0.0,0.0,48.0,25.45833333333334,1.2220000000000002,48.0,0.0,0.0,0.2,47.389,25.786574943552303,47.8191,25.786574943552303,-1.2220000000000002,-1.2220000000000002,0.0,1.2220000000000002,0.0,0.0,-0.6110000000000001,0.0,0.0
2010-07-14 05:00:00,house_0,1,48.0,0.0,0.0,48.0,16.0,0.768,48.0,0.0,0.0,0.2000036052631578,47.616,16.129032258064516,47.9433,16.129032258064516,-0.768,-0.768,0.0,0.768,0.0,0.0,-0.384,0.0,0.0
2010-07-14 05:00:00,house_1,2,48.0,0.0,0.0,48.0,5.416666666666667,0.26,48.0,0.0,0.0,0.20000494736842106,47.87,5.431376645080427,47.9433,5.431376645080427,-0.26,-0.26,0.0,0.26,0.0,0.0,-0.13,0.0,0.0
2010-07-14 05:00:00,house_2,3,48.0,0.0,0.0,48.0,2.2083333333333335,0.106,48.0,0.0,0.0,0.2,47.947,2.210774396729722,47.9433,2.210774396729722,-0.106,-0.106,0.0,0.106,0.0,0.0,-0.053,0.0,0.0
2010-07-14 05:30:00,house_0,1,48.0,0.0,0.0,48.0,3.4166666666666665,0.164,48.0,0.0,0.0,0.2000036052631578,47.918,3.4225134604950123,47.9765,3.4225134604950123,-0.164,-0.164,0.0,0.164,0.0,0.0,-0.082,0.0,0.0
2010-07-14 05:30:00,house_1,2,48.0,0.0,0.0,48.0,4.083333333333333,0.196,48.0,0.0,0.0,0.20000494736842106,47.902,4.091687194689157,47.9765,4.091687194689157,-0.196,-0.196,0.0,0.196,0.0,0.0,-0.098,0.0,0.0
2010-07-14 05:30:00,house_2,3,48.0,0.0,0.0,48.0,2.2916666666666665,0.11,48.0,0.0,0.0,0.2,47.945,2.2942955469809156,47.9765,2.2942955469809156,-0.11,-0.11,0.0,0.11,0.0,0.0,-0.055,0.0,0.0
2010-07-14 06:00:00,house_0,1,48.0,0.0,0.0,48.0,5.666666666666667,0.272,48.0,0.0,0.0,0.2000036052631578,47.864,5.682767842219622,47.9732,5.682767842219622,-0.272,-0.272,0.0,0.272,0.0,0.0,-0.136,0.0,0.0
2010-07-14 06:00:00,house_1,2,48.0,0.0,0.0,48.0,3.7083333333333335,0.178,48.0,0.0,0.0,0.20000494736842106,47.911,3.7152219740769343,47.9732,3.7152219740769343,-0.178,-0.178,0.0,0.178,0.0,0.0,-0.089,0.0,0.0
2010-07-14 06:00:00,house_2,3,48.0,0.0,0.0,48.0,1.7916666666666667,0.086,48.0,0.0,0.0,0.2,47.957,1.7932731405217173,47.9732,1.7932731405217173,-0.086,-0.086,0.0,0.086,0.0,0.0,-0.043,0.0,0.0
2010-07-14 06:30:00,house_0,1,48.0,0.0,0.0,48.0,3.625,0.174,48.0,0.0,0.0,0.2000036052631578,47.913,3.6315822428151026,47.9654,3.6315822428151026,-0.174,-0.174,0.0,0.174,0.0,0.0,-0.087,0.0,0.0
2010-07-14 06:30:00,house_1,2,48.0,0.0,0.0,48.0,6.75,0.324,48.0,0.0,0.0,0.20000494736842106,47.838,6.772858397090179,47.9654,6.772858397090179,-0.324,-0.324,0.0,0.324,0.0,0.0,-0.162,0.0,0.0
2010-07-14 06:30:00,house_2,3,48.0,0.0,0.0,48.0,4.041666666666667,0.194,48.0,0.0,0.0,0.2,47.903,4.049850740037159,47.9654,4.049850740037159,-0.194,-0.194,0.0,0.194,0.0,0.0,-0.097,0.0,0.0
2010-07-14 07:00:00,house_0,1,48.0,0.0,0.0,48.0,7.166666666666667,0.344,48.0,0.0,0.0,0.2000036052631578,47.828,7.192439575144267,47.927,7.192439575144267,-0.344,-0.344,0.0,0.344,0.0,0.0,-0.172,0.0,0.0
2010-07-14 07:00:00,house_1,2,48.0,0.0,0.0,48.0,19.541666666666668,0.938,48.0,0.0,0.0,0.20000494736842106,47.531,19.73448907029097,47.927,19.73448907029097,-0.938,-0.938,0.0,0.938,0.0,0.0,-0.469,0.0,0.0
2010-07-14 07:00:00,house_2,3,48.0,0.0,0.0,48.0,3.7083333333333335,0.178,48.0,0.0,0.0,0.2,47.911,3.7152219740769343,47.927,3.7152219740769343,-0.178,-0.178,0.0,0.178,0.0,0.0,-0.089,0.0,0.0
2010-07-14 07:30:00,house_0,1,48.0,0.0,0.0,48.0,33.666666666666664,1.616,48.0,0.0,0.0,0.2000036052631578,47.192,34.243092049499914,47.7606,34.243092049499914,-1.616,-1.616,0.0,1.616,0.0,0.0,-0.808,0.0,0.0
2010-07-14 07:30:00,house_1,2,48.0,0.0,0.0,48.0,63.791666666666664,3.062,48.0,0.0,0.0,0.20000494736842106,46.469,65.89339129312015,47.7606,65.89339129312015,-3.062,-3.062,0.0,3.062,0.0,0.0,-1.531,0.0,0.0
2010-07-14 07:30:00,house_2,3,48.0,0.0,0.0,48.0,2.2916666666666665,0.11,48.0,0.0,0.0,0.2,47.945,2.2942955469809156,47.7606,2.2942955469809156,-0.11,-0.11,0.0,0.11,0.0,0.0,-0.055,0.0,0.0
2010-07-14 08:00:00,house_0,1,48.0,0.19841269841269846,0.009523809523809525,48.0,51.0,2.448,48.0,0.0,0.0,0.2000036052631578,46.7807619047619,52.329203294801694,47.71617619047619,52.1256194039878,-2.4384761904761905,-2.4384761904761905,0.0,2.4384761904761905,0.0,0.0,-1.2192380952380952,0.0,0.0
2010-07-14 08:00:00,house_1,2,48.0,0.0,0.0,48.0,65.04166666666667,3.122,48.0,0.0,0.0,0.20000494736842106,46.439,67.22797648528177,47.71617619047619,67.22797648528177,-3.122,-3.122,0.0,3.122,0.0,0.0,-1.561,0.0,0.0
2010-07-14 08:00:00,house_2,3,48.0,0.0,0.0,48.0,2.4166666666666665,0.116,48.0,0.0,0.0,0.2,47.942,2.4195903383254764,47.71617619047619,2.4195903383254764,-0.116,-0.116,0.0,0.116,0.0,0.0,-0.058,0.0,0.0
2010-07-14 08:30:00,house_0,1,48.0,0.6283068783068783,0.03015873015873016,48.0,11.291666666666666,0.542,48.0,0.0,0.0,0.2000036052631578,47.744079365079365,11.352192925442097,47.808907936507936,10.720518159485911,-0.5118412698412699,-0.5118412698412699,0.0,0.5118412698412699,0.0,0.0,-0.25592063492063494,0.0,0.0
2010-07-14 08:30:00,house_1,2,48.0,0.0,0.0,48.0,66.58333333333333,3.196,48.0,0.0,0.0,0.20000494736842106,46.402,68.87634153700272,47.808907936507936,68.87634153700272,-3.196,-3.196,0.0,3.196,0.0,0.0,-1.598,0.0,0.0
2010-07-14 08:30:00,house_2,3,48.0,0.0,0.0,48.0,2.375,0.114,48.0,0.0,0.0,0.2,47.943,2.3778236656029037,47.808907936507936,2.3778236656029037,-0.114,-0.114,0.0,0.114,0.0,0.0,-0.057,0.0,0.0
2010-07-14 09:00:00,house_0,1,48.0,4.332010582010583,0.20793650793650797,48.0,5.041666666666667,0.242,48.0,0.0,0.0,0.2000036052631578,47.98296825396825,5.043456226366035,47.74739682539683,0.70990797991483,-0.03406349206349202,-0.03406349206349202,0.0,0.03406349206349202,0.0,0.0,-0.01703174603174601,0.0,0.0
2010-07-14 09:00:00,house_1,2,48.0,1.929012345679012,0.09259259259259259,48.0,124.5,5.976,48.0,0.0,0.0,0.20000494736842106,45.5,111.92511192511192,47.74739682539683,109.89010989010988,-5.0,-5.883407407407407,0.0,5.883407407407407,0.0,0.0,-2.5,0.0,0.8834074074074074
2010-07-14 09:00:00,house_2,3,48.0,1.625,0.078,48.0,2.0,0.096,48.0,0.0,0.0,0.2,47.991,2.000375070325686,47.74739682539683,0.37507032568606624,-0.018000000000000002,-0.018000000000000002,0.0,0.018000000000000002,0.0,0.0,-0.009000000000000001,0.0,0.0
2010-07-14 09:30:00,house_0,1,48.0,9.722222222222223,0.4666666666666667,48.0,6.75,0.324,48.0,-2.9729166666666664,-0.1427,0.2135601052631578,47.99998333333333,9.72292004268057,47.883853888888886,0.000694444685570995,-3.333333333332966e-05,0.14266666666666666,0.14266666666666666,0.0,0.1427,0.0,-1.666666666666483e-05,0.0,0.0
2010-07-14 09:30:00,house_1,2,48.0,10.648148148148147,0.5111111111111111,48.0,59.041666666666664,2.834,48.0,0.0,0.0,0.20000494736842106,46.83855555555556,60.505708734731826,47.883853888888886,49.59352100714749,-2.322888888888889,-2.322888888888889,0.0,2.322888888888889,0.0,0.0,-1.1614444444444445,0.0,0.0
2010-07-14 09:30:00,house_2,3,48.0,6.250000000000001,0.30000000000000004,48.0,1.75,0.084,48.0,-4.5,-0.216,0.22052000000000002,48.0,6.250000000000001,47.883853888888886,5.782411586589357e-16,2.7755575615628914e-17,0.21600000000000003,0.21600000000000003,0.0,0.216,0.0,1.3877787807814457e-17,0.0,0.0
2010-07-14 10:00:00,house_0,1,48.0,18.18783068783069,0.8730158730158731,48.0,3.7916666666666665,0.182,48.0,-14.395833333333334,-0.691,0.2792051052631578,48.000007936507934,18.18782768058405,47.99999912698413,0.0003306877760131159,1.587301587313572e-05,0.6910158730158731,0.6910158730158731,0.0,0.691,0.0,7.93650793656786e-06,0.0,0.0
2010-07-14 10:00:00,house_1,2,48.0,40.97222222222222,1.9666666666666668,48.0,20.333333333333332,0.976,48.0,-20.639583333333334,-0.9907,0.29412144736842105,47.99998333333333,40.97293089337878,47.99999912698413,0.0006944446855686819,-3.333333333321864e-05,0.9906666666666668,0.9906666666666668,0.0,0.9907,0.0,-1.666666666660932e-05,0.0,0.0
2010-07-14 10:00:00,house_2,3,48.0,8.625000000000002,0.41400000000000003,48.0,1.7083333333333333,0.082,48.0,-6.916666666666667,-0.332,0.25206,48.0,8.625000000000002,47.99999912698413,0.0,0.0,0.332,0.332,0.0,0.332,0.0,0.0,0.0,0.0
2010-07-14 10:30:00,house_0,1,48.0,23.97486772486772,1.1507936507936507,48.0,20.125,0.966,48.0,-3.8499999999999996,-0.1848,0.2967611052631578,47.99999682539683,23.97500158564825,48.000001164021164,0.00013227514102460254,-6.349206349259839e-06,0.18479365079365073,0.18479365079365073,0.0,0.1848,0.0,-3.1746031746299197e-06,0.0,0.0
2010-07-14 10:30:00,house_1,2,48.0,44.36728395061727,2.1296296296296293,48.0,30.333333333333332,1.456,48.0,-14.033333333333333,-0.6736,0.35811344736842105,48.00001481481481,44.36727025701534,48.000001164021164,0.0006172837600923971,2.962962962937965e-05,0.6736296296296294,0.6736296296296294,0.0,0.6736,0.0,1.4814814814689825e-05,0.0,0.0
2010-07-14 10:30:00,house_2,3,48.0,37.49999999999999,1.7999999999999998,48.0,2.25,0.108,48.0,-35.25,-1.692,0.41280000000000006,48.0,37.5,48.000001164021164,4.625929269271485e-15,-2.220446049250313e-16,1.6919999999999997,1.6919999999999997,0.0,1.692,0.0,-1.1102230246251565e-16,0.0,0.0
2010-07-14 11:00:00,house_0,1,48.0,27.910052910052908,1.3396825396825396,48.0,30.083333333333332,1.444,48.0,2.1729166666666666,0.1043,0.2857821578947367,47.99999126984127,30.08333880484006,48.00340023809524,0.00036375667991695896,-1.7460317460360475e-05,-0.10431746031746036,0.0,0.10431746031746036,0.0,0.1043,-8.730158730180237e-06,0.0,0.0
2010-07-14 11:00:00,house_1,2,48.0,46.2962962962963,2.2222222222222223,48.0,37.833333333333336,1.816,48.0,-8.4625,-0.4062,0.3967024473684211,48.000011111111114,46.296285579563516,48.00340023809524,0.0004629628557963552,2.2222222222256782e-05,0.40622222222222226,0.40622222222222226,0.0,0.4062,0.0,1.1111111111128391e-05,0.0,0.0
2010-07-14 11:00:00,house_2,3,48.0,45.375,2.178,48.0,2.2916666666666665,0.11,48.0,-41.666666666666664,-2.0,0.6028,48.034,45.342882125161346,48.00340023809524,1.415663904734148,0.06800000000000006,2.068,2.068,0.0,2.0,0.0,0.03400000000000003,0.0,0.0
2010-07-14 11:30:00,house_0,1,48.0,31.61375661375661,1.5174603174603174,48.0,46.083333333333336,2.212,48.0,14.46875,0.6945,0.21267689473684198,47.99998015873016,46.08335238233812,48.00700023809524,0.0008267199184574328,-3.968253968278379e-05,-0.6945396825396828,0.0,0.6945396825396828,0.0,0.6945,-1.9841269841391895e-05,0.0,0.0
2010-07-14 11:30:00,house_1,2,48.0,46.75925925925926,2.2444444444444445,48.0,5.625,0.27,48.0,-41.13333333333333,-1.9744,0.584270447368421,48.00002222222222,46.759237611464066,48.00700023809524,0.0009259254972581542,4.4444444444513564e-05,1.9744444444444444,1.9744444444444444,0.0,1.9744,0.0,2.2222222222256782e-05,0.0,0.0
2010-07-14 11:30:00,house_2,3,48.0,46.875,2.25,48.0,2.2916666666666665,0.11,48.0,-41.666666666666664,-2.0,0.7928,48.07,46.80674017058456,48.00700023809524,2.912419388391931,0.14000000000000012,2.14,2.14,0.0,2.0,0.0,0.07000000000000006,0.0,0.0
2010-07-14 12:00:00,house_0,1,48.0,35.350529100529094,1.6968253968253966,48.0,26.166666666666668,1.256,48.0,-9.183333333333334,-0.4408,0.254552894736842,48.0000126984127,35.350519748539746,48.05199978835979,0.0005291003891209304,2.5396825396539757e-05,0.44082539682539656,0.44082539682539656,0.0,0.4408,0.0,1.2698412698269879e-05,0.0,0.0
2010-07-14 12:00:00,house_1,2,48.0,47.29938271604937,2.27037037037037,48.0,4.333333333333333,0.208,48.0,-41.666666666666664,-2.0,0.774270447368421,48.03118518518519,47.26867266791173,48.05199978835979,1.2985390664398508,0.062370370370369965,2.06237037037037,2.06237037037037,0.0,2.0,0.0,0.031185185185184983,0.0,0.0
2010-07-14 12:00:00,house_2,3,48.0,46.125,2.214,48.0,2.25,0.108,48.0,-23.508333333333336,-1.1284,0.8999980000000001,48.4888,45.66002870766033,48.05199978835979,20.16135684941677,0.9775999999999998,2.106,2.106,0.0,1.1284,0.0,0.4887999999999999,0.0,0.0
2010-07-14 12:30:00,house_0,1,48.0,39.054232804232804,1.8746031746031746,48.0,9.791666666666666,0.47,48.0,-29.262500000000003,-1.4046,0.387989894736842,48.00000158730159,39.05423151275689,48.138437821087805,6.613756394958897e-05,3.1746031745605308e-06,1.4046031746031746,1.4046031746031746,0.0,1.4046,0.0,1.5873015872802654e-06,0.0,0.0
2010-07-14 12:30:00,house_1,2,48.0,46.2962962962963,2.2222222222222223,48.0,4.5,0.216,48.0,-27.572270313942767,-1.3234689750692528,0.8999999999999999,48.34137662357649,45.96936159940522,48.138437821087805,14.12357890569432,0.6827532471529694,2.006222222222222,2.006222222222222,0.0,1.3234689750692528,0.0,0.3413766235764847,0.0,0.0
2010-07-14 12:30:00,house_2,3,48.0,45.375,2.178,48.0,1.9166666666666667,0.092,48.0,0.0,0.0,0.8999980000000001,49.043,44.41000754439981,48.138437821087805,42.53410272617907,2.086,2.086,2.086,0.0,0.0,0.0,1.043,0.0,0.0
2010-07-14 13:00:00,house_0,1,48.0,41.53439153439154,1.9936507936507937,48.0,23.708333333333332,1.138,48.0,-17.827083333333334,-0.8557,0.46928139473684194,47.9999753968254,41.53543795632567,48.19009013227513,0.0010251328005784295,-4.920634920624334e-05,0.8556507936507938,0.8556507936507938,0.0,0.8557,0.0,-2.460317460312167e-05,0.0,0.0
2010-07-14 13:00:00,house_1,2,48.0,44.83024691358025,2.151851851851852,48.0,5.916666666666667,0.284,48.0,0.0,0.0,0.8999999999999999,48.93392592592593,43.974641542336755,48.19009013227513,38.17089711296261,1.8678518518518519,1.8678518518518519,1.8678518518518519,0.0,0.0,0.0,0.9339259259259259,0.0,0.0
2010-07-14 13:00:00,house_2,3,48.0,42.25,2.028,48.0,1.9583333333333333,0.094,48.0,0.0,0.0,0.8999980000000001,48.967,41.41564727265301,48.19009013227513,39.49598709334858,1.934,1.934,1.934,0.0,0.0,0.0,0.967,0.0,0.0
2010-07-14 13:30:00,house_0,1,48.0,42.5925925925926,2.0444444444444447,48.0,36.958333333333336,1.774,48.0,-5.633333333333333,-0.2704,0.49496939473684193,48.00002222222222,42.59257287380886,48.16153555555555,0.0009259254972627802,4.444444444473561e-05,0.2704444444444447,0.2704444444444447,0.0,0.2704,0.0,2.2222222222367805e-05,0.0,0.0
2010-07-14 13:30:00,house_1,2,48.0,40.97222222222222,1.9666666666666668,48.0,9.25,0.444,48.0,0.0,0.0,0.8999999999999999,48.76133333333333,40.33250389653004,48.16153555555555,31.226928440567665,1.5226666666666668,1.5226666666666668,1.5226666666666668,0.0,0.0,0.0,0.7613333333333334,0.0,0.0
2010-07-14 13:30:00,house_2,3,48.0,37.49999999999999,1.7999999999999998,48.0,1.9166666666666667,0.092,48.0,0.0,0.0,0.8999980000000001,48.854,36.84447537560895,48.16153555555555,34.96131330085561,1.7079999999999997,1.7079999999999997,1.7079999999999997,0.0,0.0,0.0,0.8539999999999999,0.0,0.0
2010-07-14 14:00:00,house_0,1,48.0,40.310846560846564,1.9349206349206352,48.0,47.541666666666664,2.282,48.0,7.23125,0.3471,0.4584325526315788,48.000010317460315,47.542086341813466,48.15848251322751,0.00042989408749433047,2.063492063514305e-05,-0.3470793650793649,0.0,0.3470793650793649,0.0,0.3471,1.0317460317571525e-05,0.0,0.0
2010-07-14 14:00:00,house_1,2,48.0,38.117283950617285,1.8296296296296295,48.0,5.291666666666667,0.254,48.0,0.0,0.0,0.8999999999999999,48.787814814814816,37.50177450198175,48.15848251322751,32.29555649520865,1.5756296296296295,1.5756296296296295,1.5756296296296295,0.0,0.0,0.0,0.7878148148148147,0.0,0.0
2010-07-14 14:00:00,house_2,3,48.0,35.12500000000001,1.6860000000000002,48.0,1.9166666666666667,0.092,48.0,0.0,0.0,0.8999980000000001,48.797,34.5513043834662,48.15848251322751,32.6659425784372,1.594,1.594,1.594,0.0,0.0,0.0,0.797,0.0,0.0
2010-07-14 14:30:00,house_0,1,48.0,36.574074074074076,1.7555555555555558,48.0,56.666666666666664,2.72,48.0,20.09166666666667,0.9644,0.35691676315789456,47.99997777777778,56.66669290124671,48.13100148148148,0.0009259263545946616,-4.444444444440254e-05,-0.9644444444444444,0.0,0.9644444444444444,0.0,0.9644,-2.222222222220127e-05,0.0,0.0
2010-07-14 14:30:00,house_1,2,48.0,32.79320987654321,1.574074074074074,48.0,6.833333333333333,0.328,48.0,0.0,0.0,0.8999999999999999,48.62303703703704,32.37301020244938,48.13100148148148,25.62723659414604,1.246074074074074,1.246074074074074,1.246074074074074,0.0,0.0,0.0,0.623037037037037,0.0,0.0
2010-07-14 14:30:00,house_2,3,48.0,30.5,1.464,48.0,1.875,0.09,48.0,0.0,0.0,0.8999980000000001,48.687,30.06962844291084,48.13100148148148,28.221085710764683,1.3739999999999999,1.3739999999999999,1.3739999999999999,0.0,0.0,0.0,0.6869999999999999,0.0,0.0
2010-07-14 15:00:00,house_0,1,48.0,31.84523809523809,1.5285714285714285,48.0,67.20833333333333,3.226,48.0,31.056249999999995,1.4907,0.20000097368421033,47.896635714285715,67.35337361153758,48.0706894973545,4.316139710975826,-0.2067285714285716,-1.6974285714285715,0.0,1.6974285714285715,0.0,1.4907,-0.1033642857142858,0.0,0.0
2010-07-14 15:00:00,house_1,2,48.0,27.469135802469136,1.3185185185185184,48.0,6.083333333333333,0.292,48.0,0.0,0.0,0.8999999999999999,48.51325925925926,27.178518587511014,48.0706894973545,21.15954553852402,1.0265185185185184,1.0265185185185184,1.0265185185185184,0.0,0.0,0.0,0.5132592592592592,0.0,0.0
2010-07-14 15:00:00,house_2,3,48.0,23.5,1.1280000000000001,48.0,11.125,0.534,48.0,0.0,0.0,0.8999980000000001,48.297,23.355487918504256,48.0706894973545,12.298900552829371,0.5940000000000001,0.5940000000000001,0.5940000000000001,0.0,0.0,0.0,0.29700000000000004,0.0,0.0
2010-07-14 15:30:00,house_0,1,48.0,26.058201058201064,1.250793650793651,48.0,56.791666666666664,2.726,48.0,0.0,0.0,0.20000097368421033,47.26239682539683,57.67798891094669,48.000543386243386,31.21310911624429,-1.475206349206349,-1.475206349206349,0.0,1.475206349206349,0.0,0.0,-0.7376031746031745,0.0,0.0
2010-07-14 15:30:00,house_1,2,48.0,20.293209876543212,0.9740740740740741,48.0,3.5,0.168,48.0,0.0,0.0,0.8999999999999999,48.40303703703704,20.12423462868109,48.000543386243386,16.65337804025153,0.806074074074074,0.806074074074074,0.806074074074074,0.0,0.0,0.0,0.403037037037037,0.0,0.0
2010-07-14 15:30:00,house_2,3,48.0,16.375,0.786,48.0,2.2083333333333335,0.106,48.0,0.0,0.0,0.8999980000000001,48.34,16.259826230864707,48.000543386243386,14.06702523789822,0.68,0.68,0.68,0.0,0.0,0.0,0.34,0.0,0.0
2010-07-14 16:00:00,house_0,1,48.0,14.682539682539684,0.7047619047619048,48.0,61.125,2.934,48.0,0.0,0.0,0.20000097368421033,46.885380952380956,62.57814142493395,47.92183439153439,47.54654969109063,-2.2292380952380952,-2.2292380952380952,0.0,2.2292380952380952,0.0,0.0,-1.1146190476190476,0.0,0.0
2010-07-14 16:00:00,house_1,2,48.0,13.040123456790125,0.625925925925926,48.0,6.291666666666667,0.302,48.0,0.0,0.0,0.8999999999999999,48.16196296296296,12.996271069916094,47.92183439153439,6.7257625312122,0.323925925925926,0.323925925925926,0.323925925925926,0.0,0.0,0.0,0.161962962962963,0.0,0.0
2010-07-14 16:00:00,house_2,3,48.0,9.374999999999998,0.44999999999999996,48.0,2.25,0.108,48.0,0.0,0.0,0.8999980000000001,48.171,9.341720122065142,47.92183439153439,7.099707292769508,0.34199999999999997,0.34199999999999997,0.34199999999999997,0.0,0.0,0.0,0.17099999999999999,0.0,0.0
2010-07-14 16:30:00,house_0,1,48.0,1.8518518518518519,0.08888888888888889,48.0,13.875,0.666,48.0,0.0,0.0,0.20000097368421033,47.711444444444446,13.95891505182777,47.971144074074076,12.09586332652543,-0.5771111111111111,-0.5771111111111111,0.0,0.5771111111111111,0.0,0.0,-0.28855555555555557,0.0,0.0
2010-07-14 16:30:00,house_1,2,48.0,1.929012345679012,0.09259259259259259,48.0,6.416666666666667,0.308,48.0,4.4875,0.2154,0.8773263157894737,47.999996296296295,6.416667161779873,47.971144074074076,0.00015432099956166003,-7.407407407400424e-06,-0.2154074074074074,0.0,0.2154074074074074,0.0,0.2154,-3.703703703700212e-06,0.0,0.0
2010-07-14 16:30:00,house_2,3,48.0,0.7500000000000001,0.036000000000000004,48.0,2.25,0.108,48.0,1.5,0.072,0.892419052631579,48.0,2.25,47.971144074074076,0.0,0.0,-0.072,0.0,0.072,0.0,0.072,0.0,0.0,0.0
2010-07-14 17:00:00,house_0,1,48.0,0.19841269841269846,0.009523809523809525,48.0,8.541666666666666,0.41,48.0,0.0,0.0,0.20000097368421033,47.79976190476191,8.577448582628923,47.979976190476194,8.378204713113732,-0.40047619047619043,-0.40047619047619043,0.0,0.40047619047619043,0.0,0.0,-0.20023809523809522,0.0,0.0
2010-07-14 17:00:00,house_1,2,48.0,0.0,0.0,48.0,31.291666666666668,1.502,48.0,31.291666666666668,1.502,0.719221052631579,48.0,31.291666666666668,47.979976190476194,0.0,0.0,-1.502,0.0,1.502,0.0,1.502,0.0,0.0,0.0
2010-07-14 17:00:00,house_2,3,48.0,0.7500000000000001,0.036000000000000004,48.0,2.2083333333333335,0.106,48.0,1.4583333333333333,0.07,0.8850506315789475,48.0,2.2083333333333335,47.979976190476194,2.8912057932946783e-16,1.3877787807814457e-17,-0.06999999999999999,0.0,0.06999999999999999,0.0,0.07,6.938893903907228e-18,0.0,0.0
2010-07-14 17:30:00,house_0,1,48.0,0.0,0.0,48.0,38.041666666666664,1.826,48.0,0.0,0.0,0.20000097368421033,47.087,38.7792809055578,47.8503,38.7792809055578,-1.826,-1.826,0.0,1.826,0.0,0.0,-0.913,0.0,0.0
2010-07-14 17:30:00,house_1,2,48.0,0.0,0.0,48.0,66.0,3.168,48.0,41.666666666666664,2.0,0.5086947368421053,47.416,66.81289016365784,47.8503,24.633035262358703,-1.1680000000000001,-3.168,0.0,3.168,0.0,2.0,-0.5840000000000001,0.0,0.0
2010-07-14 17:30:00,house_2,3,48.0,0.0,0.0,48.0,2.5833333333333335,0.124,48.0,2.5833333333333335,0.124,0.8719980000000003,48.0,2.5833333333333335,47.8503,0.0,0.0,-0.124,0.0,0.124,0.0,0.124,0.0,0.0,0.0
2010-07-14 18:00:00,house_0,1,48.0,0.0,0.0,48.0,35.833333333333336,1.72,48.0,0.0,0.0,0.20000097368421033,47.14,36.487059821807385,47.8579,36.487059821807385,-1.72,-1.72,0.0,1.72,0.0,0.0,-0.86,0.0,0.0
2010-07-14 18:00:00,house_1,2,48.0,0.0,0.0,48.0,65.04166666666667,3.122,48.0,41.666666666666664,2.0,0.29816842105263164,47.439,65.8108307510698,47.8579,23.65142604186429,-1.1219999999999999,-3.122,0.0,3.122,0.0,2.0,-0.5609999999999999,0.0,0.0
2010-07-14 18:00:00,house_2,3,48.0,0.0,0.0,48.0,4.083333333333333,0.196,48.0,4.083333333333333,0.196,0.8513664210526319,48.0,4.083333333333333,47.8579,0.0,0.0,-0.196,0.0,0.196,0.0,0.196,0.0,0.0,0.0
2010-07-14 18:30:00,house_0,1,48.0,0.0,0.0,48.0,11.25,0.54,48.0,0.0,0.0,0.20000097368421033,47.73,11.313639220615965,47.81523,11.313639220615965,-0.54,-0.54,0.0,0.54,0.0,0.0,-0.27,0.0,0.0
2010-07-14 18:30:00,house_1,2,48.0,0.0,0.0,48.0,85.16666666666667,4.088,48.0,19.429166666666667,0.9326,0.20000000000000007,46.4223,88.06112579514587,47.81523,67.9716429388462,-3.1554,-4.088,0.0,4.088,0.0,0.9326,-1.5777,0.0,0.0
2010-07-14 18:30:00,house_2,3,48.0,0.0,0.0,48.0,19.041666666666668,0.914,48.0,19.041666666666668,0.914,0.7551558947368426,48.0,19.041666666666668,47.81523,0.0,0.0,-0.914,0.0,0.914,0.0,0.914,0.0,0.0,0.0
2010-07-14 19:00:00,house_0,1,48.0,0.0,0.0,48.0,28.666666666666668,1.376,48.0,0.0,0.0,0.20000097368421033,47.312,29.083530605343256,47.7172,29.083530605343256,-1.376,-1.376,0.0,1.376,0.0,0.0,-0.688,0.0,0.0
2010-07-14 19:00:00,house_1,2,48.0,0.0,0.0,48.0,82.75,3.972,48.0,0.0,0.0,0.20000000000000007,46.014,86.32155430955795,47.7172,86.32155430955795,-3.972,-3.972,0.0,3.972,0.0,0.0,-1.986,0.0,0.0
2010-07-14 19:00:00,house_2,3,48.0,0.0,0.0,48.0,48.083333333333336,2.308,48.0,41.666666666666664,2.0,0.5446295789473691,47.846000000000004,48.238097228608446,47.7172,6.437319734147051,-0.30799999999999983,-2.308,0.0,2.308,0.0,2.0,-0.15399999999999991,0.0,0.0
2010-07-14 19:30:00,house_0,1,48.0,0.0,0.0,48.0,12.583333333333334,0.604,48.0,0.0,0.0,0.20000097368421033,47.698,12.663004738144156,47.784,12.663004738144156,-0.604,-0.604,0.0,0.604,0.0,0.0,-0.302,0.0,0.0
2010-07-14 19:30:00,house_1,2,48.0,0.0,0.0,48.0,75.33333333333333,3.616,48.0,0.0,0.0,0.20000000000000007,46.192,78.28195358503638,47.784,78.28195358503638,-3.616,-3.616,0.0,3.616,0.0,0.0,-1.808,0.0,0.0
2010-07-14 19:30:00,house_2,3,48.0,0.0,0.0,48.0,43.75,2.1,48.0,41.666666666666664,2.0,0.3341032631578954,47.95,43.7956204379562,47.784,2.085505735140773,-0.10000000000000009,-2.1,0.0,2.1,0.0,2.0,-0.050000000000000044,0.0,0.0
2010-07-14 20:00:00,house_0,1,48.0,0.0,0.0,48.0,11.333333333333334,0.544,48.0,0.0,0.0,0.20000097368421033,47.728,11.397921555481059,47.80079905,11.397921555481059,-0.544,-0.544,0.0,0.544,0.0,0.0,-0.272,0.0,0.0
2010-07-14 20:00:00,house_1,2,48.0,0.0,0.0,48.0,36.958333333333336,1.774,48.0,0.0,0.0,0.20000000000000007,47.113,37.65415065905376,47.80079905,37.65415065905376,-1.774,-1.774,0.0,1.774,0.0,0.0,-0.887,0.0,0.0
2010-07-14 20:00:00,house_2,3,48.0,0.0,0.0,48.0,61.25,2.94,48.0,26.54127083333346,1.273981000000006,0.2,47.166990500000004,62.33172752457038,47.80079905,35.32171508801253,-1.666018999999994,-2.94,0.0,2.94,0.0,1.273981000000006,-0.833009499999997,0.0,0.0
2010-07-14 20:30:00,house_0,1,48.0,0.0,0.0,48.0,8.25,0.396,48.0,0.0,0.0,0.20000097368421033,47.802,8.284172210367768,47.6659,8.284172210367768,-0.396,-0.396,0.0,0.396,0.0,0.0,-0.198,0.0,0.0
2010-07-14 20:30:00,house_1,2,48.0,0.0,0.0,48.0,93.125,4.47,48.0,0.0,0.0,0.20000000000000007,45.765,97.67289413307113,47.6659,97.67289413307113,-4.47,-4.47,0.0,4.47,0.0,0.0,-2.235,0.0,0.0
2010-07-14 20:30:00,house_2,3,48.0,0.0,0.0,48.0,37.833333333333336,1.816,48.0,0.0,0.0,0.2,47.092,38.56281321668224,47.6659,38.56281321668224,-1.816,-1.816,0.0,1.816,0.0,0.0,-0.908,0.0,0.0
2010-07-14 21:00:00,house_0,1,48.0,0.0,0.0,48.0,12.208333333333334,0.586,48.0,0.0,0.0,0.20000097368421033,47.707,12.283312721403567,47.857,12.283312721403567,-0.586,-0.586,0.0,0.586,0.0,0.0,-0.293,0.0,0.0
2010-07-14 21:00:00,house_1,2,48.0,0.0,0.0,48.0,10.625,0.51,48.0,0.0,0.0,0.20000000000000007,47.745,10.681746779767515,47.857,10.681746779767515,-0.51,-0.51,0.0,0.51,0.0,0.0,-0.255,0.0,0.0
2010-07-14 21:00:00,house_2,3,48.0,0.0,0.0,48.0,36.75,1.764,48.0,0.0,0.0,0.2,47.118,37.43792181331975,47.857,37.43792181331975,-1.764,-1.764,0.0,1.764,0.0,0.0,-0.882,0.0,0.0
2010-07-14 21:30:00,house_0,1,48.0,0.0,0.0,48.0,20.25,0.972,48.0,0.0,0.0,0.20000097368421033,47.514,20.457128425306223,47.8381,20.457128425306223,-0.972,-0.972,0.0,0.972,0.0,0.0,-0.486,0.0,0.0
2010-07-14 21:30:00,house_1,2,48.0,0.0,0.0,48.0,10.666666666666666,0.512,48.0,0.0,0.0,0.20000000000000007,47.744,10.723860589812332,47.8381,10.723860589812332,-0.512,-0.512,0.0,0.512,0.0,0.0,-0.256,0.0,0.0
2010-07-14 21:30:00,house_2,3,48.0,0.0,0.0,48.0,36.541666666666664,1.754,48.0,0.0,0.0,0.2,47.123,37.22173885363835,47.8381,37.22173885363835,-1.754,-1.754,0.0,1.754,0.0,0.0,-0.877,0.0,0.0
2010-07-14 22:00:00,house_0,1,48.0,0.0,0.0,48.0,13.5,0.648,48.0,0.0,0.0,0.20000097368421033,47.676,13.591744273848477,47.832,13.591744273848477,-0.648,-0.648,0.0,0.648,0.0,0.0,-0.324,0.0,0.0
2010-07-14 22:00:00,house_1,2,48.0,0.0,0.0,48.0,19.666666666666668,0.944,48.0,0.0,0.0,0.20000000000000007,47.528,19.86197609829995,47.832,19.86197609829995,-0.944,-0.944,0.0,0.944,0.0,0.0,-0.472,0.0,0.0
2010-07-14 22:00:00,house_2,3,48.0,0.0,0.0,48.0,36.833333333333336,1.768,48.0,0.0,0.0,0.2,47.116,37.52440784446897,47.832,37.52440784446897,-1.768,-1.768,0.0,1.768,0.0,0.0,-0.884,0.0,0.0
2010-07-14 22:30:00,house_0,1,48.0,0.0,0.0,48.0,24.875,1.194,48.0,0.0,0.0,0.20000097368421033,47.403,25.188279222833998,47.8272,25.188279222833998,-1.194,-1.194,0.0,1.194,0.0,0.0,-0.597,0.0,0.0
2010-07-14 22:30:00,house_1,2,48.0,0.0,0.0,48.0,10.166666666666666,0.488,48.0,0.0,0.0,0.20000000000000007,47.756,10.218611273976045,47.8272,10.218611273976045,-0.488,-0.488,0.0,0.488,0.0,0.0,-0.244,0.0,0.0
2010-07-14 22:30:00,house_2,3,48.0,0.0,0.0,48.0,36.958333333333336,1.774,48.0,0.0,0.0,0.2,47.113,37.65415065905376,47.8272,37.65415065905376,-1.774,-1.774,0.0,1.774,0.0,0.0,-0.887,0.0,0.0
2010-07-14 23:00:00,house_0,1,48.0,0.0,0.0,48.0,4.791666666666667,0.23,48.0,0.0,0.0,0.20000097368421033,47.885,4.803174271692597,47.8968,4.803174271692597,-0.23,-0.23,0.0,0.23,0.0,0.0,-0.115,0.0,0.0
2010-07-14 23:00:00,house_1,2,48.0,0.0,0.0,48.0,10.291666666666666,0.494,48.0,0.0,0.0,0.20000000000000007,47.753,10.3448997968714,47.8968,10.3448997968714,-0.494,-0.494,0.0,0.494,0.0,0.0,-0.247,0.0,0.0
2010-07-14 23:00:00,house_2,3,48.0,0.0,0.0,48.0,27.916666666666668,1.34,48.0,0.0,0.0,0.2,47.33,28.311852947390662,47.8968,28.311852947390662,-1.34,-1.34,0.0,1.34,0.0,0.0,-0.67,0.0,0.0
2010-07-14 23:30:00,house_0,1,48.0,0.0,0.0,48.0,5.666666666666667,0.272,48.0,0.0,0.0,0.20000097368421033,47.864,5.682767842219622,47.9521,5.682767842219622,-0.272,-0.272,0.0,0.272,0.0,0.0,-0.136,0.0,0.0
2010-07-14 23:30:00,house_1,2,48.0,0.0,0.0,48.0,11.625,0.558,48.0,0.0,0.0,0.20000000000000007,47.721,11.692965361161754,47.9521,11.692965361161754,-0.558,-0.558,0.0,0.558,0.0,0.0,-0.279,0.0,0.0
2010-07-14 23:30:00,house_2,3,48.0,0.0,0.0,48.0,2.6666666666666665,0.128,48.0,0.0,0.0,0.2,47.936,2.67022696929239,47.9521,2.67022696929239,-0.128,-0.128,0.0,0.128,0.0,0.0,-0.064,0.0,0.0
2010-07-15 00:00:00,house_0,1,48.0,0.0,0.0,48.0,58.75,2.82,48.0,0.0,0.0,0.20000097368421033,46.59,60.52801030264005,47.8289,60.52801030264005,-2.82,-2.82,0.0,2.82,0.0,0.0,-1.41,0.0,0.0
2010-07-15 00:00:00,house_1,2,48.0,0.0,0.0,48.0,10.041666666666666,0.482,48.0,0.0,0.0,0.20000000000000007,47.759,10.09233861680521,47.8289,10.09233861680521,-0.482,-0.482,0.0,0.482,0.0,0.0,-0.241,0.0,0.0
2010-07-15 00:00:00,house_2,3,48.0,0.0,0.0,48.0,2.5,0.12,48.0,0.0,0.0,0.2,47.94,2.5031289111389237,47.8289,2.5031289111389237,-0.12,-0.12,0.0,0.12,0.0,0.0,-0.06,0.0,0.0
